code,start_date,end_date
sh.688502,2024-11-29,2025-01-15
sz.002855,2024-11-18,2025-01-02
sz.002583,2024-11-19,2025-01-03
sz.300930,2024-11-18,2025-01-02
sz.300497,2024-11-28,2025-01-14
sz.002583,2024-11-18,2025-01-02
sz.002824,2024-11-18,2025-01-02
sz.000421,2024-11-29,2025-02-06
sz.300497,2024-11-29,2025-01-15
sh.600650,2024-11-19,2025-01-03
sh.600206,2024-11-20,2025-01-06
sz.000973,2024-11-21,2025-01-07
sz.002757,2024-11-18,2025-01-02
sz.000573,2024-11-21,2025-01-07
sh.688726,2024-11-29,2025-01-15
sh.603776,2024-11-20,2025-01-20
sh.603268,2024-11-21,2025-01-07
sz.002095,2024-11-28,2025-01-14
sz.002227,2024-11-18,2025-01-02
sz.301111,2024-11-29,2025-01-15
sz.002227,2024-11-19,2025-01-03
sz.000833,2024-11-22,2025-01-08
sz.301313,2024-11-29,2025-01-15
sh.600463,2024-11-29,2025-01-15
sh.600410,2024-11-29,2025-01-15
sh.688726,2024-11-27,2025-01-13
sz.300374,2024-11-18,2025-01-02
sz.002816,2024-11-29,2025-01-15
sh.600650,2024-11-20,2025-01-06
sz.002344,2024-11-20,2025-01-06
sz.300822,2024-11-26,2025-01-10
sh.688448,2024-11-29,2025-01-15
sh.603955,2024-11-21,2025-01-07
sz.000859,2024-11-28,2025-02-05
sz.300127,2024-11-29,2025-01-15
sh.688062,2024-11-28,2025-01-14
sz.000962,2024-11-29,2025-01-15
sh.688503,2024-11-29,2025-01-15
sz.300295,2024-11-29,2025-01-15
sz.300165,2024-11-28,2025-01-15
sh.603366,2024-11-29,2025-01-15
sh.688115,2024-11-29,2025-01-15
sh.600963,2024-11-20,2025-01-06
sz.000973,2024-11-22,2025-01-08
sz.002787,2024-11-26,2025-01-10
sh.603004,2024-11-20,2025-01-06
sh.603366,2024-11-25,2025-01-09
sz.301392,2024-11-29,2025-01-15
sh.688559,2024-11-28,2025-01-14
sh.600206,2024-11-27,2025-01-13
sz.002583,2024-11-20,2025-01-06
sz.002167,2024-11-27,2025-01-13
sh.688512,2024-11-28,2025-01-14
sh.600206,2024-11-28,2025-01-14
sz.300173,2024-11-28,2025-01-14
sz.002846,2024-11-27,2025-01-13
sh.600963,2024-11-19,2025-01-03
sh.600327,2024-11-27,2025-01-13
sz.300952,2024-11-29,2025-01-15
sh.688196,2024-11-29,2025-01-15
sh.605199,2024-11-29,2025-01-15
sh.600470,2024-11-21,2025-01-07
sh.688660,2024-11-29,2025-01-15
sz.003036,2024-11-21,2025-01-07
sz.300127,2024-11-28,2025-01-14
sz.300165,2024-11-29,2025-01-16
sh.603268,2024-11-22,2025-01-08
sz.002131,2024-11-29,2025-01-15
sz.300822,2024-11-27,2025-01-13
sh.603268,2024-11-18,2025-01-02
sh.603079,2024-11-20,2025-01-06
sh.688502,2024-11-28,2025-01-14
sh.603004,2024-11-21,2025-01-07
sz.300822,2024-11-29,2025-01-15
sh.688037,2024-11-28,2025-01-14
sz.002167,2024-11-28,2025-01-14
sz.001205,2024-11-19,2025-01-03
sz.002865,2024-11-28,2025-01-14
sz.301631,2024-11-22,2025-01-08
sh.600410,2024-11-28,2025-01-14
sz.301011,2024-11-26,2025-01-10
sz.301066,2024-11-29,2025-01-15
sh.600203,2024-11-18,2025-01-02
sz.300097,2024-11-29,2025-01-16
sz.300010,2024-11-29,2025-01-15
sh.603063,2024-11-29,2025-01-15
sz.002787,2024-11-29,2025-01-15
sz.000833,2024-11-25,2025-01-09
sh.605100,2024-11-21,2025-01-07
sh.603779,2024-11-29,2025-01-15
sh.600676,2024-11-18,2025-01-02
sh.600843,2024-11-27,2025-01-14
sz.000605,2024-11-19,2025-01-03
sh.603063,2024-11-28,2025-01-14
sh.600605,2024-11-28,2025-01-14
sh.688678,2024-11-18,2025-01-02
sz.002633,2024-11-29,2025-01-15
sh.688262,2024-11-28,2025-01-14
sz.300997,2024-11-28,2025-01-14
sz.300097,2024-11-26,2025-01-13
sh.600246,2024-11-20,2025-01-06
sz.002095,2024-11-27,2025-01-13
sh.600641,2024-11-25,2025-01-10
sh.600416,2024-11-19,2025-01-03
sh.688552,2024-11-29,2025-01-15
sh.688656,2024-11-21,2025-01-07
sh.603863,2024-11-20,2025-01-06
sh.688293,2024-11-29,2025-01-15
sh.603395,2024-11-26,2025-01-10
sz.000716,2024-11-29,2025-01-15
sh.688090,2024-11-22,2025-01-08
sz.300220,2024-11-26,2025-01-10
sh.688656,2024-11-27,2025-01-13
sz.301011,2024-11-25,2025-01-09
sz.002787,2024-11-28,2025-01-14
sz.300135,2024-11-29,2025-01-15
sh.688090,2024-11-26,2025-01-10
sz.300097,2024-11-27,2025-01-14
sz.300497,2024-11-26,2025-01-10
sh.688090,2024-11-21,2025-01-07
sz.301011,2024-11-28,2025-01-14
sz.002227,2024-11-20,2025-01-06
sz.001296,2024-11-18,2025-01-02
sh.688568,2024-11-29,2025-01-15
sh.600732,2024-11-29,2025-01-15
sh.688172,2024-11-18,2025-01-02
sh.603268,2024-11-20,2025-01-06
sh.603079,2024-11-19,2025-01-03
sz.001255,2024-11-18,2025-01-02
sh.688559,2024-11-29,2025-01-15
sh.600963,2024-11-18,2025-01-02
sz.002194,2024-11-18,2025-01-02
sh.688172,2024-11-19,2025-01-03
sh.603268,2024-11-27,2025-01-13
sz.002344,2024-11-19,2025-01-03
sz.002469,2024-11-19,2025-01-03
sh.688090,2024-11-27,2025-01-13
sz.000605,2024-11-21,2025-01-07
sz.002467,2024-11-29,2025-01-15
sh.688090,2024-11-29,2025-01-15
sh.688656,2024-11-25,2025-01-09
sz.301628,2024-11-19,2025-01-03
sh.600382,2024-11-29,2025-01-15
sz.000949,2024-11-19,2025-01-03
sz.002066,2024-11-29,2025-01-15
sz.300850,2024-11-29,2025-01-15
sz.002816,2024-11-28,2025-01-14
sh.688776,2024-11-19,2025-01-03
sz.000695,2024-11-20,2025-01-06
sz.002029,2024-11-29,2025-01-15
sh.600843,2024-11-29,2025-01-15
sh.688196,2024-11-28,2025-01-14
sz.301066,2024-11-28,2025-01-14
sz.301000,2024-11-29,2025-01-15
sz.300155,2024-11-29,2025-01-15
sz.002787,2024-11-27,2025-01-13
sh.603268,2024-11-25,2025-01-09
sz.002611,2024-11-21,2025-01-07
sz.002467,2024-11-27,2025-01-13
sh.688429,2024-11-28,2025-01-14
sh.600769,2024-11-28,2025-01-14
sz.300822,2024-11-28,2025-01-14
sh.603863,2024-11-25,2025-01-09
sh.600105,2024-11-21,2025-01-07
sz.002889,2024-11-29,2025-01-15
sh.600246,2024-11-22,2025-01-08
sz.002824,2024-11-20,2025-01-06
sz.000801,2024-11-22,2025-01-08
sh.688090,2024-11-25,2025-01-09
sh.601865,2024-11-29,2025-01-15
sh.600327,2024-11-29,2025-01-15
sh.600732,2024-11-27,2025-01-13
sh.600383,2024-11-28,2025-01-14
sz.301335,2024-11-29,2025-01-15
sh.688598,2024-11-18,2025-01-02
sh.600769,2024-11-29,2025-01-15
sz.000973,2024-11-19,2025-01-03
sz.300173,2024-11-27,2025-01-13
sz.300337,2024-11-18,2025-01-02
sz.300484,2024-11-18,2025-01-02
sz.000712,2024-11-27,2025-01-13
sh.600292,2024-11-29,2025-01-15
sh.605028,2024-11-18,2025-01-02
sh.688353,2024-11-29,2025-01-15
sz.002456,2024-11-19,2025-01-03
sz.300917,2024-11-29,2025-01-15
sh.688601,2024-11-19,2025-01-03
sz.002167,2024-11-26,2025-01-10
sz.002654,2024-11-29,2025-01-15
sh.600787,2024-11-29,2025-01-15
sz.301011,2024-11-29,2025-01-15
sz.002161,2024-11-20,2025-01-06
sh.688598,2024-11-21,2025-01-07
sz.002469,2024-11-25,2025-01-09
sz.002045,2024-11-20,2025-01-06
sh.603366,2024-11-27,2025-01-13
sz.002693,2024-11-19,2025-01-03
sh.600246,2024-11-26,2025-01-10
sz.301266,2024-11-29,2025-01-15
sz.000036,2024-11-19,2025-01-03
sz.002344,2024-11-18,2025-01-02
sz.002779,2024-11-29,2025-01-15
sh.600438,2024-11-29,2025-01-15
sh.600327,2024-11-28,2025-01-14
sz.002312,2024-11-28,2025-01-14
sh.600246,2024-11-21,2025-01-07
sh.688275,2024-11-28,2025-01-14
sz.002761,2024-11-20,2025-01-06
sz.300537,2024-11-18,2025-01-02
sh.603527,2024-11-21,2025-01-07
sz.300220,2024-11-28,2025-01-14
sh.600333,2024-11-29,2025-01-15
sz.000605,2024-11-20,2025-01-06
sz.002820,2024-11-29,2025-01-15
sh.603906,2024-11-26,2025-01-10
sh.688656,2024-11-26,2025-01-10
sz.002467,2024-11-26,2025-01-10
sh.600383,2024-11-29,2025-01-15
sh.603268,2024-11-28,2025-01-14
sz.300591,2024-11-29,2025-01-15
sz.301152,2024-11-19,2025-01-03
sz.301633,2024-11-18,2025-01-02
sh.603398,2024-11-29,2025-01-15
sh.688152,2024-11-29,2025-01-15
sh.688072,2024-11-28,2025-01-14
sz.300497,2024-11-27,2025-01-13
sz.002785,2024-11-25,2025-01-09
sz.000036,2024-11-18,2025-01-02
sh.688090,2024-11-28,2025-01-14
sh.600520,2024-11-29,2025-01-15
sz.000695,2024-11-22,2025-01-08
sz.002469,2024-11-22,2025-01-08
sh.600963,2024-11-21,2025-01-07
sh.603196,2024-11-28,2025-01-14
sz.301078,2024-11-29,2025-01-15
sz.301021,2024-11-29,2025-01-15
sz.002155,2024-11-22,2025-01-08
sh.688656,2024-11-29,2025-01-15
sh.603366,2024-11-26,2025-01-10
sz.002866,2024-11-21,2025-01-07
sh.603863,2024-11-22,2025-01-08
sz.000605,2024-11-22,2025-01-08
sz.301095,2024-11-29,2025-01-15
sh.600246,2024-11-25,2025-01-09
sz.001209,2024-11-29,2025-01-15
sz.002045,2024-11-22,2025-01-08
sz.002387,2024-11-19,2025-01-03
sh.600206,2024-11-22,2025-01-08
sh.605028,2024-11-19,2025-01-03
sh.603779,2024-11-26,2025-01-10
sh.603196,2024-11-29,2025-01-15
sz.300173,2024-11-29,2025-01-15
sz.301082,2024-11-19,2025-01-03
sz.002759,2024-11-28,2025-01-14
sz.300173,2024-11-26,2025-01-10
sh.600246,2024-11-19,2025-01-03
sh.603079,2024-11-18,2025-01-02
sz.301152,2024-11-18,2025-01-02
sh.688118,2024-11-29,2025-01-15
sh.600206,2024-11-21,2025-01-07
sh.603356,2024-11-29,2025-01-22
sz.300694,2024-11-18,2025-01-02
sz.000801,2024-11-21,2025-01-07
sz.000833,2024-11-27,2025-01-13
sz.001229,2024-11-26,2025-01-10
sz.300093,2024-11-29,2025-01-15
sz.300380,2024-11-28,2025-01-14
sz.300506,2024-11-21,2025-01-07
sh.600839,2024-11-19,2025-01-03
sz.000833,2024-11-29,2025-01-15
sh.688429,2024-11-29,2025-01-15
sh.688528,2024-11-29,2025-01-15
sz.000695,2024-11-21,2025-01-07
sh.688090,2024-11-20,2025-01-06
sz.300861,2024-11-29,2025-01-15
sh.600410,2024-11-27,2025-01-13
sh.603955,2024-11-19,2025-01-03
sz.301628,2024-11-18,2025-01-02
sh.600963,2024-11-22,2025-01-08
sz.002095,2024-11-29,2025-01-15
sz.000753,2024-11-29,2025-01-15
sh.603095,2024-11-29,2025-01-15
sz.300220,2024-11-29,2025-01-15
sh.600246,2024-11-18,2025-01-02
sh.603660,2024-11-27,2025-01-13
sh.688656,2024-11-19,2025-01-03
sz.001229,2024-11-25,2025-01-09
sh.688062,2024-11-29,2025-01-15
sz.002217,2024-11-20,2025-01-07
sh.688598,2024-11-19,2025-01-03
sz.300097,2024-11-28,2025-01-15
sh.600826,2024-11-18,2025-01-02
sh.688299,2024-11-18,2025-01-02
sh.600416,2024-11-18,2025-01-02
sh.688010,2024-11-28,2025-01-14
sz.000973,2024-11-18,2025-01-02
sz.000605,2024-11-18,2025-01-02
sz.000973,2024-11-20,2025-01-06
sh.603019,2024-11-27,2025-01-13
sh.600800,2024-11-20,2025-01-06
sh.688512,2024-11-29,2025-01-15
sh.603955,2024-11-29,2025-01-15
sz.002774,2024-11-29,2025-01-15
sh.603366,2024-11-28,2025-01-14
sh.603779,2024-11-28,2025-01-14
sz.300469,2024-11-28,2025-01-14
sh.688656,2024-11-20,2025-01-06
sh.603078,2024-11-26,2025-01-10
sh.603559,2024-11-18,2025-01-03
sz.301633,2024-11-19,2025-01-03
sh.688186,2024-11-29,2025-01-15
sh.603268,2024-11-19,2025-01-03
sh.600773,2024-11-18,2025-01-02
sz.300762,2024-11-18,2025-01-02
sz.002387,2024-11-18,2025-01-02
sz.300081,2024-11-29,2025-01-15
sh.688726,2024-11-28,2025-01-14
sz.002971,2024-11-29,2025-01-15
sh.603063,2024-11-27,2025-01-13
sh.605155,2024-11-29,2025-01-15
sh.600800,2024-11-22,2025-01-08
sz.300173,2024-11-21,2025-01-07
sh.688429,2024-11-18,2025-01-02
sz.002583,2024-11-21,2025-01-07
sh.603955,2024-11-20,2025-01-06
sz.300152,2024-11-18,2025-01-02
sz.000801,2024-11-20,2025-01-06
sh.600605,2024-11-29,2025-01-15
sh.603822,2024-11-27,2025-01-13
sz.001379,2024-11-18,2025-01-02
sh.603779,2024-11-27,2025-01-13
sh.688656,2024-11-22,2025-01-08
sh.688331,2024-11-29,2025-01-15
sh.600732,2024-11-28,2025-01-14
sh.600206,2024-11-29,2025-01-15
sz.000590,2024-11-18,2025-01-02
sh.688692,2024-11-29,2025-01-15
sh.688503,2024-11-28,2025-01-14
sz.002167,2024-11-29,2025-01-15
sh.600800,2024-11-21,2025-01-07
sh.688090,2024-11-19,2025-01-03
sz.000833,2024-11-21,2025-01-07
sz.301082,2024-11-20,2025-01-06
sz.000859,2024-11-29,2025-02-06
sz.002045,2024-11-21,2025-01-07
sz.300840,2024-11-18,2025-01-02
sz.002312,2024-11-29,2025-01-15
sh.688429,2024-11-19,2025-01-03
sh.688010,2024-11-29,2025-01-15
sh.603803,2024-11-27,2025-01-13
sz.300019,2024-11-18,2025-01-02
sz.300448,2024-11-29,2025-01-15
sh.600203,2024-11-19,2025-01-03
sz.300097,2024-11-25,2025-01-10
sh.600405,2024-11-21,2025-01-07
sz.300469,2024-11-29,2025-01-15
sz.000949,2024-11-18,2025-01-02
sz.002865,2024-11-29,2025-01-15
sz.002824,2024-11-19,2025-01-03
sz.002469,2024-11-21,2025-01-07
sh.600641,2024-11-18,2025-01-03
sz.000833,2024-11-28,2025-01-14
sz.002469,2024-11-20,2025-01-06
sz.002657,2024-11-18,2025-01-02
sh.688503,2024-11-27,2025-01-13
sh.600356,2024-11-29,2025-01-15
sh.600418,2024-11-19,2025-01-03
sz.300486,2024-11-29,2025-01-15
sh.603955,2024-11-22,2025-01-08
sz.002616,2024-12-24,2025-02-17
sz.000701,2024-12-12,2025-02-05
sz.300264,2024-12-09,2025-01-23
sh.688090,2024-12-18,2025-02-11
sz.002161,2024-12-19,2025-02-12
sh.600185,2024-12-13,2025-02-06
sh.688536,2024-12-24,2025-02-17
sz.002047,2024-12-25,2025-02-18
sz.300537,2024-12-24,2025-02-17
sh.688737,2024-12-18,2025-02-11
sh.603341,2024-12-25,2025-02-18
sz.000911,2024-12-10,2025-01-24
sz.002786,2024-12-17,2025-02-10
sz.002253,2024-12-10,2025-01-24
sz.000626,2024-12-06,2025-01-22
sh.600084,2024-12-17,2025-02-10
sz.000670,2024-12-24,2025-02-17
sh.600807,2024-12-23,2025-02-14
sh.603988,2024-12-26,2025-02-19
sz.300410,2024-12-05,2025-01-21
sz.300511,2024-12-17,2025-02-10
sz.300991,2024-12-25,2025-02-18
sz.300607,2024-12-09,2025-01-23
sz.301307,2024-12-17,2025-02-10
sz.300947,2024-12-12,2025-02-05
sz.300063,2024-12-19,2025-02-12
sh.603985,2024-12-19,2025-02-12
sz.002800,2024-12-12,2025-02-05
sh.688318,2024-12-23,2025-02-14
sh.603336,2024-12-17,2025-02-10
sz.001896,2024-12-20,2025-02-13
sh.603716,2024-12-24,2025-02-17
sh.603666,2024-12-18,2025-02-11
sz.300058,2024-12-18,2025-02-11
sz.300040,2024-12-18,2025-02-11
sz.002021,2024-12-12,2025-02-05
sz.002247,2024-12-10,2025-01-24
sz.002103,2024-12-05,2025-01-21
sz.300287,2024-12-12,2025-02-05
sz.300081,2024-12-17,2025-02-10
sh.600579,2024-12-30,2025-02-21
sh.600593,2024-12-11,2025-01-27
sh.600318,2024-12-18,2025-02-11
sz.000536,2024-12-18,2025-02-11
sh.688503,2024-12-03,2025-01-17
sz.000663,2024-12-17,2025-02-10
sz.300792,2024-12-25,2025-02-18
sz.002713,2024-12-17,2025-02-10
sz.002208,2024-12-10,2025-01-24
sz.300488,2024-12-18,2025-02-11
sh.603366,2024-12-02,2025-01-16
sz.300030,2024-12-12,2025-02-05
sh.600676,2024-12-10,2025-01-24
sz.002639,2024-12-13,2025-02-06
sh.688691,2024-12-20,2025-02-13
sz.000504,2024-12-18,2025-02-11
sz.300780,2024-12-09,2025-01-23
sh.688670,2024-12-13,2025-02-06
sh.600776,2024-12-17,2025-02-10
sz.300623,2024-12-24,2025-02-17
sz.002819,2024-12-06,2025-01-22
sz.300351,2024-12-18,2025-02-11
sz.300481,2024-12-18,2025-02-11
sz.301353,2024-12-11,2025-01-27
sz.300609,2024-12-25,2025-02-18
sz.002377,2024-12-20,2025-02-13
sz.300656,2024-12-24,2025-02-17
sz.300183,2024-12-17,2025-02-10
sh.600800,2024-12-12,2025-02-05
sh.600661,2024-12-12,2025-02-05
sz.002765,2024-12-18,2025-02-11
sh.603985,2024-12-10,2025-01-24
sh.688388,2024-12-19,2025-02-12
sz.300762,2024-12-10,2025-01-24
sz.002975,2024-12-16,2025-02-07
sz.002016,2024-12-02,2025-01-16
sz.301359,2024-12-18,2025-02-11
sz.002554,2024-12-09,2025-01-23
sh.603319,2024-12-17,2025-02-10
sh.688280,2024-12-09,2025-01-23
sh.600847,2024-12-09,2025-01-23
sz.300183,2024-12-25,2025-02-18
sz.000078,2024-12-25,2025-02-18
sh.688530,2024-12-24,2025-02-17
sh.603716,2024-12-06,2025-01-22
sz.002173,2024-12-19,2025-02-12
sz.300075,2024-12-17,2025-02-10
sh.601798,2024-12-27,2025-02-20
sh.603021,2024-12-11,2025-01-27
sz.002803,2024-12-18,2025-02-11
sz.300688,2024-12-20,2025-02-13
sz.300897,2024-12-25,2025-02-18
sz.002702,2024-12-10,2025-01-24
sh.603779,2024-12-19,2025-02-12
sz.000820,2024-12-17,2025-02-10
sh.601828,2024-12-11,2025-01-27
sz.300350,2024-12-17,2025-02-10
sh.600187,2024-12-11,2025-01-27
sh.600579,2024-12-23,2025-02-14
sh.603721,2024-12-17,2025-02-10
sh.603083,2024-12-25,2025-02-18
sh.603356,2024-12-02,2025-01-23
sh.603810,2024-12-06,2025-01-22
sz.301556,2024-12-17,2025-02-10
sz.300085,2024-12-03,2025-01-17
sh.688615,2024-12-18,2025-02-11
sz.002787,2024-12-02,2025-01-16
sh.603220,2024-12-20,2025-02-13
sh.688280,2024-12-12,2025-02-05
sz.300229,2024-12-09,2025-01-23
sz.300701,2024-12-25,2025-02-18
sh.688229,2024-12-09,2025-01-23
sz.300603,2024-12-18,2025-02-11
sz.002717,2024-12-23,2025-02-14
sh.688529,2024-12-09,2025-01-23
sz.300157,2024-12-17,2025-02-10
sh.688229,2024-12-19,2025-02-12
sz.000702,2024-12-09,2025-01-23
sh.603194,2024-12-25,2025-02-18
sh.688165,2024-12-09,2025-01-23
sh.600156,2024-12-12,2025-02-05
sz.002467,2024-12-17,2025-02-10
sh.600149,2024-12-05,2025-01-21
sh.603610,2024-12-25,2025-02-18
sz.000595,2024-12-20,2025-02-13
sz.000720,2024-12-11,2025-01-27
sz.300486,2024-12-10,2025-01-24
sz.002183,2024-12-10,2025-01-24
sz.002465,2024-12-17,2025-02-10
sz.300269,2024-12-11,2025-01-27
sz.000938,2024-12-25,2025-02-18
sz.300303,2024-12-24,2025-02-17
sz.000838,2024-12-11,2025-01-27
sh.600609,2024-12-20,2025-02-13
sz.002702,2024-12-12,2025-02-05
sh.601929,2024-12-09,2025-01-23
sz.000042,2024-12-16,2025-02-07
sz.300165,2024-12-10,2025-01-24
sh.688435,2024-12-17,2025-02-10
sz.002239,2024-12-17,2025-02-10
sh.603319,2024-12-12,2025-02-05
sz.300784,2024-12-17,2025-02-10
sz.002178,2024-12-18,2025-02-11
sz.002647,2024-12-18,2025-02-12
sh.688098,2024-12-18,2025-02-11
sz.300565,2024-12-18,2025-02-11
sz.003032,2024-12-16,2025-02-07
sz.301171,2024-12-17,2025-02-10
sz.301176,2024-12-09,2025-01-23
sz.300632,2024-12-09,2025-01-23
sh.600996,2024-12-17,2025-02-10
sz.300052,2024-12-10,2025-01-24
sz.300040,2024-12-30,2025-02-21
sz.300305,2024-12-17,2025-02-10
sz.300556,2024-12-11,2025-01-27
sz.300753,2024-12-17,2025-02-10
sz.002373,2024-12-17,2025-02-10
sz.300720,2024-12-13,2025-02-06
sh.600738,2024-12-13,2025-02-06
sz.000823,2024-12-18,2025-02-11
sh.603956,2024-12-11,2025-01-27
sz.002614,2024-12-12,2025-02-05
sz.002877,2024-12-18,2025-02-11
sz.002635,2024-12-25,2025-02-18
sz.300380,2024-12-10,2025-01-24
sh.688114,2024-12-16,2025-02-07
sz.001215,2024-12-24,2025-02-17
sz.300123,2024-12-10,2025-01-24
sz.002578,2024-12-09,2025-01-23
sh.603960,2024-12-23,2025-02-14
sz.301169,2024-12-17,2025-02-10
sz.300126,2024-12-09,2025-01-23
sh.600589,2024-12-26,2025-02-19
sh.688599,2024-12-24,2025-02-17
sz.002345,2024-12-30,2025-02-21
sz.002712,2024-12-19,2025-02-12
sz.301419,2024-12-06,2025-01-22
sz.300935,2024-12-17,2025-02-10
sz.001215,2024-12-11,2025-01-27
sz.002347,2024-12-13,2025-02-06
sh.605178,2024-12-05,2025-01-21
sh.603155,2024-12-24,2025-02-17
sz.002726,2024-12-24,2025-02-17
sh.603679,2024-12-18,2025-02-11
sz.300343,2024-12-18,2025-02-11
sz.002865,2024-12-02,2025-01-16
sz.000620,2024-12-23,2025-02-14
sz.301268,2024-12-20,2025-02-13
sz.300769,2024-12-05,2025-01-21
sh.601999,2024-12-17,2025-02-10
sz.301536,2024-12-25,2025-02-18
sz.002194,2024-12-18,2025-02-11
sh.605168,2024-12-26,2025-02-19
sz.300107,2024-12-17,2025-02-10
sh.688004,2024-12-17,2025-02-10
sz.002848,2024-12-16,2025-02-07
sz.300937,2024-12-11,2025-01-27
sz.002933,2024-12-18,2025-02-11
sz.300769,2024-12-19,2025-02-12
sz.002201,2024-12-16,2025-02-07
sh.600679,2024-12-20,2025-02-13
sz.002189,2024-12-19,2025-02-12
sz.002527,2024-12-11,2025-01-27
sz.301337,2024-12-17,2025-02-10
sz.002691,2024-12-17,2025-02-10
sh.600686,2024-12-17,2025-02-10
sh.603559,2024-12-31,2025-02-24
sz.002183,2024-12-17,2025-02-10
sh.600231,2024-12-17,2025-02-10
sz.000056,2024-12-16,2025-02-07
sz.301429,2024-12-18,2025-02-11
sh.600800,2024-12-06,2025-01-22
sh.603810,2024-12-09,2025-01-23
sh.603375,2024-12-17,2025-02-10
sz.002527,2024-12-09,2025-01-23
sz.000679,2024-12-10,2025-01-24
sz.002211,2024-12-09,2025-01-23
sz.002997,2024-12-17,2025-02-10
sh.603138,2024-12-11,2025-01-27
sz.000158,2024-12-25,2025-02-18
sz.000633,2024-12-18,2025-02-11
sz.301268,2024-12-17,2025-02-10
sz.301617,2024-12-11,2025-01-27
sz.002321,2024-12-19,2025-02-12
sz.002787,2024-12-09,2025-01-23
sz.300564,2024-12-10,2025-01-24
sh.688661,2024-12-18,2025-02-11
sz.300839,2024-12-09,2025-01-23
sz.002077,2024-12-23,2025-02-14
sz.300195,2024-12-05,2025-01-21
sz.300562,2024-12-27,2025-02-20
sz.300168,2024-12-05,2025-01-21
sz.001215,2024-12-10,2025-01-24
sh.600281,2024-12-10,2025-01-24
sh.688216,2024-12-17,2025-02-10
sz.002131,2024-12-06,2025-01-22
sh.603078,2024-12-24,2025-02-17
sz.300352,2024-12-10,2025-01-24
sz.002114,2024-12-10,2025-01-24
sh.600543,2024-12-19,2025-02-12
sz.002356,2024-12-05,2025-01-21
sh.603789,2024-12-12,2025-02-05
sz.002095,2024-12-10,2025-01-24
sz.301251,2024-12-24,2025-02-17
sz.300166,2024-12-09,2025-01-23
sh.603489,2024-12-24,2025-02-17
sz.300692,2024-12-17,2025-02-10
sh.688373,2024-12-11,2025-01-27
sh.603716,2024-12-25,2025-02-18
sz.001279,2024-12-18,2025-02-11
sh.600651,2024-12-16,2025-02-07
sz.002042,2024-12-19,2025-02-12
sh.688033,2024-12-18,2025-02-11
sz.300223,2024-12-17,2025-02-10
sh.688368,2024-12-17,2025-02-10
sz.002987,2024-12-18,2025-02-11
sh.688511,2024-12-16,2025-02-07
sh.688171,2024-12-17,2025-02-10
sh.603399,2024-12-11,2025-01-27
sz.300861,2024-12-04,2025-01-20
sh.600776,2024-12-18,2025-02-11
sz.300565,2024-12-17,2025-02-10
sz.300359,2024-12-09,2025-01-23
sz.300295,2024-12-09,2025-01-23
sh.603686,2024-12-25,2025-02-18
sh.600889,2024-12-24,2025-02-17
sh.688391,2024-12-24,2025-02-17
sz.000717,2024-12-16,2025-02-07
sz.001258,2024-12-27,2025-02-20
sz.002496,2024-12-17,2025-02-10
sh.603232,2024-12-09,2025-01-23
sz.300743,2024-12-18,2025-02-11
sz.300411,2024-12-18,2025-02-11
sz.301314,2024-12-13,2025-02-06
sz.300459,2024-12-20,2025-02-13
sh.603900,2024-12-18,2025-02-11
sz.300229,2024-12-06,2025-01-22
sh.688590,2024-12-24,2025-02-17
sh.600243,2024-12-17,2025-02-10
sz.002045,2024-12-19,2025-02-12
sz.300381,2024-12-18,2025-02-11
sz.002474,2024-12-17,2025-02-10
sz.002542,2024-12-10,2025-01-24
sz.300076,2024-12-16,2025-02-07
sh.600826,2024-12-12,2025-02-05
sz.000510,2024-12-17,2025-02-10
sz.300755,2024-12-18,2025-02-11
sz.002872,2024-12-26,2025-02-19
sz.002686,2024-12-10,2025-01-24
sz.300283,2024-12-10,2025-01-24
sh.688216,2024-12-20,2025-02-13
sz.301282,2024-12-17,2025-02-10
sz.002953,2024-12-17,2025-02-10
sz.002485,2024-12-24,2025-02-17
sh.603028,2024-12-06,2025-01-22
sz.300370,2024-12-18,2025-02-11
sz.001212,2024-12-20,2025-02-13
sz.300300,2024-12-12,2025-02-05
sz.300256,2024-12-20,2025-02-13
sz.300955,2024-12-06,2025-01-22
sh.605168,2024-12-24,2025-02-17
sz.300994,2024-12-18,2025-02-11
sz.300567,2024-12-23,2025-02-14
sh.688711,2024-12-25,2025-02-18
sz.002858,2024-12-11,2025-01-27
sz.301133,2024-12-18,2025-02-11
sz.000899,2024-12-25,2025-02-18
sz.002526,2024-12-11,2025-01-27
sz.002840,2024-12-23,2025-02-14
sz.300006,2024-12-12,2025-02-05
sh.600135,2024-12-18,2025-02-11
sz.300426,2024-12-16,2025-02-07
sz.000757,2024-12-17,2025-02-10
sz.300270,2024-12-12,2025-02-05
sh.688530,2024-12-18,2025-02-11
sh.688022,2024-12-10,2025-01-24
sz.300219,2024-12-24,2025-02-17
sz.000159,2024-12-13,2025-02-06
sz.002307,2024-12-19,2025-02-12
sz.300591,2024-12-17,2025-02-10
sh.603648,2024-12-25,2025-02-18
sz.300522,2024-12-18,2025-02-11
sz.301369,2024-12-17,2025-02-10
sz.301020,2024-12-18,2025-02-11
sz.000066,2024-12-17,2025-02-10
sz.300632,2024-12-19,2025-02-12
sh.688311,2024-12-18,2025-02-11
sh.600864,2024-12-25,2025-02-18
sz.002681,2024-12-09,2025-01-23
sz.300013,2024-12-25,2025-02-18
sh.600198,2024-12-17,2025-02-10
sh.600797,2024-12-10,2025-01-24
sz.002474,2024-12-16,2025-02-07
sz.002305,2024-12-12,2025-02-05
sh.603677,2024-12-10,2025-01-24
sh.603466,2024-12-09,2025-01-23
sh.601929,2024-12-11,2025-01-27
sh.603138,2024-12-18,2025-02-11
sz.001330,2024-12-13,2025-02-06
sz.002022,2024-12-25,2025-02-18
sh.688135,2024-12-27,2025-02-20
sz.000553,2024-12-17,2025-02-10
sz.000607,2024-12-17,2025-02-10
sz.300323,2024-12-31,2025-02-24
sz.002168,2024-12-18,2025-02-11
sz.002122,2024-12-12,2025-02-05
sz.002633,2024-12-04,2025-01-20
sz.301129,2024-12-24,2025-02-17
sz.002819,2024-12-17,2025-02-10
sz.300053,2024-12-20,2025-02-13
sh.688626,2024-12-18,2025-02-11
sh.605168,2024-12-17,2025-02-10
sz.300525,2024-12-20,2025-02-13
sz.301487,2024-12-26,2025-02-19
sz.002848,2024-12-06,2025-01-22
sh.600640,2024-12-17,2025-02-10
sz.301378,2024-12-17,2025-02-10
sz.002765,2024-12-05,2025-01-21
sh.603767,2024-12-24,2025-02-17
sz.300462,2024-12-05,2025-01-21
sz.002184,2024-12-09,2025-01-23
sz.300536,2024-12-12,2025-02-05
sz.300512,2024-12-09,2025-01-23
sh.603099,2024-12-24,2025-02-17
sz.002689,2024-12-16,2025-02-07
sh.603139,2024-12-12,2025-02-05
sz.002520,2024-12-10,2025-01-24
sz.300220,2024-12-06,2025-01-22
sh.600340,2024-12-25,2025-02-18
sh.600104,2024-12-25,2025-02-18
sh.688651,2024-12-24,2025-02-17
sz.300053,2024-12-19,2025-02-12
sh.600272,2024-12-18,2025-02-11
sh.688659,2024-12-18,2025-02-11
sz.301197,2024-12-18,2025-02-11
sz.000838,2024-12-18,2025-02-11
sz.301516,2024-12-25,2025-02-18
sh.600868,2024-12-09,2025-01-23
sz.002420,2024-12-10,2025-01-24
sh.600337,2024-12-10,2025-01-24
sh.603328,2024-12-24,2025-02-17
sz.002232,2024-12-18,2025-02-11
sz.002501,2024-12-05,2025-01-21
sz.002351,2024-12-25,2025-02-18
sz.300554,2024-12-17,2025-02-10
sz.300654,2024-12-09,2025-01-23
sz.002383,2024-12-10,2025-01-24
sh.688509,2024-12-16,2025-02-07
sh.600448,2024-12-12,2025-02-05
sh.600853,2024-12-12,2025-02-05
sz.300086,2024-12-11,2025-01-27
sz.300921,2024-12-23,2025-02-14
sz.002016,2024-12-04,2025-01-20
sh.605003,2024-12-20,2025-02-13
sz.301062,2024-12-09,2025-01-23
sz.301586,2024-12-24,2025-02-17
sz.000727,2024-12-17,2025-02-10
sz.300591,2024-12-05,2025-01-21
sh.688590,2024-12-23,2025-02-14
sz.300275,2024-12-25,2025-02-18
sz.000820,2025-01-13,2025-03-06
sz.002265,2025-01-13,2025-03-06
sh.600228,2025-01-14,2025-03-07
sh.603261,2025-01-08,2025-03-03
sz.300158,2025-01-06,2025-02-27
sh.603007,2025-01-10,2025-03-06
sh.600238,2025-01-06,2025-02-27
sz.300561,2025-01-20,2025-03-13
sz.301037,2025-01-10,2025-03-05
sh.603682,2025-01-10,2025-03-05
sz.000882,2025-01-22,2025-03-17
sh.600664,2025-01-02,2025-02-25
sz.002718,2025-01-27,2025-03-20
sz.301601,2025-01-17,2025-03-12
sh.688787,2025-01-23,2025-03-18
sz.002418,2025-01-15,2025-03-10
sh.600423,2025-01-13,2025-03-06
sh.688511,2025-01-06,2025-02-27
sz.000820,2025-01-21,2025-03-14
sh.688426,2025-01-09,2025-03-04
sz.300020,2025-01-03,2025-02-26
sz.002306,2025-01-13,2025-03-06
sz.301511,2025-01-10,2025-03-05
sz.000759,2025-01-16,2025-03-11
sh.600246,2025-01-10,2025-03-05
sz.000759,2025-01-14,2025-03-07
sz.300715,2025-01-07,2025-02-28
sh.603928,2025-01-21,2025-03-14
sz.000736,2025-01-10,2025-03-05
sz.000736,2025-01-16,2025-03-11
sz.002190,2025-01-07,2025-02-28
sh.600693,2025-01-14,2025-03-07
sh.600693,2025-01-21,2025-03-14
sh.605033,2025-01-08,2025-03-03
sz.300827,2025-01-15,2025-03-10
sz.000668,2025-01-07,2025-02-28
sh.603007,2025-01-20,2025-03-13
sh.600128,2025-01-13,2025-03-06
sh.603042,2025-01-20,2025-03-13
sz.000852,2025-01-03,2025-02-26
sh.605033,2025-01-09,2025-03-04
sh.603389,2025-01-06,2025-02-27
sh.600358,2025-01-16,2025-03-11
sz.002418,2025-01-10,2025-03-05
sz.002918,2025-01-07,2025-02-28
sz.301067,2025-01-03,2025-02-26
sh.603500,2025-01-06,2025-02-27
sz.002184,2025-01-09,2025-03-04
sz.000573,2025-01-23,2025-03-18
sh.600243,2025-01-08,2025-03-03
sh.603838,2025-01-09,2025-03-04
sz.002918,2025-01-06,2025-02-27
sz.000533,2025-01-06,2025-02-27
sz.002361,2025-01-03,2025-02-26
sz.002789,2025-01-13,2025-03-06
sh.603007,2025-01-14,2025-03-07
sz.000573,2025-01-21,2025-03-14
sz.301211,2025-01-03,2025-02-26
sh.605158,2025-01-06,2025-02-27
sz.002218,2025-01-06,2025-02-27
sz.001270,2025-01-14,2025-03-07
sz.300792,2025-01-14,2025-03-07
sz.301110,2025-01-22,2025-03-17
sh.600243,2025-01-03,2025-02-26
sz.000668,2025-01-08,2025-03-03
sz.002496,2025-01-08,2025-03-03
sz.301511,2025-01-09,2025-03-04
sh.603559,2025-01-06,2025-02-27
sz.002253,2025-01-08,2025-03-03
sh.600664,2025-01-06,2025-02-27
sh.603789,2025-01-14,2025-03-07
sh.603086,2025-01-10,2025-03-05
sz.300959,2025-01-07,2025-02-28
sh.688408,2025-01-17,2025-03-12
sh.600753,2025-01-14,2025-03-07
sh.603777,2025-01-09,2025-03-04
sz.002269,2025-01-14,2025-03-07
sz.300154,2025-01-10,2025-03-05
sh.600789,2025-01-06,2025-02-27
sh.600243,2025-01-14,2025-03-07
sz.002052,2025-01-20,2025-03-13
sz.002184,2025-01-06,2025-02-27
sh.603070,2025-01-07,2025-02-28
sz.000852,2025-01-02,2025-02-25
sz.301110,2025-01-23,2025-03-18
sh.600130,2025-01-09,2025-03-04
sz.002733,2025-01-10,2025-03-05
sz.301355,2025-01-08,2025-03-03
sz.002187,2025-01-14,2025-03-07
sz.300827,2025-01-17,2025-03-12
sz.002848,2025-01-09,2025-03-04
sz.001330,2025-01-14,2025-03-07
sh.603838,2025-01-10,2025-03-05
sh.603682,2025-01-09,2025-03-04
sz.002306,2025-01-10,2025-03-05
sh.603789,2025-01-09,2025-03-04
sh.603398,2025-01-13,2025-03-06
sh.688676,2025-01-20,2025-03-13
sz.300959,2025-01-08,2025-03-03
sz.002253,2025-01-13,2025-03-06
sz.000668,2025-01-13,2025-03-06
sh.605179,2025-01-15,2025-03-10
sz.000903,2025-01-07,2025-02-28
sh.601515,2025-01-06,2025-03-03
sh.688702,2025-01-27,2025-03-20
sz.002052,2025-01-10,2025-03-05
sz.300959,2025-01-14,2025-03-07
sh.603682,2025-01-15,2025-03-10
sz.002306,2025-01-07,2025-02-28
sh.603928,2025-01-22,2025-03-17
sz.300563,2025-01-10,2025-03-05
sz.002636,2025-01-16,2025-03-11
sz.300158,2025-01-02,2025-02-25
sh.603719,2025-01-22,2025-03-17
sz.002789,2025-01-07,2025-02-28
sz.300959,2025-01-06,2025-02-27
sz.002851,2025-01-10,2025-03-05
sh.600714,2025-01-16,2025-03-11
sh.688426,2025-01-07,2025-02-28
sh.600243,2025-01-10,2025-03-05
sz.002199,2025-01-09,2025-03-04
sh.600778,2025-01-13,2025-03-06
sz.002058,2025-01-10,2025-03-05
sz.002885,2025-01-02,2025-02-25
sh.603389,2025-01-07,2025-02-28
sz.301355,2025-01-07,2025-02-28
sz.001202,2025-01-03,2025-02-26
sh.603211,2025-01-22,2025-03-17
sz.300902,2025-01-14,2025-03-07
sh.600981,2025-01-16,2025-03-11
sh.600778,2025-01-10,2025-03-05
sh.605598,2025-01-07,2025-02-28
sz.300394,2025-01-16,2025-03-11
sh.600358,2025-01-14,2025-03-07
sz.301030,2025-01-09,2025-03-04
sh.600789,2025-01-03,2025-02-26
sh.688426,2025-01-10,2025-03-05
sh.600405,2025-01-06,2025-02-27
sh.603719,2025-01-14,2025-03-07
sz.002569,2025-01-08,2025-03-03
sz.002346,2025-01-14,2025-03-07
sz.002529,2025-01-14,2025-03-07
sz.002130,2025-01-20,2025-03-13
sz.300902,2025-01-16,2025-03-11
sz.002918,2025-01-08,2025-03-03
sz.301030,2025-01-10,2025-03-05
sh.600243,2025-01-13,2025-03-06
sh.688253,2025-01-08,2025-03-03
sz.002927,2025-01-07,2025-02-28
sz.300502,2025-01-20,2025-03-13
sz.300563,2025-01-21,2025-03-14
sh.600128,2025-01-14,2025-03-07
sz.002862,2025-01-21,2025-03-14
sh.603777,2025-01-14,2025-03-07
sz.301030,2025-01-13,2025-03-06
sh.603959,2025-01-03,2025-02-26
sz.002582,2025-01-14,2025-03-07
sh.605162,2025-01-20,2025-03-13
sh.600664,2025-01-07,2025-02-28
sh.603101,2025-01-07,2025-02-28
sz.301600,2025-01-10,2025-03-05
sh.600202,2025-01-10,2025-03-05
sz.002640,2025-01-14,2025-03-07
sz.301315,2025-01-09,2025-03-04
sh.688256,2025-01-10,2025-03-05
sz.300158,2025-01-07,2025-02-28
sh.600172,2025-01-06,2025-02-27
sz.002187,2025-01-17,2025-03-12
sz.000736,2025-01-09,2025-03-04
sz.000759,2025-01-10,2025-03-05
sh.600238,2025-01-14,2025-03-07
sh.600778,2025-01-16,2025-03-11
sz.301600,2025-01-13,2025-03-06
sz.000802,2025-01-17,2025-03-12
sz.002718,2025-01-24,2025-03-19
sh.600238,2025-01-07,2025-02-28
sz.002199,2025-01-10,2025-03-05
sz.000573,2025-01-22,2025-03-17
sh.688053,2025-01-07,2025-02-28
sh.603101,2025-01-15,2025-03-10
sz.000756,2025-01-02,2025-02-25
sz.002713,2025-01-10,2025-03-05
sz.002519,2025-01-13,2025-03-06
sz.002519,2025-01-10,2025-03-05
sz.002620,2025-01-03,2025-02-26
sh.603398,2025-01-09,2025-03-04
sz.300437,2025-01-14,2025-03-07
sz.300141,2025-01-07,2025-02-28
sh.688511,2025-01-03,2025-02-26
sz.002519,2025-01-21,2025-03-14
sh.603617,2025-01-02,2025-02-25
sz.301157,2025-01-06,2025-02-27
sh.603682,2025-01-13,2025-03-06
sh.688426,2025-01-08,2025-03-03
sh.603868,2025-01-06,2025-02-27
sz.002927,2025-01-06,2025-02-27
sh.600539,2025-01-15,2025-03-24
sz.002927,2025-01-02,2025-02-25
sh.603255,2025-01-07,2025-02-28
sz.002851,2025-01-20,2025-03-13
sh.600243,2025-01-07,2025-02-28
sh.600243,2025-01-09,2025-03-04
sh.603101,2025-01-14,2025-03-07
sz.301628,2025-01-21,2025-03-14
sh.688313,2025-01-22,2025-03-17
sz.300323,2025-01-07,2025-02-28
sz.300561,2025-01-09,2025-03-04
sh.603719,2025-01-20,2025-03-13
sh.688332,2025-01-20,2025-03-13
sz.002275,2025-01-02,2025-02-25
sh.600693,2025-01-20,2025-03-13
sz.002253,2025-01-07,2025-02-28
sh.605179,2025-01-17,2025-03-12
sz.002269,2025-01-10,2025-03-05
sz.002253,2025-01-15,2025-03-10
sz.002872,2025-01-06,2025-02-27
sz.002529,2025-01-13,2025-03-06
sz.300827,2025-01-16,2025-03-11
sh.600858,2025-01-14,2025-03-07
sz.301288,2025-01-13,2025-03-06
sz.301387,2025-01-07,2025-02-28
sz.002449,2025-01-07,2025-02-28
sz.002449,2025-01-06,2025-02-27
sz.300493,2025-01-22,2025-03-17
sz.002885,2025-01-07,2025-02-28
sz.300807,2025-01-07,2025-02-28
sz.003015,2025-01-02,2025-02-25
sh.600130,2025-01-10,2025-03-05
sh.603211,2025-01-21,2025-03-14
sz.002693,2025-01-09,2025-03-04
sz.002199,2025-01-06,2025-02-27
sh.600246,2025-01-13,2025-03-06
sz.301355,2025-01-10,2025-03-05
sh.600228,2025-01-07,2025-02-28
sh.600423,2025-01-16,2025-03-11
sh.603813,2025-01-13,2025-03-06
sz.000952,2025-01-02,2025-02-25
sz.000802,2025-01-23,2025-03-18
sz.301082,2025-01-10,2025-03-05
sz.002519,2025-01-14,2025-03-07
sz.301458,2025-01-10,2025-03-05
sz.002864,2025-01-02,2025-02-25
sz.300502,2025-01-21,2025-03-14
sh.603007,2025-01-09,2025-03-05
sh.600778,2025-01-17,2025-03-12
sh.605208,2025-01-03,2025-02-26
sh.688362,2025-01-16,2025-03-11
sz.300902,2025-01-08,2025-03-03
sh.603261,2025-01-13,2025-03-06
sz.301157,2025-01-07,2025-02-28
sh.603398,2025-01-16,2025-03-11
sz.002730,2025-01-22,2025-03-17
sz.002397,2025-01-03,2025-02-26
sh.688511,2025-01-07,2025-02-28
sh.603719,2025-01-17,2025-03-12
sz.002728,2025-01-06,2025-02-27
sh.600753,2025-01-13,2025-03-06
sz.002563,2025-01-07,2025-02-28
sz.300131,2025-01-07,2025-02-28
sh.603500,2025-01-07,2025-02-28
sz.002052,2025-01-13,2025-03-06
sz.002571,2025-01-10,2025-03-05
sh.603500,2025-01-03,2025-02-26
sh.600228,2025-01-10,2025-03-05
sz.300902,2025-01-10,2025-03-05
sh.600693,2025-01-16,2025-03-11
sh.688408,2025-01-15,2025-03-10
sh.688053,2025-01-10,2025-03-05
sz.301211,2025-01-07,2025-02-28
sh.688408,2025-01-16,2025-03-11
sz.002418,2025-01-13,2025-03-06
sz.002306,2025-01-09,2025-03-04
sz.300697,2025-01-23,2025-03-18
sz.300159,2025-01-03,2025-02-26
sz.002052,2025-01-15,2025-03-10
sh.600892,2025-01-10,2025-03-05
sz.002253,2025-01-09,2025-03-04
sz.002305,2025-01-10,2025-03-05
sz.000785,2025-01-06,2025-02-27
sz.002484,2025-01-20,2025-03-13
sh.603398,2025-01-20,2025-03-13
sz.300959,2025-01-13,2025-03-06
sh.688256,2025-01-13,2025-03-06
sz.000820,2025-01-14,2025-03-07
sh.603315,2025-01-06,2025-02-27
sh.605598,2025-01-03,2025-02-26
sh.600589,2025-01-07,2025-02-28
sz.300493,2025-01-21,2025-03-14
sh.600238,2025-01-09,2025-03-04
sh.600714,2025-01-14,2025-03-07
sz.002693,2025-01-07,2025-02-28
sz.000759,2025-01-17,2025-03-12
sh.603007,2025-01-08,2025-03-04
sz.300338,2025-01-13,2025-03-06
sz.300493,2025-01-23,2025-03-18
sz.300561,2025-01-10,2025-03-05
sz.002917,2025-01-15,2025-03-10
sz.301037,2025-01-09,2025-03-04
sh.603511,2025-01-15,2025-03-10
sz.002917,2025-01-17,2025-03-12
sz.002848,2025-01-10,2025-03-05
sh.603398,2025-01-08,2025-03-03
sh.603072,2025-01-09,2025-03-04
sh.688018,2025-01-20,2025-03-13
sz.002218,2025-01-02,2025-02-25
sz.002569,2025-01-06,2025-02-27
sz.301062,2025-01-10,2025-03-05
sh.688426,2025-01-06,2025-02-27
sh.600423,2025-01-15,2025-03-10
sz.300131,2025-01-03,2025-02-26
sh.603229,2025-01-02,2025-02-25
sz.002793,2025-01-02,2025-02-25
sz.301355,2025-01-06,2025-02-27
sz.002918,2025-01-02,2025-02-25
sh.600238,2025-01-13,2025-03-06
sz.300159,2025-01-07,2025-02-28
sz.000820,2025-01-17,2025-03-12
sz.002193,2025-01-10,2025-03-05
sz.002620,2025-01-06,2025-02-27
sh.603777,2025-01-13,2025-03-06
sh.603682,2025-01-16,2025-03-11
sz.300093,2025-01-13,2025-03-06
sz.001330,2025-01-23,2025-03-18
sz.002184,2025-01-10,2025-03-05
sh.600778,2025-01-14,2025-03-07
sz.300615,2025-01-06,2025-02-27
sz.002199,2025-01-07,2025-02-28
sz.301001,2025-01-07,2025-02-28
sz.301502,2025-01-10,2025-03-05
sh.605033,2025-01-10,2025-03-05
sh.601011,2025-01-07,2025-02-28
sz.002563,2025-01-06,2025-02-27
sz.002199,2025-01-08,2025-03-03
sh.603072,2025-01-10,2025-03-05
sh.603398,2025-01-14,2025-03-07
sz.002052,2025-01-14,2025-03-07
sz.002068,2025-01-10,2025-03-05
sz.301355,2025-01-09,2025-03-04
sh.688256,2025-01-09,2025-03-04
sz.001270,2025-01-09,2025-03-04
sh.603813,2025-01-10,2025-03-05
sh.603291,2025-01-16,2025-03-11
sh.605208,2025-01-02,2025-02-25
sh.601515,2025-01-10,2025-03-07
sz.301288,2025-01-09,2025-03-04
sz.301601,2025-01-16,2025-03-11
sh.603398,2025-01-17,2025-03-12
sz.002218,2025-01-07,2025-02-28
sz.300615,2025-01-03,2025-02-26
sh.688702,2025-01-21,2025-03-14
sh.603101,2025-01-10,2025-03-05
sz.000882,2025-01-21,2025-03-14
sz.300563,2025-01-20,2025-03-13
sz.301152,2025-01-14,2025-03-07
sz.002718,2025-01-23,2025-03-18
sz.300422,2025-01-10,2025-03-12
sh.603177,2025-01-14,2025-03-07
sz.002569,2025-01-10,2025-03-05
sz.301157,2025-01-10,2025-03-05
sz.002353,2025-01-23,2025-03-18
sh.688408,2025-01-10,2025-03-05
sh.688018,2025-01-23,2025-03-18
sz.002917,2025-01-21,2025-03-14
sh.601515,2025-01-09,2025-03-06
sh.603719,2025-01-13,2025-03-06
sh.600405,2025-01-07,2025-02-28
sz.002571,2025-01-08,2025-03-03
sh.600789,2025-01-02,2025-02-25
sh.688758,2025-01-10,2025-03-05
sz.300394,2025-01-21,2025-03-14
sz.002730,2025-01-21,2025-03-14
sh.600238,2025-01-08,2025-03-03
sz.300308,2025-01-20,2025-03-13
sz.002528,2025-01-14,2025-03-07
sh.688408,2025-01-13,2025-03-06
sz.000903,2025-01-06,2025-02-27
sz.002418,2025-01-14,2025-03-07
sh.603838,2025-01-08,2025-03-03
sz.003030,2025-01-20,2025-03-13
sh.600129,2025-01-02,2025-02-25
sz.300558,2025-01-27,2025-03-20
sh.600322,2025-01-02,2025-02-25
sh.603215,2025-01-02,2025-02-25
sz.002529,2025-01-07,2025-02-28
sz.301288,2025-01-10,2025-03-05
sz.300857,2025-01-10,2025-03-05
sz.301288,2025-01-14,2025-03-07
sh.603777,2025-01-10,2025-03-05
sz.000820,2025-01-09,2025-03-04
sz.300985,2025-01-06,2025-02-27
sz.002218,2025-01-03,2025-02-26
sh.603086,2025-01-09,2025-03-04
sz.300422,2025-01-13,2025-03-13
sh.600624,2025-01-10,2025-03-05
sh.603959,2025-01-06,2025-02-27
sz.001217,2025-01-02,2025-02-25
sh.603777,2025-01-16,2025-03-11
sh.600130,2025-01-13,2025-03-06
sz.002885,2025-01-06,2025-02-27
sz.002862,2025-01-22,2025-03-17
sz.301551,2025-02-11,2025-03-27
sh.600633,2025-02-12,2025-03-28
sz.300251,2025-02-11,2025-03-27
sz.301001,2025-02-13,2025-03-31
sh.603214,2025-02-06,2025-03-24
sz.002693,2025-02-26,2025-04-14
sz.002843,2025-02-19,2025-04-07
sz.300925,2025-02-12,2025-03-28
sh.603825,2025-02-14,2025-04-01
sh.688662,2025-02-24,2025-04-10
sz.000034,2025-02-20,2025-04-08
sh.688058,2025-02-12,2025-03-28
sh.688360,2025-02-25,2025-04-11
sh.600183,2025-02-14,2025-04-01
sh.688800,2025-02-19,2025-04-07
sz.300052,2025-02-28,2025-04-17
sz.300113,2025-02-13,2025-03-31
sz.300168,2025-02-12,2025-03-28
sz.300170,2025-02-11,2025-03-27
sh.688615,2025-02-12,2025-03-28
sh.688229,2025-02-12,2025-03-28
sz.300548,2025-02-19,2025-04-07
sh.603920,2025-02-24,2025-04-10
sh.688716,2025-02-21,2025-04-09
sz.300528,2025-02-12,2025-03-28
sz.000488,2025-02-06,2025-03-25
sh.688662,2025-02-25,2025-04-11
sh.688252,2025-02-25,2025-04-11
sz.000948,2025-02-13,2025-03-31
sz.300251,2025-02-19,2025-04-07
sz.000818,2025-02-19,2025-04-07
sz.002527,2025-02-26,2025-04-14
sh.603848,2025-02-17,2025-04-02
sz.300378,2025-02-13,2025-03-31
sh.688205,2025-02-25,2025-04-11
sz.002527,2025-02-25,2025-04-11
sh.688800,2025-02-14,2025-04-01
sz.002313,2025-02-12,2025-03-28
sh.688620,2025-02-06,2025-03-24
sz.300984,2025-02-13,2025-03-31
sz.301171,2025-02-12,2025-03-28
sh.600622,2025-02-26,2025-04-14
sz.300093,2025-02-24,2025-04-10
sz.002463,2025-02-20,2025-04-08
sz.002016,2025-02-10,2025-03-26
sh.688620,2025-02-12,2025-03-28
sz.300007,2025-02-25,2025-04-11
sh.688369,2025-02-13,2025-03-31
sz.000892,2025-02-24,2025-04-10
sz.002916,2025-02-14,2025-04-01
sh.603920,2025-02-20,2025-04-08
sz.300251,2025-02-12,2025-03-28
sz.002878,2025-02-13,2025-03-31
sz.300548,2025-02-24,2025-04-10
sz.002693,2025-02-12,2025-03-28
sz.002354,2025-02-12,2025-03-28
sz.000488,2025-02-11,2025-03-28
sz.300781,2025-02-13,2025-03-31
sh.603110,2025-02-14,2025-04-01
sz.002905,2025-02-12,2025-03-28
sh.600114,2025-02-19,2025-04-21
sz.002484,2025-02-18,2025-04-03
sh.688078,2025-02-12,2025-03-28
sh.603682,2025-02-13,2025-03-31
sh.688320,2025-02-25,2025-04-11
sz.300654,2025-02-13,2025-03-31
sz.002929,2025-02-20,2025-04-08
sh.688316,2025-02-12,2025-03-28
sh.688603,2025-02-25,2025-04-11
sz.000785,2025-02-12,2025-03-28
sh.603009,2025-02-24,2025-04-10
sz.000488,2025-02-14,2025-04-02
sh.688062,2025-02-25,2025-04-11
sh.688593,2025-02-25,2025-04-25
sz.300918,2025-02-24,2025-04-10
sh.603085,2025-02-25,2025-04-11
sz.300502,2025-02-17,2025-04-02
sz.301378,2025-02-13,2025-03-31
sz.300548,2025-02-21,2025-04-09
sz.300078,2025-02-13,2025-03-31
sh.688260,2025-02-12,2025-03-28
sz.300010,2025-02-13,2025-03-31
sh.688343,2025-02-21,2025-04-09
sh.603499,2025-02-07,2025-03-25
sz.300548,2025-02-13,2025-03-31
sz.002530,2025-02-13,2025-03-31
sz.002527,2025-02-21,2025-04-09
sh.688095,2025-02-12,2025-03-28
sz.300766,2025-02-19,2025-04-07
sh.688183,2025-02-19,2025-04-07
sz.002522,2025-02-25,2025-04-11
sh.600633,2025-02-20,2025-04-08
sz.300687,2025-02-28,2025-04-16
sz.301551,2025-02-07,2025-03-25
sz.000042,2025-02-19,2025-04-07
sh.605086,2025-02-25,2025-04-11
sh.688153,2025-02-12,2025-03-28
sz.300231,2025-02-25,2025-04-11
sz.300570,2025-02-18,2025-04-03
sz.301486,2025-02-24,2025-04-24
sz.300570,2025-02-14,2025-04-01
sh.603920,2025-02-21,2025-04-09
sz.300394,2025-02-19,2025-04-07
sh.601116,2025-02-13,2025-03-31
sh.603228,2025-02-14,2025-04-01
sz.002878,2025-02-12,2025-03-28
sz.002691,2025-02-10,2025-03-26
sh.688205,2025-02-07,2025-03-25
sz.002916,2025-02-13,2025-03-31
sz.000032,2025-02-21,2025-04-09
sh.688205,2025-02-17,2025-04-02
sh.600633,2025-02-13,2025-03-31
sz.000892,2025-02-25,2025-04-11
sz.300548,2025-02-20,2025-04-08
sz.000096,2025-02-25,2025-04-11
sz.002739,2025-02-12,2025-03-28
sz.000816,2025-02-21,2025-04-09
sh.688716,2025-02-25,2025-04-11
sz.300226,2025-02-12,2025-03-28
sz.300548,2025-02-12,2025-03-28
sh.688205,2025-02-14,2025-04-01
sh.600633,2025-02-14,2025-04-01
sh.603110,2025-02-13,2025-03-31
sh.603007,2025-02-07,2025-03-25
sh.603956,2025-02-21,2025-04-09
sh.603007,2025-02-10,2025-03-26
sz.300380,2025-02-13,2025-03-31
sz.300493,2025-02-25,2025-04-11
sz.300561,2025-02-13,2025-03-31
sz.002905,2025-02-11,2025-03-27
sz.300548,2025-02-14,2025-04-01
sz.000042,2025-02-17,2025-04-02
sh.603636,2025-02-12,2025-03-28
sz.300451,2025-02-12,2025-03-28
sh.688365,2025-02-12,2025-03-28
sz.301070,2025-02-17,2025-04-02
sz.002725,2025-02-24,2025-04-17
sh.605300,2025-02-25,2025-04-11
sh.603786,2025-02-14,2025-04-01
sh.603063,2025-02-17,2025-04-02
sz.300220,2025-02-12,2025-03-28
sz.301313,2025-02-13,2025-03-31
sz.002691,2025-02-19,2025-04-07
sz.002693,2025-02-28,2025-04-16
sh.603915,2025-02-25,2025-04-11
sz.300229,2025-02-25,2025-04-11
sz.000702,2025-02-12,2025-03-28
sh.603956,2025-02-19,2025-04-07
sh.688205,2025-02-12,2025-03-28
sh.688165,2025-02-20,2025-04-08
sz.300502,2025-02-18,2025-04-03
sz.001330,2025-02-11,2025-03-27
sz.300251,2025-02-17,2025-04-02
sz.300125,2025-02-12,2025-03-28
sh.688078,2025-02-10,2025-03-26
sz.002052,2025-02-13,2025-03-31
sh.688590,2025-02-12,2025-03-28
sh.603956,2025-02-26,2025-04-14
sh.688691,2025-02-25,2025-04-11
sh.688183,2025-02-11,2025-03-27
sz.300918,2025-02-25,2025-04-11
sz.002153,2025-02-12,2025-03-28
sz.002910,2025-02-26,2025-04-14
sz.000856,2025-02-18,2025-04-03
sh.603949,2025-02-25,2025-04-11
sz.301486,2025-02-19,2025-04-07
sh.688165,2025-02-21,2025-04-09
sz.002739,2025-02-11,2025-03-27
sh.688195,2025-02-24,2025-04-24
sz.002052,2025-02-14,2025-04-01
sz.002569,2025-02-27,2025-04-15
sz.300058,2025-02-13,2025-03-31
sh.603956,2025-02-24,2025-04-10
sh.688205,2025-02-21,2025-04-09
sz.300792,2025-02-13,2025-03-31
sz.002354,2025-02-13,2025-03-31
sh.688183,2025-02-13,2025-03-31
sh.688205,2025-02-10,2025-03-26
sz.002878,2025-02-11,2025-03-27
sz.300570,2025-02-19,2025-04-07
sz.002693,2025-02-21,2025-04-09
sz.300766,2025-02-14,2025-04-01
sz.300229,2025-02-13,2025-03-31
sz.301171,2025-02-11,2025-03-27
sz.300311,2025-02-13,2025-03-31
sz.000818,2025-02-14,2025-04-01
sh.600418,2025-02-12,2025-03-28
sz.300352,2025-02-13,2025-03-31
sz.000488,2025-02-10,2025-03-27
sh.600633,2025-02-18,2025-04-03
sh.688205,2025-02-11,2025-03-27
sz.300478,2025-02-17,2025-04-02
sz.301326,2025-02-24,2025-04-10
sz.301085,2025-02-25,2025-04-11
sh.688183,2025-02-17,2025-04-02
sh.603786,2025-02-12,2025-03-28
sh.688205,2025-02-13,2025-03-31
sz.300624,2025-02-13,2025-03-31
sh.688183,2025-02-18,2025-04-03
sz.000679,2025-02-25,2025-04-11
sh.603918,2025-02-14,2025-04-01
sz.002343,2025-02-20,2025-04-08
sh.603786,2025-02-13,2025-03-31
sz.002123,2025-02-12,2025-03-28
sh.603920,2025-02-19,2025-04-07
sz.002463,2025-02-18,2025-04-03
sh.600114,2025-02-21,2025-04-23
sh.688197,2025-02-25,2025-04-11
sz.300502,2025-02-24,2025-04-10
sz.300528,2025-02-11,2025-03-27
sh.600539,2025-02-21,2025-04-23
sz.002862,2025-02-07,2025-03-25
sz.300816,2025-02-13,2025-03-31
sh.603662,2025-02-25,2025-04-11
sz.002052,2025-02-12,2025-03-28
sz.301486,2025-02-21,2025-04-23
sz.300378,2025-02-12,2025-03-28
sz.002463,2025-02-14,2025-04-01
sz.301186,2025-02-13,2025-04-02
sh.688316,2025-02-17,2025-04-02
sh.603338,2025-02-07,2025-03-25
sz.301439,2025-02-13,2025-03-31
sh.688158,2025-02-19,2025-04-07
sz.300251,2025-02-13,2025-03-31
sz.301076,2025-02-20,2025-04-08
sh.603118,2025-02-26,2025-04-14
sz.002484,2025-02-17,2025-04-02
sz.000488,2025-02-12,2025-03-31
sh.600410,2025-02-14,2025-04-01
sz.300271,2025-02-12,2025-03-28
sh.688125,2025-02-24,2025-04-10
sh.605398,2025-02-10,2025-03-26
sz.300220,2025-02-13,2025-03-31
sh.688158,2025-02-26,2025-04-14
sz.300473,2025-02-27,2025-04-15
sz.001696,2025-02-12,2025-03-28
sh.600986,2025-02-17,2025-04-02
sh.605086,2025-02-24,2025-04-10
sz.000802,2025-02-11,2025-03-27
sz.002896,2025-02-25,2025-04-11
sz.000032,2025-02-20,2025-04-08
sh.688365,2025-02-13,2025-03-31
sh.600183,2025-02-19,2025-04-07
sz.301001,2025-02-12,2025-03-28
sh.605300,2025-02-26,2025-04-14
sh.688631,2025-02-20,2025-04-08
sh.688316,2025-02-13,2025-03-31
sz.301186,2025-02-11,2025-03-31
sz.002400,2025-02-13,2025-03-31
sz.002881,2025-02-10,2025-03-26
sz.002881,2025-02-13,2025-03-31
sh.688158,2025-02-14,2025-04-01
sh.600633,2025-02-19,2025-04-07
sh.603103,2025-02-12,2025-03-28
sz.300570,2025-02-17,2025-04-02
sz.300502,2025-02-13,2025-03-31
sh.688316,2025-02-14,2025-04-01
sz.002910,2025-02-25,2025-04-11
sh.688800,2025-02-13,2025-03-31
sz.300031,2025-02-26,2025-04-14
sh.688327,2025-02-25,2025-04-11
sz.300654,2025-02-12,2025-03-28
sz.002691,2025-02-14,2025-04-01
sh.603789,2025-02-24,2025-04-10
sz.300913,2025-02-19,2025-04-07
sz.300570,2025-02-13,2025-03-31
sz.300559,2025-02-13,2025-03-31
sh.688369,2025-02-12,2025-03-28
sz.301003,2025-02-25,2025-04-11
sz.002298,2025-02-26,2025-04-14
sz.002693,2025-02-27,2025-04-15
sh.688435,2025-02-13,2025-03-31
sh.603496,2025-02-27,2025-04-15
sh.688205,2025-02-24,2025-04-10
sz.300182,2025-02-12,2025-03-28
sz.002261,2025-02-20,2025-04-08
sh.688800,2025-02-11,2025-03-27
sz.002691,2025-02-13,2025-03-31
sz.300421,2025-02-24,2025-04-10
sz.300570,2025-02-21,2025-04-09
sz.300694,2025-02-27,2025-04-15
sh.688023,2025-02-06,2025-03-24
sz.002016,2025-02-11,2025-03-27
sz.300570,2025-02-12,2025-03-28
sz.301299,2025-02-12,2025-03-28
sh.603197,2025-02-25,2025-04-11
sz.300846,2025-02-25,2025-04-11
sh.605398,2025-02-07,2025-03-25
sz.300703,2025-02-12,2025-03-28
sh.688205,2025-02-18,2025-04-03
sz.000488,2025-02-07,2025-03-26
sz.300548,2025-02-18,2025-04-03
sz.300223,2025-02-25,2025-04-11
sz.002691,2025-02-11,2025-03-27
sz.002916,2025-02-17,2025-04-02
sh.603039,2025-02-12,2025-03-28
sh.688183,2025-02-14,2025-04-01
sh.688158,2025-02-17,2025-04-02
sh.688062,2025-02-24,2025-04-10
sz.301626,2025-02-13,2025-03-31
sh.688158,2025-02-13,2025-03-31
sz.002463,2025-02-13,2025-03-31
sz.002691,2025-02-18,2025-04-03
sz.002747,2025-02-25,2025-04-11
sz.300688,2025-02-13,2025-03-31
sh.600588,2025-02-12,2025-03-28
sh.603278,2025-02-25,2025-04-11
sz.002123,2025-02-11,2025-03-27
sz.002816,2025-02-19,2025-04-07
sz.301626,2025-02-12,2025-03-28
sh.688272,2025-02-25,2025-04-11
sz.002693,2025-02-25,2025-04-11
sh.688343,2025-02-25,2025-04-11
sh.603956,2025-02-25,2025-04-11
sz.002016,2025-02-07,2025-03-25
sz.000967,2025-02-20,2025-04-08
sz.002052,2025-02-18,2025-04-03
sz.000856,2025-02-19,2025-04-07
sh.688435,2025-02-12,2025-03-28
sh.688165,2025-02-24,2025-04-10
sh.603728,2025-02-25,2025-04-11
sz.300892,2025-02-25,2025-04-11
sz.300788,2025-02-12,2025-03-28
sh.688698,2025-02-25,2025-04-11
sz.301052,2025-02-12,2025-03-28
sz.300170,2025-02-10,2025-03-26
sh.603956,2025-02-14,2025-04-01
sh.688313,2025-02-19,2025-04-07
sh.601116,2025-02-12,2025-03-28
sh.688787,2025-02-13,2025-03-31
sh.603789,2025-02-20,2025-04-08
sh.688229,2025-02-13,2025-03-31
sh.603918,2025-02-12,2025-03-28
sh.603063,2025-02-13,2025-03-31
sz.301186,2025-02-12,2025-04-01
sz.002484,2025-02-19,2025-04-07
sz.000818,2025-02-18,2025-04-03
sh.688118,2025-02-12,2025-03-28
sh.603110,2025-02-19,2025-04-07
sh.600603,2025-02-13,2025-03-31
sz.002757,2025-02-14,2025-04-01
sz.000488,2025-02-13,2025-04-01
sz.300502,2025-02-20,2025-04-08
sh.688228,2025-02-25,2025-04-11
sh.688593,2025-02-27,2025-04-29
sh.600114,2025-02-20,2025-04-22
sh.603825,2025-02-12,2025-03-28
sz.301230,2025-02-13,2025-03-31
sh.603667,2025-02-24,2025-04-10
sz.002816,2025-02-18,2025-04-03
sh.688661,2025-02-19,2025-04-07
sh.688593,2025-02-26,2025-04-28
sz.300133,2025-02-12,2025-03-28
sz.002916,2025-02-19,2025-04-07
sh.688058,2025-02-06,2025-03-24
sz.000032,2025-02-24,2025-04-10
sz.300539,2025-02-25,2025-04-11
sh.603918,2025-02-17,2025-04-02
sh.601689,2025-02-24,2025-04-10
sz.300027,2025-02-12,2025-03-28
sh.603786,2025-02-17,2025-04-02
sh.688158,2025-02-25,2025-04-11
sh.603130,2025-02-18,2025-04-03
sh.601777,2025-02-25,2025-04-11
sz.302132,2025-02-12,2025-03-28
sz.301556,2025-02-19,2025-04-07
sz.002910,2025-02-24,2025-04-10
sz.002691,2025-02-17,2025-04-02
sz.301486,2025-02-25,2025-04-25
sz.300352,2025-02-12,2025-03-28
sh.603118,2025-02-25,2025-04-11
sh.603110,2025-02-17,2025-04-02
sh.600986,2025-02-13,2025-03-31
sz.301186,2025-02-19,2025-04-09
sh.688583,2025-02-25,2025-04-11
sz.002717,2025-02-14,2025-04-01
sz.300502,2025-02-19,2025-04-07
sz.000488,2025-02-17,2025-04-03
sh.688573,2025-02-27,2025-04-15
sz.000063,2025-02-20,2025-04-08
sh.688205,2025-02-19,2025-04-07
sh.601869,2025-02-21,2025-04-09
sz.000518,2025-02-17,2025-04-02
sh.603296,2025-02-19,2025-04-07
sh.688800,2025-02-17,2025-04-02
sh.605398,2025-02-11,2025-03-27
sh.603825,2025-02-13,2025-03-31
sh.688668,2025-02-19,2025-04-07
sz.002522,2025-02-24,2025-04-10
sz.002693,2025-02-11,2025-03-27
sz.300491,2025-02-19,2025-04-07
sz.002664,2025-02-24,2025-04-10
sz.000856,2025-02-17,2025-04-02
sh.603040,2025-02-25,2025-04-11
sz.002575,2025-02-27,2025-04-15
sz.301556,2025-02-20,2025-04-08
sh.603499,2025-02-06,2025-03-24
sz.300548,2025-02-17,2025-04-02
sh.688766,2025-02-25,2025-04-11
sz.002052,2025-02-19,2025-04-07
sz.300620,2025-03-28,2025-05-19
sh.600362,2025-03-21,2025-05-12
sh.600742,2025-03-20,2025-05-09
sz.300611,2025-03-24,2025-05-13
sh.688498,2025-03-20,2025-05-09
sz.301218,2025-03-20,2025-05-09
sz.300771,2025-03-21,2025-05-12
sz.300875,2025-03-20,2025-05-09
sh.603788,2025-03-21,2025-05-12
sz.002851,2025-03-10,2025-04-24
sz.301353,2025-03-24,2025-05-13
sz.002432,2025-03-25,2025-05-14
sz.001387,2025-03-25,2025-05-14
sz.000970,2025-03-28,2025-05-19
sz.002358,2025-03-18,2025-05-07
sz.300331,2025-03-21,2025-05-12
sz.300811,2025-03-20,2025-05-09
sz.002149,2025-03-19,2025-05-08
sz.002532,2025-03-31,2025-05-20
sz.300328,2025-03-14,2025-04-30
sz.301282,2025-03-20,2025-05-09
sh.603900,2025-03-17,2025-05-06
sz.301135,2025-03-28,2025-05-19
sh.603949,2025-03-21,2025-05-12
sz.300561,2025-03-28,2025-05-20
sz.300396,2025-03-20,2025-05-09
sh.603638,2025-03-24,2025-05-13
sz.002984,2025-03-20,2025-05-09
sz.002599,2025-03-14,2025-04-30
sh.600203,2025-03-18,2025-05-07
sz.300253,2025-03-21,2025-05-12
sz.002815,2025-03-25,2025-05-14
sz.301133,2025-03-31,2025-05-20
sh.603066,2025-03-21,2025-05-12
sz.002905,2025-03-12,2025-04-28
sz.300179,2025-03-19,2025-05-08
sz.300606,2025-03-24,2025-05-13
sz.300840,2025-03-07,2025-04-23
sz.301429,2025-03-19,2025-05-08
sz.000980,2025-03-21,2025-05-12
sz.002553,2025-03-21,2025-05-12
sh.603320,2025-03-19,2025-05-08
sz.002579,2025-03-20,2025-05-09
sh.603197,2025-03-27,2025-05-16
sz.300345,2025-03-19,2025-05-08
sz.002162,2025-03-19,2025-05-08
sz.002981,2025-03-20,2025-05-09
sz.301552,2025-03-20,2025-05-09
sh.603111,2025-03-19,2025-05-08
sz.301517,2025-03-19,2025-05-08
sz.300037,2025-03-19,2025-05-08
sz.300192,2025-03-20,2025-05-09
sz.002824,2025-03-14,2025-04-30
sz.001306,2025-03-10,2025-04-24
sz.002722,2025-03-24,2025-05-13
sz.002821,2025-03-27,2025-05-16
sh.603667,2025-03-13,2025-04-29
sz.300099,2025-03-19,2025-05-08
sz.002150,2025-03-24,2025-05-13
sz.300596,2025-03-21,2025-05-12
sz.300708,2025-03-19,2025-05-08
sz.300257,2025-03-21,2025-05-12
sz.300093,2025-03-17,2025-05-07
sz.002979,2025-03-25,2025-05-14
sz.301155,2025-03-20,2025-05-09
sz.300025,2025-03-13,2025-04-29
sh.600609,2025-03-26,2025-05-15
sz.301196,2025-03-25,2025-05-14
sh.600618,2025-03-20,2025-05-09
sz.300308,2025-03-27,2025-05-16
sz.300787,2025-03-25,2025-05-14
sh.600581,2025-03-20,2025-05-09
sz.002347,2025-03-17,2025-05-06
sz.300607,2025-03-13,2025-04-29
sh.600989,2025-03-21,2025-05-12
sz.001217,2025-03-27,2025-05-16
sz.301128,2025-03-21,2025-05-12
sz.002387,2025-03-12,2025-04-28
sh.688272,2025-03-27,2025-05-16
sh.688063,2025-03-19,2025-05-08
sh.600110,2025-03-19,2025-05-08
sh.603613,2025-03-21,2025-05-12
sz.300508,2025-03-31,2025-05-20
sz.002055,2025-03-13,2025-04-29
sz.001319,2025-03-21,2025-05-12
sh.688031,2025-03-28,2025-05-19
sz.300265,2025-03-19,2025-05-08
sz.300892,2025-03-14,2025-04-30
sh.603757,2025-03-21,2025-05-12
sz.001333,2025-03-28,2025-05-19
sz.002632,2025-03-20,2025-05-09
sz.002878,2025-03-19,2025-05-08
sz.300798,2025-03-21,2025-05-12
sz.301328,2025-03-26,2025-05-15
sz.301221,2025-03-20,2025-05-09
sz.300695,2025-03-18,2025-05-07
sz.000833,2025-03-19,2025-05-08
sz.300620,2025-03-19,2025-05-08
sz.002897,2025-03-24,2025-05-13
sz.300822,2025-03-21,2025-05-12
sz.301133,2025-03-19,2025-05-08
sz.300956,2025-03-26,2025-05-29
sh.600732,2025-03-26,2025-05-15
sz.002546,2025-03-24,2025-05-13
sh.605222,2025-03-24,2025-05-13
sz.301358,2025-03-17,2025-05-06
sh.688468,2025-03-19,2025-05-08
sz.300489,2025-03-21,2025-05-12
sh.688108,2025-03-31,2025-05-20
sz.300809,2025-03-27,2025-05-16
sz.301329,2025-03-24,2025-05-13
sz.002990,2025-03-21,2025-05-12
sz.000823,2025-03-25,2025-05-14
sh.688090,2025-03-18,2025-05-07
sz.300521,2025-03-25,2025-05-14
sz.000818,2025-03-19,2025-05-08
sh.688332,2025-03-26,2025-05-15
sz.300386,2025-03-14,2025-04-30
sz.301232,2025-03-19,2025-05-08
sh.688682,2025-03-19,2025-05-08
sz.002849,2025-03-20,2025-05-09
sh.603131,2025-03-20,2025-05-09
sz.301139,2025-03-31,2025-05-20
sz.003028,2025-03-31,2025-05-20
sh.603315,2025-03-20,2025-05-09
sz.300680,2025-03-20,2025-05-09
sz.002348,2025-03-12,2025-04-28
sz.300433,2025-03-24,2025-05-13
sz.300657,2025-03-28,2025-05-19
sh.600397,2025-03-24,2025-05-13
sz.300836,2025-03-20,2025-05-09
sz.301428,2025-03-25,2025-05-14
sz.301181,2025-03-19,2025-05-08
sz.002164,2025-03-21,2025-05-12
sh.603968,2025-03-25,2025-05-14
sz.000868,2025-03-20,2025-05-09
sz.300169,2025-03-20,2025-05-09
sh.603289,2025-03-19,2025-05-08
sh.600589,2025-03-17,2025-05-06
sh.603291,2025-03-25,2025-05-14
sz.002943,2025-03-24,2025-05-13
sz.001309,2025-03-10,2025-04-24
sz.300105,2025-03-19,2025-05-08
sz.301018,2025-03-24,2025-05-13
sz.300577,2025-03-20,2025-05-09
sz.301596,2025-03-13,2025-04-29
sz.301172,2025-03-13,2025-04-29
sh.603890,2025-03-31,2025-05-20
sz.301512,2025-03-20,2025-05-09
sh.601865,2025-03-21,2025-05-12
sz.300191,2025-03-24,2025-05-13
sh.688525,2025-03-19,2025-05-08
sh.603366,2025-03-19,2025-05-08
sh.603610,2025-03-19,2025-05-08
sz.300231,2025-03-19,2025-05-08
sh.688516,2025-03-24,2025-05-13
sz.300476,2025-03-20,2025-05-09
sh.600589,2025-03-27,2025-05-16
sz.301029,2025-03-28,2025-05-19
sz.002824,2025-03-21,2025-05-12
sz.300365,2025-03-24,2025-05-13
sz.300112,2025-03-24,2025-05-13
sh.603191,2025-03-20,2025-05-09
sz.000820,2025-03-18,2025-05-08
sh.688244,2025-03-21,2025-05-12
sz.301459,2025-03-31,2025-05-20
sz.300107,2025-03-19,2025-05-08
sz.002598,2025-03-25,2025-05-14
sh.688646,2025-03-26,2025-05-16
sz.300657,2025-03-05,2025-04-21
sz.300698,2025-03-31,2025-05-20
sh.603203,2025-03-19,2025-05-08
sh.600666,2025-03-21,2025-05-12
sz.300457,2025-03-21,2025-05-12
sz.301111,2025-03-20,2025-05-09
sz.301503,2025-03-28,2025-05-19
sz.300746,2025-03-19,2025-05-08
sz.300675,2025-03-19,2025-05-08
sz.300451,2025-03-06,2025-04-22
sz.002195,2025-03-17,2025-05-06
sz.300787,2025-03-26,2025-05-15
sh.688347,2025-03-19,2025-05-08
sz.001206,2025-03-24,2025-05-13
sz.002705,2025-03-25,2025-05-14
sz.300532,2025-03-21,2025-05-12
sh.605183,2025-03-27,2025-05-16
sh.605118,2025-03-26,2025-05-15
sz.001311,2025-03-21,2025-05-12
sz.002831,2025-03-20,2025-05-09
sz.301169,2025-03-07,2025-04-23
sz.002449,2025-03-19,2025-05-08
sz.001306,2025-03-17,2025-05-06
sh.605177,2025-03-24,2025-05-13
sh.603366,2025-03-20,2025-05-09
sz.300036,2025-03-19,2025-05-08
sz.301566,2025-03-24,2025-05-13
sh.600588,2025-03-05,2025-04-21
sh.600208,2025-03-26,2025-05-15
sz.000056,2025-03-21,2025-05-12
sh.605166,2025-03-27,2025-05-16
sz.301448,2025-03-21,2025-05-12
sh.688057,2025-03-20,2025-05-09
sz.000967,2025-03-19,2025-05-08
sh.688292,2025-03-20,2025-05-09
sz.000700,2025-03-26,2025-05-15
sh.603273,2025-03-19,2025-05-08
sz.300411,2025-03-20,2025-05-09
sh.603004,2025-03-21,2025-05-12
sz.002708,2025-03-31,2025-06-03
sh.688071,2025-03-20,2025-05-09
sh.688557,2025-03-20,2025-05-09
sz.300602,2025-03-19,2025-05-08
sz.301208,2025-03-13,2025-04-29
sz.002278,2025-03-25,2025-05-14
sh.688348,2025-03-21,2025-05-12
sh.603728,2025-03-21,2025-05-12
sz.001236,2025-03-31,2025-05-20
sz.300581,2025-03-19,2025-05-08
sz.300846,2025-03-21,2025-05-12
sz.300403,2025-03-21,2025-05-12
sz.002253,2025-03-18,2025-05-08
sz.002717,2025-03-19,2025-05-09
sh.688070,2025-03-20,2025-05-09
sh.603007,2025-03-04,2025-04-18
sz.300084,2025-03-21,2025-05-12
sz.301278,2025-03-21,2025-05-12
sh.603328,2025-03-24,2025-05-13
sz.300248,2025-03-11,2025-04-25
sz.300320,2025-03-25,2025-05-14
sh.688629,2025-03-12,2025-04-28
sz.300938,2025-03-21,2025-05-12
sh.688001,2025-03-14,2025-04-30
sz.301297,2025-03-19,2025-05-08
sz.001380,2025-03-24,2025-05-13
sz.301018,2025-03-06,2025-04-22
sh.688484,2025-03-21,2025-05-12
sz.002463,2025-03-19,2025-05-08
sz.300272,2025-03-21,2025-05-12
sh.603296,2025-03-31,2025-05-20
sz.301275,2025-03-21,2025-05-12
sh.600990,2025-03-20,2025-05-09
sz.300530,2025-03-10,2025-04-24
sh.688022,2025-03-13,2025-04-29
sz.002326,2025-03-04,2025-04-18
sz.300402,2025-03-21,2025-05-12
sz.300592,2025-03-21,2025-05-12
sh.603218,2025-03-24,2025-05-13
sz.300185,2025-03-20,2025-05-13
sh.688001,2025-03-31,2025-05-20
sz.300478,2025-03-20,2025-05-09
sz.300566,2025-03-28,2025-05-19
sz.300337,2025-03-24,2025-05-13
sz.301136,2025-03-24,2025-05-13
sh.600881,2025-03-19,2025-05-08
sz.300953,2025-03-28,2025-05-19
sh.600986,2025-03-27,2025-05-16
sz.301157,2025-03-11,2025-04-25
sz.002272,2025-03-17,2025-05-06
sz.002045,2025-03-19,2025-05-08
sz.301311,2025-03-20,2025-05-09
sz.300031,2025-03-24,2025-05-13
sh.603701,2025-03-19,2025-05-08
sh.601231,2025-03-27,2025-05-16
sz.300780,2025-03-24,2025-05-13
sz.300846,2025-03-12,2025-04-28
sz.300863,2025-03-14,2025-04-30
sz.002837,2025-03-31,2025-05-20
sz.300570,2025-03-20,2025-05-09
sz.300681,2025-03-27,2025-05-16
sz.301002,2025-03-19,2025-05-08
sz.301113,2025-03-19,2025-05-08
sh.600843,2025-03-21,2025-05-12
sz.301310,2025-03-18,2025-05-07
sz.000608,2025-03-31,2025-05-21
sh.603716,2025-03-14,2025-04-30
sh.605228,2025-03-13,2025-04-29
sh.688681,2025-03-19,2025-05-08
sh.600742,2025-03-19,2025-05-08
sh.603839,2025-03-19,2025-05-08
sz.300445,2025-03-21,2025-05-12
sh.688290,2025-03-13,2025-04-29
sz.300538,2025-03-19,2025-05-08
sz.003007,2025-03-24,2025-05-13
sz.002106,2025-03-31,2025-05-20
sh.603915,2025-03-17,2025-05-06
sz.300813,2025-03-25,2025-05-14
sz.002580,2025-03-24,2025-05-13
sz.301577,2025-03-25,2025-05-14
sh.688393,2025-03-31,2025-05-20
sz.301390,2025-03-19,2025-05-08
sz.300329,2025-03-20,2025-05-09
sh.603351,2025-03-26,2025-05-15
sz.001298,2025-03-20,2025-05-09
sz.300148,2025-03-20,2025-05-09
sz.002682,2025-03-25,2025-05-14
sz.002543,2025-03-19,2025-05-08
sz.301112,2025-03-24,2025-05-27
sz.300594,2025-03-19,2025-05-08
sz.300835,2025-03-19,2025-05-08
sh.603197,2025-03-25,2025-05-14
sh.603843,2025-03-24,2025-05-14
sz.002884,2025-03-21,2025-05-12
sh.603615,2025-03-13,2025-04-29
sh.600117,2025-03-20,2025-05-09
sh.603380,2025-03-20,2025-05-09
sh.603045,2025-03-24,2025-05-13
sh.600825,2025-03-20,2025-05-09
sz.002866,2025-03-20,2025-05-09
sz.300762,2025-03-19,2025-05-08
sz.000050,2025-03-21,2025-05-12
sz.301578,2025-03-20,2025-05-09
sh.603216,2025-03-20,2025-05-09
sz.300731,2025-03-24,2025-05-13
sh.600410,2025-03-17,2025-05-06
sz.300364,2025-03-21,2025-05-12
sh.603610,2025-03-24,2025-05-13
sz.300775,2025-03-19,2025-05-08
sz.000630,2025-03-24,2025-05-13
sh.600758,2025-03-25,2025-05-14
sh.605228,2025-03-21,2025-05-12
sz.300032,2025-03-19,2025-05-08
sz.000536,2025-03-19,2025-05-08
sh.603045,2025-03-25,2025-05-14
sz.002997,2025-03-21,2025-05-12
sz.300812,2025-03-21,2025-05-12
sz.300427,2025-03-19,2025-05-08
sh.688379,2025-03-24,2025-05-13
sz.300663,2025-03-19,2025-05-08
sh.688429,2025-03-20,2025-05-09
sz.001222,2025-03-20,2025-05-09
sh.688680,2025-03-21,2025-05-12
sz.300220,2025-03-25,2025-05-14
sz.301628,2025-03-20,2025-05-09
sh.600397,2025-03-25,2025-05-14
sz.002796,2025-03-21,2025-05-12
sz.301618,2025-03-20,2025-05-09
sz.301357,2025-03-19,2025-05-08
sz.300126,2025-03-21,2025-05-12
sz.300543,2025-03-20,2025-05-09
sz.300238,2025-03-28,2025-05-19
sh.688112,2025-03-19,2025-05-08
sz.002599,2025-03-19,2025-05-08
sz.003015,2025-03-28,2025-05-19
sz.002615,2025-03-20,2025-05-09
sz.301266,2025-03-21,2025-05-12
sz.300444,2025-03-21,2025-05-12
sz.001319,2025-03-25,2025-05-14
sz.002239,2025-03-21,2025-05-12
sz.301233,2025-03-21,2025-05-12
sh.600481,2025-03-31,2025-05-20
sz.002184,2025-03-24,2025-05-13
sz.000901,2025-03-19,2025-05-08
sz.301578,2025-03-24,2025-05-13
sh.603628,2025-03-21,2025-05-12
sz.002887,2025-03-20,2025-05-09
sz.002369,2025-03-17,2025-05-06
sh.688208,2025-03-28,2025-05-19
sh.688588,2025-03-20,2025-05-09
sz.002975,2025-03-10,2025-04-24
sz.002115,2025-03-21,2025-05-12
sz.300311,2025-03-12,2025-04-28
sz.002640,2025-03-13,2025-04-29
sh.600169,2025-03-19,2025-05-08
sz.300952,2025-03-27,2025-05-16
sz.301312,2025-03-21,2025-05-12
sh.603995,2025-03-20,2025-05-09
sh.688107,2025-03-03,2025-04-17
sz.300107,2025-03-25,2025-05-14
sz.002977,2025-03-20,2025-05-09
sz.300109,2025-03-25,2025-05-14
sz.301325,2025-03-07,2025-04-23
sh.688359,2025-03-25,2025-05-14
sz.300266,2025-03-24,2025-05-13
sz.002955,2025-03-27,2025-05-16
sz.301257,2025-03-31,2025-05-20
sz.300382,2025-03-21,2025-05-12
sz.301248,2025-03-07,2025-04-23
sz.002863,2025-03-24,2025-05-13
sz.300523,2025-03-10,2025-04-24
sz.300836,2025-03-21,2025-05-12
sh.688388,2025-03-19,2025-05-08
sz.002614,2025-03-21,2025-05-12
sz.002796,2025-03-24,2025-05-13
sz.002137,2025-03-19,2025-05-08
sh.603991,2025-03-20,2025-05-09
sz.300691,2025-03-20,2025-05-09
sz.002766,2025-03-17,2025-05-06
sh.600810,2025-03-20,2025-05-09
sh.600841,2025-03-10,2025-04-24
sz.000981,2025-03-20,2025-05-09
sz.301231,2025-03-19,2025-05-08
sz.300664,2025-03-19,2025-05-08
sz.002160,2025-03-20,2025-05-09
sz.300459,2025-03-18,2025-05-07
sz.300308,2025-03-25,2025-05-14
sz.301189,2025-03-19,2025-05-08
sh.688255,2025-03-31,2025-05-20
sz.301366,2025-03-14,2025-04-30
sz.300499,2025-03-12,2025-04-28
sz.002896,2025-03-20,2025-05-09
sz.002801,2025-04-01,2025-05-21
sz.000430,2025-04-09,2025-05-29
sh.688184,2025-04-21,2025-06-11
sz.002047,2025-04-11,2025-06-03
sh.688184,2025-04-23,2025-06-13
sz.002076,2025-04-18,2025-06-10
sz.300260,2025-04-08,2025-05-27
sh.603739,2025-04-02,2025-05-22
sh.688050,2025-04-08,2025-05-27
sz.002717,2025-04-30,2025-06-19
sz.300938,2025-04-01,2025-05-21
sz.301386,2025-04-01,2025-05-21
sz.300793,2025-04-01,2025-05-21
sz.300211,2025-04-18,2025-06-10
sh.603688,2025-04-11,2025-05-30
sh.600593,2025-04-14,2025-06-03
sz.301601,2025-04-16,2025-06-05
sh.603072,2025-04-10,2025-05-29
sz.300152,2025-04-21,2025-06-11
sz.003020,2025-04-21,2025-06-10
sz.300472,2025-04-23,2025-06-13
sz.300152,2025-04-15,2025-06-05
sh.600712,2025-04-09,2025-05-28
sz.000736,2025-04-08,2025-05-28
sz.000524,2025-04-09,2025-05-28
sz.000759,2025-04-10,2025-05-29
sh.600187,2025-04-17,2025-06-06
sz.300233,2025-04-01,2025-05-21
sz.000759,2025-04-14,2025-06-03
sz.002688,2025-04-09,2025-05-28
sz.300527,2025-04-10,2025-05-29
sz.300773,2025-04-21,2025-06-10
sh.600598,2025-04-07,2025-05-26
sz.301118,2025-04-10,2025-05-29
sz.300005,2025-04-11,2025-05-30
sh.600381,2025-04-07,2025-05-27
sh.688486,2025-04-17,2025-06-06
sz.002214,2025-04-01,2025-05-22
sz.002496,2025-04-09,2025-05-29
sz.300211,2025-04-22,2025-06-12
sh.600130,2025-04-11,2025-06-03
sh.600865,2025-04-18,2025-06-09
sh.603739,2025-04-03,2025-05-23
sz.301117,2025-04-14,2025-06-03
sz.300199,2025-04-01,2025-05-21
sz.300016,2025-04-01,2025-05-21
sz.300218,2025-04-01,2025-05-21
sz.002253,2025-04-10,2025-05-30
sh.603021,2025-04-14,2025-06-04
sz.002713,2025-04-10,2025-05-30
sz.300044,2025-04-14,2025-06-04
sh.688169,2025-04-01,2025-05-21
sh.600228,2025-04-14,2025-06-04
sz.300871,2025-04-09,2025-05-28
sz.301116,2025-04-15,2025-06-04
sz.301558,2025-04-15,2025-06-04
sz.002529,2025-04-11,2025-06-03
sh.688676,2025-04-01,2025-05-21
sh.600590,2025-04-08,2025-05-27
sz.301117,2025-04-11,2025-05-30
sz.001234,2025-04-15,2025-06-04
sz.002693,2025-04-23,2025-06-13
sz.300716,2025-04-15,2025-06-05
sz.300281,2025-04-10,2025-05-29
sz.300044,2025-04-16,2025-06-06
sz.003020,2025-04-22,2025-06-11
sz.002234,2025-04-10,2025-05-29
sh.603721,2025-04-22,2025-06-12
sh.605199,2025-04-25,2025-06-17
sz.300477,2025-04-11,2025-06-03
sz.002820,2025-04-15,2025-06-04
sh.688280,2025-04-30,2025-06-19
sh.603800,2025-04-11,2025-05-30
sz.300087,2025-04-10,2025-05-29
sh.600746,2025-04-21,2025-06-10
sh.688788,2025-04-17,2025-06-06
sz.300653,2025-04-01,2025-05-21
sz.000505,2025-04-14,2025-06-03
sh.688046,2025-04-01,2025-05-21
sz.002630,2025-04-10,2025-05-30
sz.002549,2025-04-09,2025-05-28
sz.002042,2025-04-23,2025-06-12
sz.300866,2025-04-01,2025-05-21
sz.300876,2025-04-01,2025-05-21
sh.603072,2025-04-08,2025-05-27
sh.605188,2025-04-15,2025-06-04
sz.002713,2025-04-09,2025-05-29
sz.002058,2025-04-10,2025-05-30
sz.300326,2025-04-16,2025-06-06
sz.300260,2025-04-09,2025-05-28
sz.002353,2025-04-01,2025-05-21
sz.002253,2025-04-14,2025-06-04
sh.688486,2025-04-16,2025-06-05
sz.002723,2025-04-01,2025-05-21
sh.688184,2025-04-15,2025-06-05
sh.603696,2025-04-22,2025-06-11
sz.000697,2025-04-11,2025-06-03
sz.002570,2025-04-14,2025-06-03
sz.000880,2025-04-08,2025-05-27
sz.300721,2025-04-15,2025-06-04
sz.301156,2025-04-03,2025-05-23
sz.300106,2025-04-10,2025-05-29
sz.002122,2025-04-11,2025-05-30
sz.300695,2025-04-01,2025-05-21
sz.300561,2025-04-07,2025-05-27
sz.300413,2025-04-15,2025-06-04
sh.605199,2025-04-28,2025-06-18
sh.600381,2025-04-03,2025-05-26
sz.002900,2025-04-09,2025-05-28
sz.002234,2025-04-11,2025-05-30
sh.688646,2025-04-25,2025-06-17
sh.600228,2025-04-10,2025-05-30
sh.600359,2025-04-03,2025-05-23
sz.301396,2025-04-01,2025-05-21
sz.002900,2025-04-07,2025-05-26
sh.603789,2025-04-11,2025-06-03
sh.600238,2025-04-14,2025-06-04
sz.300211,2025-04-16,2025-06-06
sz.300442,2025-04-11,2025-05-30
sh.605199,2025-04-10,2025-05-30
sh.688646,2025-04-18,2025-06-10
sz.002076,2025-04-08,2025-05-28
sh.688068,2025-04-22,2025-06-11
sh.603257,2025-04-11,2025-05-30
sh.600310,2025-04-23,2025-06-12
sz.301392,2025-04-30,2025-06-19
sh.603221,2025-04-08,2025-05-27
sh.605118,2025-04-01,2025-05-21
sz.003003,2025-04-22,2025-06-11
sh.603338,2025-04-02,2025-05-22
sh.605188,2025-04-21,2025-06-10
sh.603739,2025-04-08,2025-05-27
sz.002221,2025-04-01,2025-05-21
sh.600228,2025-04-09,2025-05-29
sz.300106,2025-04-08,2025-05-27
sh.600243,2025-04-09,2025-05-29
sh.600228,2025-04-16,2025-06-06
sz.002538,2025-04-11,2025-05-30
sz.000504,2025-04-08,2025-05-28
sh.603800,2025-04-10,2025-05-29
sz.300477,2025-04-22,2025-06-12
sz.301616,2025-04-01,2025-05-21
sz.000697,2025-04-14,2025-06-04
sz.300421,2025-04-01,2025-05-21
sz.301275,2025-04-01,2025-05-21
sh.603922,2025-04-16,2025-06-05
sh.688646,2025-04-23,2025-06-13
sz.300106,2025-04-09,2025-05-28
sz.002211,2025-04-14,2025-06-04
sh.600107,2025-04-14,2025-06-04
sz.300871,2025-04-01,2025-05-21
sh.603330,2025-04-09,2025-05-28
sz.300661,2025-04-15,2025-06-04
sh.603221,2025-04-03,2025-05-23
sh.600525,2025-04-16,2025-06-06
sz.301558,2025-04-14,2025-06-03
sh.603169,2025-04-07,2025-05-26
sz.300413,2025-04-10,2025-05-29
sh.603920,2025-04-01,2025-05-21
sz.301065,2025-04-10,2025-05-29
sz.002693,2025-04-22,2025-06-12
sh.600368,2025-04-08,2025-05-27
sh.603843,2025-04-15,2025-06-05
sz.000697,2025-04-09,2025-05-29
sz.000697,2025-04-07,2025-05-27
sz.000733,2025-04-10,2025-05-29
sh.600828,2025-04-29,2025-06-18
sz.301156,2025-04-08,2025-05-27
sz.300052,2025-04-01,2025-05-21
sz.002947,2025-04-01,2025-05-21
sz.002042,2025-04-30,2025-06-19
sz.300125,2025-04-10,2025-05-30
sz.002251,2025-04-23,2025-06-12
sh.600107,2025-04-15,2025-06-05
sh.603789,2025-04-10,2025-05-30
sh.603721,2025-04-18,2025-06-10
sh.603739,2025-04-11,2025-05-30
sz.002306,2025-04-09,2025-05-29
sz.300225,2025-04-15,2025-07-31
sz.000510,2025-04-18,2025-06-09
sz.300087,2025-04-03,2025-05-23
sh.603843,2025-04-21,2025-06-11
sh.603813,2025-04-14,2025-06-03
sz.301058,2025-04-07,2025-05-26
sz.002851,2025-04-01,2025-05-21
sh.603516,2025-04-11,2025-05-30
sh.688184,2025-04-17,2025-06-09
sz.001256,2025-04-21,2025-06-10
sh.605305,2025-04-01,2025-05-21
sz.002693,2025-04-14,2025-06-04
sz.000785,2025-04-09,2025-05-28
sh.600107,2025-04-11,2025-06-03
sz.300477,2025-04-14,2025-06-04
sz.300326,2025-04-09,2025-05-29
sz.300189,2025-04-07,2025-05-26
sz.301116,2025-04-17,2025-06-06
sh.600774,2025-04-30,2025-06-19
sz.301525,2025-04-01,2025-05-21
sz.001256,2025-04-14,2025-06-03
sh.603398,2025-04-08,2025-05-28
sh.603556,2025-04-15,2025-06-04
sz.300380,2025-04-08,2025-05-27
sz.300611,2025-04-30,2025-06-19
sh.603721,2025-04-16,2025-06-06
sz.002047,2025-04-15,2025-06-05
sz.301333,2025-04-01,2025-05-21
sh.688486,2025-04-18,2025-06-09
sh.600265,2025-04-22,2025-06-12
sz.002427,2025-04-21,2025-06-10
sh.603800,2025-04-01,2025-05-21
sh.603721,2025-04-10,2025-05-30
sz.300657,2025-04-01,2025-05-21
sh.600381,2025-04-08,2025-05-28
sz.002937,2025-04-01,2025-05-21
sz.002938,2025-04-01,2025-05-21
sz.002717,2025-04-21,2025-06-11
sz.000417,2025-04-18,2025-06-09
sh.600381,2025-04-10,2025-05-30
sz.002211,2025-04-11,2025-06-03
sz.002571,2025-04-23,2025-06-12
sz.002900,2025-04-03,2025-05-23
sh.603721,2025-04-11,2025-06-03
sh.603257,2025-04-08,2025-05-27
sh.603021,2025-04-08,2025-05-28
sz.300927,2025-04-11,2025-05-30
sh.688255,2025-04-01,2025-05-21
sz.002816,2025-04-10,2025-05-30
sh.605555,2025-04-01,2025-05-21
sz.300892,2025-04-22,2025-06-11
sz.300757,2025-04-08,2025-05-27
sh.603169,2025-04-09,2025-05-28
sz.301336,2025-04-30,2025-06-19
sz.301601,2025-04-14,2025-06-03
sz.300927,2025-04-14,2025-06-03
sh.603580,2025-04-22,2025-06-11
sz.301116,2025-04-18,2025-06-09
sz.002630,2025-04-11,2025-06-03
sz.301558,2025-04-11,2025-05-30
sz.002923,2025-04-01,2025-05-21
sz.300529,2025-04-01,2025-05-21
sz.002514,2025-04-10,2025-05-29
sz.301010,2025-04-01,2025-05-21
sh.600593,2025-04-09,2025-05-28
sh.603317,2025-04-11,2025-05-30
sh.600794,2025-04-17,2025-06-06
sz.300205,2025-04-16,2025-06-06
sh.600289,2025-04-14,2025-06-03
sh.600590,2025-04-10,2025-05-29
sh.688306,2025-04-01,2025-05-21
sz.300757,2025-04-11,2025-05-30
sz.300898,2025-04-14,2025-06-03
sh.600381,2025-04-11,2025-06-03
sz.300205,2025-04-15,2025-06-05
sz.000524,2025-04-14,2025-06-03
sz.300819,2025-04-01,2025-05-21
sz.300205,2025-04-17,2025-06-09
sz.000785,2025-04-11,2025-05-30
sh.603416,2025-04-01,2025-05-21
sz.300274,2025-04-01,2025-05-21
sz.300419,2025-04-10,2025-05-29
sh.600371,2025-04-08,2025-05-27
sh.600965,2025-04-11,2025-05-30
sh.600353,2025-04-01,2025-05-21
sh.688646,2025-04-24,2025-06-16
sz.003003,2025-04-21,2025-06-10
sz.300989,2025-04-09,2025-05-28
sz.002187,2025-04-10,2025-05-29
sh.603580,2025-04-23,2025-06-12
sz.000837,2025-04-01,2025-05-21
sh.603688,2025-04-10,2025-05-29
sz.003020,2025-04-23,2025-06-12
sz.002717,2025-04-28,2025-06-18
sz.300211,2025-04-23,2025-06-13
sz.002639,2025-04-01,2025-05-21
sz.002251,2025-04-25,2025-06-16
sh.688076,2025-04-01,2025-05-21
sz.300198,2025-04-21,2025-06-11
sz.300841,2025-04-11,2025-05-30
sh.600818,2025-04-01,2025-05-21
sh.603210,2025-04-09,2025-05-28
sh.603721,2025-04-14,2025-06-04
sh.601086,2025-04-22,2025-06-11
sz.002693,2025-04-16,2025-06-06
sz.002557,2025-04-14,2025-06-03
sz.002923,2025-04-11,2025-05-30
sz.000608,2025-04-01,2025-05-22
sh.601008,2025-04-14,2025-06-03
sz.301550,2025-04-01,2025-05-21
sz.300980,2025-04-01,2025-05-21
sh.603688,2025-04-15,2025-06-04
sz.000697,2025-04-08,2025-05-28
sz.300087,2025-04-08,2025-05-27
sh.603398,2025-04-01,2025-05-22
sz.300106,2025-04-14,2025-06-03
sz.300225,2025-04-08,2025-07-24
sz.000785,2025-04-15,2025-06-04
sz.300152,2025-04-11,2025-06-03
sz.002165,2025-04-18,2025-06-09
sz.002076,2025-04-09,2025-05-29
sz.000908,2025-04-23,2025-06-12
sh.600422,2025-04-11,2025-05-30
sh.600381,2025-04-15,2025-06-05
sh.603336,2025-04-03,2025-05-23
sz.002076,2025-04-07,2025-05-27
sz.002211,2025-04-15,2025-06-05
sz.002955,2025-04-01,2025-05-21
sz.300298,2025-04-01,2025-05-21
sh.603214,2025-04-14,2025-06-03
sz.003032,2025-04-08,2025-05-28
sz.002571,2025-04-30,2025-06-19
sz.000595,2025-04-14,2025-06-04
sh.603843,2025-04-16,2025-06-06
sh.603688,2025-04-14,2025-06-03
sz.300870,2025-04-01,2025-05-21
sz.002047,2025-04-10,2025-05-30
sz.300716,2025-04-09,2025-05-29
sh.600265,2025-04-15,2025-06-05
sz.000785,2025-04-14,2025-06-03
sz.002306,2025-04-03,2025-05-26
sz.300153,2025-04-01,2025-05-21
sh.603128,2025-04-15,2025-06-04
sz.002717,2025-04-18,2025-06-10
sz.300205,2025-04-21,2025-06-11
sh.688266,2025-04-28,2025-06-17
sz.002563,2025-04-14,2025-06-03
sz.300773,2025-04-18,2025-06-09
sz.300353,2025-04-01,2025-05-21
sz.301325,2025-04-01,2025-05-21
sh.600422,2025-04-14,2025-06-03
sz.301256,2025-04-11,2025-05-30
sz.300326,2025-04-17,2025-06-09
sh.688073,2025-04-01,2025-05-21
sz.000430,2025-04-03,2025-05-26
sh.688010,2025-04-29,2025-06-18
sh.603021,2025-04-16,2025-06-06
sh.688050,2025-04-14,2025-06-03
sz.003032,2025-04-11,2025-06-03
sh.603709,2025-04-11,2025-05-30
sh.688010,2025-04-30,2025-06-19
sz.301220,2025-04-18,2025-06-09
sz.300475,2025-04-01,2025-05-21
sz.000753,2025-04-18,2025-06-09
sz.301665,2025-04-11,2025-05-30
sz.300200,2025-04-14,2025-06-03
sz.002563,2025-04-16,2025-06-05
sh.688001,2025-04-01,2025-05-21
sh.688788,2025-04-11,2025-05-30
sz.002253,2025-04-16,2025-06-06
sz.300326,2025-04-11,2025-06-03
sz.300225,2025-04-18,2025-08-05
sz.301601,2025-04-15,2025-06-04
sz.300848,2025-04-01,2025-05-21
sz.002992,2025-04-30,2025-06-19
sz.301073,2025-04-15,2025-06-04
sz.000697,2025-04-10,2025-05-30
sh.600589,2025-04-01,2025-05-21
sh.600107,2025-04-10,2025-05-30
sz.301601,2025-04-11,2025-05-30
sz.300044,2025-04-18,2025-06-10
sh.600381,2025-04-09,2025-05-29
sh.688646,2025-04-22,2025-06-12
sh.603398,2025-04-18,2025-06-10
sz.300477,2025-04-18,2025-06-10
sz.300125,2025-04-01,2025-05-22
sh.603317,2025-04-18,2025-06-09
sz.300044,2025-04-10,2025-05-30
sz.002253,2025-04-11,2025-06-03
sh.603317,2025-04-17,2025-06-06
sh.603336,2025-04-08,2025-05-27
sh.603789,2025-04-16,2025-06-06
sz.300318,2025-04-10,2025-05-29
sh.600300,2025-04-15,2025-06-04
sz.300818,2025-04-01,2025-05-21
sz.002697,2025-04-21,2025-06-10
sh.600292,2025-04-11,2025-05-30
sh.688536,2025-04-16,2025-06-05
sh.603259,2025-04-01,2025-05-21
sz.300871,2025-04-02,2025-05-22
sz.300044,2025-04-09,2025-05-29
sh.600300,2025-04-18,2025-06-09
sz.301116,2025-04-14,2025-06-03
sz.300153,2025-04-10,2025-05-29
sz.300570,2025-04-01,2025-05-21
sh.688062,2025-04-21,2025-06-10
sh.603257,2025-04-15,2025-06-04
sz.300240,2025-04-11,2025-05-30
sh.688556,2025-04-01,2025-05-21
sz.002693,2025-04-21,2025-06-11
sh.600368,2025-04-10,2025-05-29
sz.300643,2025-04-01,2025-05-21
sz.002563,2025-04-15,2025-06-04
sh.688599,2025-04-01,2025-05-21
sz.300326,2025-04-14,2025-06-04
sh.603128,2025-04-14,2025-06-03
sz.002117,2025-04-01,2025-05-21
sz.000504,2025-04-10,2025-05-30
sh.603507,2025-04-01,2025-05-21
sh.688368,2025-04-22,2025-06-11
sh.603317,2025-04-23,2025-06-12
sz.300251,2025-04-17,2025-06-06
sz.000565,2025-05-23,2025-07-09
sh.603657,2025-05-08,2025-06-24
sz.002819,2025-05-16,2025-07-02
sz.000967,2025-05-27,2025-07-11
sz.301008,2025-05-16,2025-07-02
sh.688448,2025-05-08,2025-06-24
sz.300611,2025-05-08,2025-06-24
sz.002809,2025-05-13,2025-06-27
sh.688010,2025-05-09,2025-06-25
sh.688017,2025-05-14,2025-06-30
sh.600340,2025-05-15,2025-07-01
sz.301459,2025-05-16,2025-07-02
sz.301591,2025-05-27,2025-07-11
sz.300809,2025-05-06,2025-06-20
sh.688096,2025-05-08,2025-06-24
sz.002164,2025-05-08,2025-06-24
sz.002907,2025-05-30,2025-07-16
sz.301518,2025-05-19,2025-07-03
sz.301135,2025-05-14,2025-06-30
sh.605136,2025-05-27,2025-07-11
sz.301317,2025-05-12,2025-06-26
sz.001309,2025-05-09,2025-06-25
sh.688552,2025-05-09,2025-06-25
sz.000096,2025-05-15,2025-07-01
sh.600148,2025-05-20,2025-07-04
sh.603286,2025-05-14,2025-06-30
sh.603429,2025-05-08,2025-06-24
sh.688279,2025-05-09,2025-06-25
sh.603488,2025-05-12,2025-06-26
sh.688096,2025-05-14,2025-06-30
sz.002580,2025-05-30,2025-07-16
sh.603577,2025-05-28,2025-07-14
sz.002347,2025-05-27,2025-07-11
sz.301316,2025-05-23,2025-07-09
sh.600448,2025-05-19,2025-07-03
sz.000096,2025-05-22,2025-07-08
sz.301009,2025-05-30,2025-07-16
sz.002849,2025-05-09,2025-06-25
sz.301518,2025-05-16,2025-07-02
sz.300153,2025-05-12,2025-06-26
sz.002735,2025-05-27,2025-07-11
sh.600592,2025-05-14,2025-06-30
sz.300650,2025-05-22,2025-07-08
sz.300153,2025-05-06,2025-06-20
sh.603577,2025-05-26,2025-07-10
sh.688081,2025-05-13,2025-06-27
sz.002331,2025-05-12,2025-06-26
sz.300004,2025-05-15,2025-07-01
sz.002735,2025-05-26,2025-07-10
sz.002743,2025-05-28,2025-07-14
sh.605188,2025-05-26,2025-07-10
sh.600798,2025-05-15,2025-07-01
sh.688408,2025-05-14,2025-06-30
sz.301082,2025-05-27,2025-07-11
sh.603333,2025-05-27,2025-07-11
sz.300809,2025-05-12,2025-06-26
sz.002560,2025-05-14,2025-06-30
sh.603630,2025-05-22,2025-07-08
sz.301078,2025-05-30,2025-07-16
sz.002651,2025-05-14,2025-06-30
sz.002909,2025-05-13,2025-06-27
sh.603267,2025-05-08,2025-06-24
sz.300755,2025-05-29,2025-07-15
sh.603192,2025-05-26,2025-07-10
sz.301101,2025-05-07,2025-06-23
sz.002040,2025-05-20,2025-07-04
sz.002920,2025-05-27,2025-07-11
sz.300815,2025-05-28,2025-07-14
sh.605055,2025-05-16,2025-07-02
sh.688552,2025-05-12,2025-06-26
sh.600126,2025-05-12,2025-06-26
sh.605198,2025-05-29,2025-07-15
sz.002284,2025-05-15,2025-07-01
sz.300809,2025-05-09,2025-06-25
sz.000565,2025-05-13,2025-06-27
sh.600817,2025-05-27,2025-07-11
sh.600793,2025-05-26,2025-07-10
sh.603915,2025-05-15,2025-07-01
sh.688136,2025-05-30,2025-07-16
sh.603607,2025-05-27,2025-07-11
sz.301336,2025-05-09,2025-06-25
sz.300766,2025-05-14,2025-06-30
sz.002431,2025-05-29,2025-07-15
sz.301535,2025-05-19,2025-07-03
sz.002811,2025-05-21,2025-07-07
sz.300755,2025-05-30,2025-07-16
sh.600793,2025-05-30,2025-07-16
sz.002575,2025-05-13,2025-06-27
sz.002480,2025-05-23,2025-07-23
sz.002547,2025-05-15,2025-07-01
sh.600448,2025-05-14,2025-06-30
sz.003006,2025-05-30,2025-07-16
sz.300119,2025-05-23,2025-07-09
sz.301501,2025-05-22,2025-07-08
sz.301024,2025-05-29,2025-07-15
sh.688455,2025-05-26,2025-07-10
sz.002331,2025-05-09,2025-06-25
sh.605055,2025-05-22,2025-07-08
sz.301413,2025-05-09,2025-06-25
sz.002650,2025-05-26,2025-07-10
sz.300879,2025-05-19,2025-07-03
sz.300100,2025-05-09,2025-06-25
sz.000605,2025-05-15,2025-07-01
sz.001212,2025-05-28,2025-07-14
sz.301070,2025-05-28,2025-07-14
sz.300819,2025-05-14,2025-06-30
sz.300946,2025-05-14,2025-06-30
sz.002165,2025-05-22,2025-07-08
sh.603359,2025-05-30,2025-07-16
sz.300738,2025-05-06,2025-06-20
sz.002779,2025-05-14,2025-06-30
sh.603237,2025-05-19,2025-07-03
sh.603429,2025-05-13,2025-06-27
sz.300771,2025-05-27,2025-07-11
sz.300100,2025-05-13,2025-06-27
sz.000561,2025-05-23,2025-07-09
sh.603686,2025-05-29,2025-07-15
sz.000026,2025-05-30,2025-07-16
sz.301101,2025-05-08,2025-06-24
sz.000576,2025-05-13,2025-06-27
sh.603681,2025-05-27,2025-07-11
sh.605055,2025-05-20,2025-07-04
sz.300607,2025-05-15,2025-07-01
sz.000559,2025-05-09,2025-06-25
sz.301101,2025-05-09,2025-06-25
sh.688096,2025-05-06,2025-06-20
sz.301316,2025-05-22,2025-07-08
sz.002813,2025-05-19,2025-07-03
sh.688648,2025-05-29,2025-07-15
sh.603610,2025-05-07,2025-06-23
sz.300611,2025-05-12,2025-06-26
sz.002575,2025-05-14,2025-06-30
sh.603630,2025-05-19,2025-07-03
sh.601086,2025-05-27,2025-07-11
sz.300846,2025-05-12,2025-06-26
sz.000695,2025-05-29,2025-07-15
sh.600006,2025-05-27,2025-07-11
sh.600192,2025-05-28,2025-07-14
sh.600829,2025-05-30,2025-07-16
sz.300819,2025-05-16,2025-07-02
sz.300581,2025-05-14,2025-06-30
sz.300248,2025-05-12,2025-06-26
sh.688621,2025-05-29,2025-07-15
sh.603839,2025-05-27,2025-07-11
sz.002907,2025-05-29,2025-07-15
sh.688433,2025-05-09,2025-06-25
sz.002165,2025-05-14,2025-06-30
sz.002992,2025-05-06,2025-06-20
sz.300879,2025-05-15,2025-07-01
sh.688096,2025-05-12,2025-06-26
sh.600463,2025-05-20,2025-07-04
sh.603398,2025-05-20,2025-07-04
sh.688206,2025-05-29,2025-07-15
sz.002136,2025-05-23,2025-07-09
sz.300648,2025-05-15,2025-07-01
sz.300997,2025-05-26,2025-07-10
sz.002068,2025-05-19,2025-07-03
sh.688227,2025-05-27,2025-07-11
sh.603237,2025-05-22,2025-07-08
sh.600448,2025-05-13,2025-06-27
sz.301160,2025-05-08,2025-06-24
sz.002510,2025-05-20,2025-07-04
sz.300581,2025-05-13,2025-06-27
sz.002255,2025-05-27,2025-07-11
sz.300695,2025-05-14,2025-06-30
sz.300648,2025-05-14,2025-06-30
sz.300740,2025-05-30,2025-07-16
sz.301076,2025-05-23,2025-07-09
sh.603681,2025-05-29,2025-07-15
sh.600137,2025-05-19,2025-07-03
sz.002165,2025-05-20,2025-07-04
sz.000576,2025-05-12,2025-06-26
sh.603237,2025-05-23,2025-07-09
sh.600793,2025-05-23,2025-07-09
sz.000566,2025-05-30,2025-07-16
sh.600793,2025-05-22,2025-07-08
sz.300611,2025-05-14,2025-06-30
sz.301518,2025-05-14,2025-06-30
sz.301291,2025-05-09,2025-06-25
sz.000815,2025-05-12,2025-06-26
sz.002981,2025-05-09,2025-06-25
sz.300328,2025-05-14,2025-06-30
sh.603429,2025-05-07,2025-06-23
sz.301013,2025-05-15,2025-07-01
sz.000026,2025-05-29,2025-07-15
sz.301076,2025-05-22,2025-07-08
sz.302132,2025-05-08,2025-06-24
sh.605009,2025-05-30,2025-07-16
sz.000096,2025-05-20,2025-07-04
sh.688433,2025-05-08,2025-06-24
sh.605005,2025-05-30,2025-07-16
sh.601022,2025-05-15,2025-07-01
sz.300466,2025-05-16,2025-07-02
sz.300871,2025-05-19,2025-07-03
sz.002551,2025-05-12,2025-06-26
sz.301156,2025-05-13,2025-06-27
sh.600576,2025-05-29,2025-07-15
sh.603398,2025-05-27,2025-07-11
sz.301322,2025-05-29,2025-07-15
sh.600137,2025-05-21,2025-07-07
sh.603693,2025-05-27,2025-07-11
sz.002779,2025-05-15,2025-07-01
sh.605136,2025-05-26,2025-07-10
sz.300870,2025-05-09,2025-06-25
sz.300100,2025-05-12,2025-06-26
sz.300611,2025-05-07,2025-06-23
sz.002136,2025-05-22,2025-07-08
sh.603193,2025-05-30,2025-07-16
sz.300422,2025-05-27,2025-07-11
sz.301260,2025-05-26,2025-07-10
sh.603017,2025-05-30,2025-07-16
sz.000859,2025-05-23,2025-07-09
sz.002490,2025-05-06,2025-06-20
sh.600340,2025-05-16,2025-07-02
sh.603083,2025-05-09,2025-06-25
sh.605055,2025-05-21,2025-07-07
sz.300650,2025-05-15,2025-07-01
sz.301413,2025-05-14,2025-06-30
sh.603089,2025-05-27,2025-07-11
sh.605198,2025-05-30,2025-07-16
sz.301101,2025-05-13,2025-06-27
sh.603398,2025-05-28,2025-07-14
sz.002811,2025-05-22,2025-07-08
sz.002190,2025-05-16,2025-07-02
sh.688552,2025-05-08,2025-06-24
sz.301225,2025-05-09,2025-06-25
sh.688017,2025-05-09,2025-06-25
sz.002480,2025-05-22,2025-07-22
sz.002633,2025-05-29,2025-07-15
sh.600678,2025-05-27,2025-07-11
sh.688132,2025-05-16,2025-07-02
sz.003036,2025-05-15,2025-07-01
sh.603610,2025-05-09,2025-06-25
sh.605188,2025-05-30,2025-07-16
sz.002915,2025-05-14,2025-06-30
sh.688799,2025-05-29,2025-07-15
sz.301459,2025-05-15,2025-07-01
sz.300884,2025-05-06,2025-06-20
sz.000151,2025-05-14,2025-07-10
sz.300258,2025-05-14,2025-06-30
sz.300581,2025-05-08,2025-06-24
sz.002809,2025-05-19,2025-07-03
sz.002590,2025-05-27,2025-07-11
sz.000953,2025-05-30,2025-07-16
sz.002560,2025-05-15,2025-07-01
sh.688455,2025-05-27,2025-07-11
sz.300897,2025-05-06,2025-06-20
sz.300946,2025-05-15,2025-07-01
sh.688280,2025-05-06,2025-06-20
sz.002849,2025-05-12,2025-06-26
sh.603577,2025-05-30,2025-07-16
sz.000096,2025-05-16,2025-07-02
sz.300153,2025-05-07,2025-06-23
sz.300100,2025-05-08,2025-06-24
sz.000096,2025-05-26,2025-07-10
sh.603429,2025-05-12,2025-06-26
sz.002809,2025-05-15,2025-07-01
sh.605198,2025-05-26,2025-07-10
sz.300997,2025-05-27,2025-07-11
sz.301101,2025-05-14,2025-06-30
sz.002040,2025-05-21,2025-07-07
sh.603800,2025-05-06,2025-06-20
sz.300650,2025-05-23,2025-07-09
sz.301007,2025-05-20,2025-07-08
sz.000573,2025-05-22,2025-07-08
sz.003036,2025-05-16,2025-07-02
sz.300489,2025-05-16,2025-07-02
sh.603630,2025-05-23,2025-07-09
sh.688171,2025-05-15,2025-07-01
sz.001230,2025-05-27,2025-07-11
sz.301392,2025-05-06,2025-06-20
sz.300986,2025-05-08,2025-06-24
sz.300119,2025-05-29,2025-07-15
sz.000559,2025-05-14,2025-06-30
sh.600770,2025-05-19,2025-07-03
sz.300789,2025-05-08,2025-06-24
sz.000677,2025-05-26,2025-07-10
sz.002909,2025-05-14,2025-06-30
sh.688010,2025-05-12,2025-06-26
sz.002743,2025-05-29,2025-07-15
sh.603949,2025-05-23,2025-07-09
sh.600505,2025-05-20,2025-07-04
sz.301459,2025-05-20,2025-07-04
sh.603577,2025-05-29,2025-07-15
sz.002127,2025-05-16,2025-07-02
sh.688393,2025-05-12,2025-06-26
sz.000677,2025-05-23,2025-07-09
sh.601579,2025-05-27,2025-07-11
sh.603429,2025-05-06,2025-06-20
sz.300681,2025-05-09,2025-06-25
sh.688017,2025-05-13,2025-06-27
sh.600448,2025-05-16,2025-07-02
sz.002779,2025-05-19,2025-07-03
sh.600576,2025-05-28,2025-07-14
sz.301032,2025-05-12,2025-06-26
sz.000026,2025-05-28,2025-07-14
sz.003036,2025-05-19,2025-07-03
sz.301302,2025-05-12,2025-06-26
sz.000605,2025-05-19,2025-07-03
sz.001316,2025-05-12,2025-06-26
sh.688280,2025-05-27,2025-07-11
sz.002431,2025-05-30,2025-07-16
sz.300119,2025-05-28,2025-07-14
sz.301336,2025-05-12,2025-06-26
sh.688678,2025-05-08,2025-06-24
sz.301225,2025-05-08,2025-06-24
sz.300904,2025-05-16,2025-07-02
sh.688678,2025-05-12,2025-06-26
sh.688132,2025-05-21,2025-07-07
sz.301381,2025-05-12,2025-06-26
sz.002811,2025-05-19,2025-07-03
sz.301089,2025-05-19,2025-07-03
sz.002347,2025-05-29,2025-07-15
sz.300005,2025-05-06,2025-06-20
sh.603577,2025-05-27,2025-07-11
sz.002490,2025-05-07,2025-06-23
sh.601022,2025-05-16,2025-07-02
sz.300960,2025-05-22,2025-07-08
sh.688685,2025-05-09,2025-06-25
sz.000096,2025-05-21,2025-07-07
sz.301119,2025-05-23,2025-07-09
sz.000826,2025-05-30,2025-07-16
sz.000695,2025-05-30,2025-07-16
sh.600081,2025-05-27,2025-07-11
sh.601908,2025-05-14,2025-06-30
sz.000520,2025-05-15,2025-07-01
sz.002338,2025-05-07,2025-06-23
sz.301070,2025-05-27,2025-07-11
sh.688132,2025-05-19,2025-07-03
sz.300650,2025-05-21,2025-07-07
sz.300472,2025-05-27,2025-07-11
sh.688360,2025-05-27,2025-07-11
sh.603072,2025-05-14,2025-06-30
sh.600576,2025-05-30,2025-07-16
sh.603390,2025-05-29,2025-07-15
sz.300875,2025-05-26,2025-07-10
sh.600448,2025-05-15,2025-07-01
sh.600137,2025-05-20,2025-07-04
sh.605133,2025-05-14,2025-06-30
sh.600936,2025-05-27,2025-07-11
sh.688010,2025-05-07,2025-06-23
sh.688132,2025-05-20,2025-07-04
sz.002345,2025-05-30,2025-07-16
sz.301336,2025-05-07,2025-06-23
sz.301013,2025-05-16,2025-07-02
sz.300119,2025-05-27,2025-07-11
sz.000677,2025-05-28,2025-07-14
sh.603429,2025-05-09,2025-06-25
sz.002651,2025-05-16,2025-07-02
sz.002809,2025-05-14,2025-06-30
sh.601083,2025-05-13,2025-06-27
sh.601908,2025-05-15,2025-07-01
sz.300815,2025-05-27,2025-07-11
sh.600770,2025-05-21,2025-07-07
sz.002977,2025-05-09,2025-06-25
sh.603429,2025-05-14,2025-06-30
sz.301119,2025-05-22,2025-07-08
sh.605055,2025-05-19,2025-07-03
sz.301317,2025-05-14,2025-06-30
sz.300927,2025-05-16,2025-07-02
sz.002811,2025-05-16,2025-07-02
sz.002347,2025-05-30,2025-07-16
sz.002571,2025-05-06,2025-06-20
sz.003036,2025-05-20,2025-07-04
sh.688132,2025-05-15,2025-07-01
sz.301008,2025-05-12,2025-06-26
sh.600396,2025-05-07,2025-06-23
sz.300100,2025-05-14,2025-06-30
sz.000677,2025-05-29,2025-07-15
sh.601579,2025-05-28,2025-07-14
sz.300819,2025-05-15,2025-07-01
sz.002165,2025-05-19,2025-07-03
sz.001316,2025-05-07,2025-06-23
sh.603150,2025-05-27,2025-07-11
sz.300927,2025-05-19,2025-07-03
sz.002809,2025-05-12,2025-06-26
sh.688048,2025-05-07,2025-06-23
sz.300845,2025-05-12,2025-06-26
sh.600770,2025-05-20,2025-07-04
sh.688648,2025-05-30,2025-07-16
sh.601086,2025-05-30,2025-07-16
sh.688136,2025-05-29,2025-07-15
sh.688017,2025-05-12,2025-06-26
sh.605188,2025-05-27,2025-07-11
sz.002165,2025-05-15,2025-07-01
sz.000826,2025-05-28,2025-07-14
sz.300879,2025-05-20,2025-07-04
sz.300809,2025-05-14,2025-06-30
sz.002819,2025-05-14,2025-06-30
sz.300466,2025-05-06,2025-06-20
sh.688010,2025-05-06,2025-06-20
sz.301300,2025-05-16,2025-07-02
sh.688448,2025-05-09,2025-06-25
sh.603607,2025-05-26,2025-07-10
sz.301210,2025-05-14,2025-06-30
sh.600855,2025-05-08,2025-06-24
sz.000573,2025-05-23,2025-07-09
sz.002981,2025-05-12,2025-06-26
sz.002403,2025-05-20,2025-07-04
sh.603300,2025-05-12,2025-06-26
sz.002309,2025-06-30,2025-08-14
sz.301005,2025-06-05,2025-07-21
sz.301302,2025-06-26,2025-08-11
sz.301498,2025-06-25,2025-08-08
sh.688205,2025-06-16,2025-07-30
sh.688011,2025-06-17,2025-07-31
sh.603518,2025-06-11,2025-07-25
sz.300703,2025-06-09,2025-07-23
sh.688799,2025-06-10,2025-07-24
sh.688608,2025-06-17,2025-07-31
sz.301139,2025-06-26,2025-08-11
sz.002290,2025-06-06,2025-07-22
sh.688212,2025-06-04,2025-07-18
sz.002109,2025-06-17,2025-07-31
sz.002365,2025-06-27,2025-08-12
sh.688227,2025-06-05,2025-07-21
sz.301108,2025-06-10,2025-07-24
sz.300065,2025-06-04,2025-07-18
sz.300804,2025-06-19,2025-08-04
sz.002177,2025-06-05,2025-07-21
sz.002743,2025-06-11,2025-07-25
sh.603009,2025-06-05,2025-07-21
sz.000695,2025-06-03,2025-07-17
sz.002929,2025-06-05,2025-07-21
sz.002605,2025-06-04,2025-07-18
sz.002846,2025-06-27,2025-08-12
sz.002431,2025-06-04,2025-07-18
sz.002177,2025-06-04,2025-07-18
sz.300191,2025-06-12,2025-07-28
sz.301158,2025-06-13,2025-07-29
sh.605388,2025-06-05,2025-07-21
sh.605099,2025-06-12,2025-07-28
sz.301110,2025-06-10,2025-07-24
sh.605136,2025-06-05,2025-07-21
sz.300804,2025-06-12,2025-07-28
sz.301319,2025-06-26,2025-08-11
sh.688573,2025-06-27,2025-08-12
sh.603045,2025-06-04,2025-07-18
sh.600250,2025-06-09,2025-07-23
sh.605009,2025-06-12,2025-07-28
sh.688768,2025-06-10,2025-07-24
sh.600319,2025-06-30,2025-08-13
sz.300945,2025-06-06,2025-07-22
sz.300849,2025-06-18,2025-08-01
sz.300082,2025-06-04,2025-07-18
sh.600241,2025-06-27,2025-08-12
sz.301550,2025-06-03,2025-07-17
sz.300561,2025-06-27,2025-08-12
sz.002082,2025-06-03,2025-07-17
sz.300462,2025-06-20,2025-08-06
sz.002250,2025-06-12,2025-07-28
sz.300561,2025-06-24,2025-08-07
sz.301678,2025-06-26,2025-08-11
sz.301287,2025-06-06,2025-07-22
sz.002105,2025-06-05,2025-07-21
sz.002743,2025-06-06,2025-07-22
sh.600714,2025-06-17,2025-07-31
sz.000967,2025-06-03,2025-07-17
sz.002207,2025-06-18,2025-08-01
sz.002759,2025-06-24,2025-08-07
sz.301139,2025-06-27,2025-08-12
sh.605198,2025-06-05,2025-07-21
sh.688776,2025-06-05,2025-07-21
sz.301479,2025-06-05,2025-07-21
sz.300886,2025-06-11,2025-07-25
sh.603697,2025-06-10,2025-07-24
sz.300972,2025-06-27,2025-08-12
sz.300530,2025-06-10,2025-07-24
sz.300462,2025-06-26,2025-08-12
sh.605388,2025-06-06,2025-07-22
sz.300986,2025-06-12,2025-07-28
sz.002105,2025-06-03,2025-07-17
sz.000573,2025-06-04,2025-07-18
sz.300796,2025-06-05,2025-07-21
sz.000533,2025-06-03,2025-07-17
sz.300255,2025-06-16,2025-07-30
sh.688775,2025-06-16,2025-07-30
sz.002172,2025-06-11,2025-07-25
sz.300730,2025-06-24,2025-08-07
sz.300886,2025-06-12,2025-07-28
sh.603928,2025-06-30,2025-08-13
sh.688648,2025-06-12,2025-07-28
sz.002731,2025-06-12,2025-07-28
sz.301190,2025-06-05,2025-07-21
sh.603982,2025-06-27,2025-08-12
sh.605198,2025-06-04,2025-07-18
sz.000903,2025-06-30,2025-08-14
sz.300164,2025-06-18,2025-08-01
sh.600232,2025-06-09,2025-07-23
sz.002969,2025-06-03,2025-07-17
sh.600644,2025-06-06,2025-07-22
sz.301210,2025-06-03,2025-07-17
sz.300740,2025-06-10,2025-07-24
sz.300949,2025-06-10,2025-07-24
sz.002882,2025-06-26,2025-08-11
sz.002471,2025-06-05,2025-07-21
sz.300489,2025-06-25,2025-08-08
sz.300311,2025-06-17,2025-08-01
sh.605299,2025-06-10,2025-07-24
sz.300888,2025-06-06,2025-07-22
sh.603101,2025-06-04,2025-07-18
sz.002826,2025-06-18,2025-08-01
sh.603017,2025-06-03,2025-07-17
sh.688799,2025-06-11,2025-07-25
sh.603518,2025-06-10,2025-07-24
sz.300651,2025-06-30,2025-08-13
sh.605198,2025-06-06,2025-07-22
sz.002664,2025-06-03,2025-07-17
sh.603518,2025-06-03,2025-07-17
sz.000903,2025-06-26,2025-08-12
sh.603899,2025-06-10,2025-07-24
sz.002181,2025-06-09,2025-07-23
sh.603655,2025-06-11,2025-07-25
sz.300483,2025-06-18,2025-08-01
sz.002427,2025-06-06,2025-07-22
sz.300927,2025-06-06,2025-07-22
sh.603009,2025-06-04,2025-07-18
sh.601086,2025-06-06,2025-07-22
sh.688136,2025-06-03,2025-07-17
sz.000533,2025-06-05,2025-07-21
sz.300927,2025-06-11,2025-07-25
sh.600722,2025-06-19,2025-08-04
sh.688336,2025-06-03,2025-07-17
sz.300849,2025-06-23,2025-08-06
sz.300698,2025-06-23,2025-08-06
sz.300530,2025-06-13,2025-07-29
sz.002769,2025-06-24,2025-08-07
sz.301277,2025-06-04,2025-07-18
sz.300888,2025-06-09,2025-07-23
sz.300311,2025-06-10,2025-07-25
sh.600232,2025-06-06,2025-07-22
sz.002207,2025-06-24,2025-08-07
sh.603787,2025-06-10,2025-07-24
sz.002878,2025-06-12,2025-07-28
sz.301015,2025-06-10,2025-07-24
sz.002082,2025-06-05,2025-07-21
sz.300164,2025-06-16,2025-07-30
sz.002755,2025-06-11,2025-07-25
sz.000695,2025-06-04,2025-07-18
sz.000566,2025-06-05,2025-07-21
sh.603518,2025-06-09,2025-07-23
sz.002290,2025-06-05,2025-07-21
sh.688679,2025-06-03,2025-07-17
sz.301009,2025-06-04,2025-07-18
sh.605099,2025-06-09,2025-07-23
sz.300311,2025-06-05,2025-07-22
sz.002490,2025-06-24,2025-08-07
sh.600735,2025-06-05,2025-07-21
sh.603506,2025-06-03,2025-07-17
sh.603790,2025-06-26,2025-08-11
sz.300652,2025-06-10,2025-07-24
sz.002250,2025-06-11,2025-07-25
sz.300368,2025-06-24,2025-08-07
sh.688648,2025-06-11,2025-07-25
sh.603948,2025-06-24,2025-08-07
sz.300157,2025-06-17,2025-07-31
sz.002828,2025-06-16,2025-07-30
sz.000510,2025-06-04,2025-07-18
sz.300082,2025-06-05,2025-07-21
sh.603176,2025-06-03,2025-07-17
sh.601086,2025-06-03,2025-07-17
sz.300829,2025-06-13,2025-07-29
sh.600576,2025-06-06,2025-07-22
sz.002431,2025-06-03,2025-07-17
sz.300849,2025-06-17,2025-07-31
sz.002846,2025-06-24,2025-08-07
sh.601975,2025-06-19,2025-08-04
sz.002809,2025-06-30,2025-08-13
sz.002907,2025-06-03,2025-07-17
sz.002828,2025-06-19,2025-08-04
sh.688136,2025-06-10,2025-07-24
sz.300584,2025-06-20,2025-08-05
sz.002255,2025-06-03,2025-07-17
sh.603333,2025-06-05,2025-07-21
sz.300651,2025-06-06,2025-07-22
sz.300905,2025-06-06,2025-07-22
sz.002828,2025-06-17,2025-07-31
sz.002082,2025-06-04,2025-07-18
sh.600358,2025-06-10,2025-07-24
sz.301479,2025-06-06,2025-07-22
sh.605005,2025-06-03,2025-07-17
sz.301005,2025-06-04,2025-07-18
sz.002490,2025-06-18,2025-08-01
sz.300164,2025-06-19,2025-08-04
sz.300986,2025-06-09,2025-07-23
sz.002556,2025-06-10,2025-07-24
sz.300986,2025-06-10,2025-07-24
sh.600644,2025-06-10,2025-07-24
sh.605099,2025-06-06,2025-07-22
sz.301137,2025-06-10,2025-07-24
sz.300462,2025-06-24,2025-08-08
sz.002250,2025-06-20,2025-08-05
sh.600082,2025-06-04,2025-07-18
sh.600722,2025-06-16,2025-07-30
sz.003010,2025-06-27,2025-08-12
sz.300849,2025-06-12,2025-07-28
sz.300651,2025-06-11,2025-07-25
sz.300311,2025-06-13,2025-07-30
sh.603022,2025-06-23,2025-08-06
sh.605136,2025-06-03,2025-07-17
sh.600232,2025-06-12,2025-07-28
sz.300311,2025-06-06,2025-07-23
sz.301015,2025-06-12,2025-07-28
sh.600468,2025-06-10,2025-07-24
sh.688621,2025-06-04,2025-07-18
sh.605198,2025-06-12,2025-07-28
sz.300132,2025-06-10,2025-07-24
sh.600557,2025-06-10,2025-07-24
sz.002734,2025-06-10,2025-07-24
sz.301292,2025-06-20,2025-08-05
sh.688102,2025-06-03,2025-07-17
sh.605388,2025-06-04,2025-07-18
sz.002427,2025-06-09,2025-07-23
sz.301118,2025-06-16,2025-07-30
sz.301565,2025-06-26,2025-08-11
sh.688669,2025-06-03,2025-07-17
sz.000967,2025-06-05,2025-07-21
sz.000701,2025-06-11,2025-07-25
sh.688159,2025-06-27,2025-08-12
sz.002250,2025-06-13,2025-07-29
sz.002734,2025-06-09,2025-07-23
sh.688590,2025-06-04,2025-07-18
sz.000637,2025-06-18,2025-08-01
sh.688227,2025-06-04,2025-07-18
sh.600722,2025-06-18,2025-08-01
sz.002735,2025-06-05,2025-07-21
sz.002743,2025-06-05,2025-07-21
sz.301190,2025-06-11,2025-07-25
sz.301210,2025-06-04,2025-07-18
sh.688648,2025-06-09,2025-07-23
sz.300927,2025-06-04,2025-07-18
sh.688102,2025-06-04,2025-07-18
sh.603139,2025-06-11,2025-07-25
sh.688799,2025-06-12,2025-07-28
sh.600110,2025-06-24,2025-08-07
sz.000722,2025-06-04,2025-07-18
sz.300796,2025-06-06,2025-07-22
sz.300169,2025-06-24,2025-08-07
sz.002639,2025-06-06,2025-07-22
sz.002255,2025-06-05,2025-07-21
sz.002292,2025-06-10,2025-07-24
sz.002298,2025-06-06,2025-07-22
sh.603017,2025-06-06,2025-07-22
sz.301287,2025-06-09,2025-07-23
sz.300191,2025-06-17,2025-07-31
sz.301078,2025-06-04,2025-07-18
sz.300804,2025-06-20,2025-08-05
sh.688159,2025-06-25,2025-08-08
sz.003029,2025-06-24,2025-08-07
sh.603333,2025-06-03,2025-07-17
sz.301196,2025-06-04,2025-07-18
sh.688302,2025-06-06,2025-07-22
sh.603790,2025-06-24,2025-08-07
sz.301550,2025-06-06,2025-07-22
sz.300698,2025-06-20,2025-08-05
sz.300765,2025-06-04,2025-07-18
sz.300723,2025-06-06,2025-07-22
sh.688768,2025-06-09,2025-07-23
sz.300651,2025-06-05,2025-07-21
sh.688203,2025-06-17,2025-07-31
sz.300311,2025-06-18,2025-08-04
sz.300723,2025-06-09,2025-07-23
sz.301139,2025-06-30,2025-08-13
sh.688536,2025-06-03,2025-07-17
sh.688062,2025-06-10,2025-07-24
sz.300340,2025-06-26,2025-08-11
sz.002826,2025-06-19,2025-08-04
sh.603928,2025-06-26,2025-08-11
sz.002181,2025-06-10,2025-07-24
sz.300462,2025-06-27,2025-08-13
sh.600468,2025-06-11,2025-07-25
sh.603017,2025-06-04,2025-07-18
sz.301015,2025-06-11,2025-07-25
sh.600576,2025-06-09,2025-07-23
sh.603011,2025-06-10,2025-07-24
sh.605099,2025-06-10,2025-07-24
sz.300281,2025-06-09,2025-07-23
sz.301158,2025-06-11,2025-07-25
sz.300849,2025-06-24,2025-08-07
sz.300584,2025-06-27,2025-08-12
sz.300164,2025-06-13,2025-07-29
sz.300886,2025-06-10,2025-07-24
sh.688679,2025-06-04,2025-07-18
sz.301287,2025-06-10,2025-07-24
sh.605198,2025-06-09,2025-07-23
sh.603017,2025-06-05,2025-07-21
sz.300798,2025-06-25,2025-08-08
sz.301005,2025-06-03,2025-07-17
sh.603076,2025-06-05,2025-07-21
sz.300619,2025-06-20,2025-08-05
sh.688648,2025-06-20,2025-08-05
sz.002141,2025-06-24,2025-08-08
sz.300849,2025-06-19,2025-08-04
sh.688203,2025-06-12,2025-07-28
sz.002743,2025-06-03,2025-07-17
sh.688590,2025-06-05,2025-07-21
sz.301498,2025-06-26,2025-08-11
sh.600468,2025-06-05,2025-07-21
sz.300945,2025-06-11,2025-07-25
sz.300483,2025-06-17,2025-07-31
sz.300651,2025-06-09,2025-07-23
sz.002172,2025-06-10,2025-07-24
sz.002743,2025-06-09,2025-07-23
sz.301357,2025-06-26,2025-08-11
sz.300798,2025-06-26,2025-08-11
sz.300299,2025-06-09,2025-07-23
sz.002734,2025-06-13,2025-07-29
sz.300888,2025-06-04,2025-07-18
sz.301550,2025-06-04,2025-07-18
sz.300888,2025-06-03,2025-07-17
sz.002467,2025-06-06,2025-07-22
sz.002467,2025-06-05,2025-07-21
sh.688302,2025-06-05,2025-07-21
sh.600530,2025-06-10,2025-07-24
sh.603879,2025-06-06,2025-07-22
sh.600238,2025-06-04,2025-07-18
sh.603392,2025-06-03,2025-07-17
sz.300191,2025-06-13,2025-07-29
sz.002581,2025-06-27,2025-08-13
sz.300834,2025-06-10,2025-07-24
sz.300255,2025-06-20,2025-08-05
sz.300149,2025-06-11,2025-07-25
sh.605009,2025-06-11,2025-07-25
sh.600227,2025-06-17,2025-07-31
sz.301322,2025-06-03,2025-07-17
sz.002082,2025-06-06,2025-07-22
sz.300804,2025-06-23,2025-08-06
sh.688418,2025-06-04,2025-07-18
sz.301225,2025-06-11,2025-07-25
sh.688648,2025-06-10,2025-07-24
sh.600643,2025-06-27,2025-08-12
sh.688768,2025-06-05,2025-07-21
sz.300043,2025-06-09,2025-07-23
sh.603139,2025-06-10,2025-07-24
sh.603011,2025-06-12,2025-07-28
sh.603333,2025-06-06,2025-07-22
sh.600722,2025-06-17,2025-07-31
sh.605009,2025-06-09,2025-07-23
sz.002427,2025-06-04,2025-07-18
sz.000903,2025-06-27,2025-08-13
sh.688793,2025-06-05,2025-07-21
sh.603843,2025-06-24,2025-08-07
sh.603093,2025-06-05,2025-07-21
sz.002365,2025-06-30,2025-08-13
sh.603332,2025-06-09,2025-07-23
sz.300849,2025-06-25,2025-08-08
sh.600232,2025-06-11,2025-07-25
sh.688573,2025-06-26,2025-08-11
sz.002826,2025-06-12,2025-07-28
sz.301082,2025-06-03,2025-07-17
sz.301156,2025-06-10,2025-07-24
sh.600241,2025-06-26,2025-08-11
sh.600232,2025-06-13,2025-07-29
sh.603607,2025-06-10,2025-07-24
sh.603076,2025-06-03,2025-07-17
sz.002605,2025-06-09,2025-07-23
sh.600706,2025-06-09,2025-07-23
sz.001212,2025-06-25,2025-08-08
sh.600468,2025-06-06,2025-07-22
sh.605388,2025-06-10,2025-07-24
sh.603928,2025-06-27,2025-08-12
sz.002826,2025-06-13,2025-07-29
sh.603332,2025-06-17,2025-07-31
sh.688077,2025-06-10,2025-07-24
sz.300798,2025-06-23,2025-08-06
sz.000554,2025-06-19,2025-08-04
sz.300311,2025-06-16,2025-07-31
sz.002785,2025-06-13,2025-07-29
sz.002862,2025-06-10,2025-07-24
sh.605198,2025-06-11,2025-07-25
sz.002172,2025-06-09,2025-07-23
sh.688136,2025-06-12,2025-07-28
sz.000701,2025-06-12,2025-07-28
sz.002141,2025-06-20,2025-08-06
sz.300149,2025-06-10,2025-07-24
sz.300755,2025-06-04,2025-07-18
sh.600468,2025-06-09,2025-07-23
sz.002605,2025-06-05,2025-07-21
sh.605198,2025-06-03,2025-07-17
sh.601086,2025-06-05,2025-07-21
sh.688136,2025-06-04,2025-07-18
sh.605009,2025-06-10,2025-07-24
sh.688655,2025-06-05,2025-07-21
sz.002639,2025-06-05,2025-07-21
sz.002678,2025-06-13,2025-07-29
sh.688621,2025-06-03,2025-07-17
sh.603332,2025-06-10,2025-07-24
sz.300311,2025-06-11,2025-07-28
sz.300462,2025-06-19,2025-08-05
sh.688159,2025-06-26,2025-08-11
sh.688159,2025-06-23,2025-08-06
sh.603336,2025-06-06,2025-07-29
sz.301501,2025-06-03,2025-07-17
sz.300462,2025-06-23,2025-08-07
sh.605388,2025-06-03,2025-07-17
sh.600152,2025-06-27,2025-08-12
sh.688799,2025-06-09,2025-07-23
sz.301118,2025-06-12,2025-07-28
sz.301335,2025-06-10,2025-07-24
sz.300164,2025-06-17,2025-07-31
sz.002581,2025-07-08,2025-08-21
sz.000607,2025-07-10,2025-08-25
sh.605366,2025-07-10,2025-08-25
sz.301027,2025-07-24,2025-09-08
sz.002360,2025-07-18,2025-09-02
sz.300021,2025-07-25,2025-09-09
sz.300966,2025-07-31,2025-09-15
sh.603616,2025-07-28,2025-09-10
sh.605099,2025-07-29,2025-09-11
sz.002218,2025-07-09,2025-08-22
sz.301498,2025-07-02,2025-08-15
sz.002037,2025-07-28,2025-09-10
sh.601908,2025-07-10,2025-08-25
sz.001216,2025-07-28,2025-09-10
sz.002355,2025-07-04,2025-08-19
sz.002355,2025-07-03,2025-08-18
sh.688433,2025-07-15,2025-08-28
sz.300651,2025-07-25,2025-09-09
sz.003002,2025-07-22,2025-09-04
sz.002365,2025-07-02,2025-08-15
sz.002365,2025-07-09,2025-08-22
sz.300865,2025-07-18,2025-09-02
sz.002951,2025-07-14,2025-08-27
sz.002355,2025-07-07,2025-08-20
sz.300564,2025-07-21,2025-09-03
sz.003023,2025-07-24,2025-09-08
sh.600539,2025-07-30,2025-09-12
sz.002365,2025-07-10,2025-08-25
sh.601279,2025-07-15,2025-08-28
sz.002104,2025-07-14,2025-08-27
sz.300188,2025-07-25,2025-09-09
sh.688520,2025-07-16,2025-08-29
sz.002512,2025-07-15,2025-08-28
sz.002512,2025-07-17,2025-09-01
sz.300703,2025-07-15,2025-08-28
sz.300086,2025-07-29,2025-09-11
sh.603262,2025-07-23,2025-09-05
sz.002266,2025-07-22,2025-09-04
sz.002263,2025-07-07,2025-08-20
sz.300527,2025-07-23,2025-09-08
sh.688221,2025-07-18,2025-09-02
sz.002246,2025-07-18,2025-09-02
sz.002287,2025-07-30,2025-09-12
sh.600822,2025-07-16,2025-08-29
sh.603121,2025-07-23,2025-09-05
sz.000903,2025-07-11,2025-08-26
sz.002355,2025-07-08,2025-08-21
sh.600650,2025-07-22,2025-09-04
sz.002394,2025-07-15,2025-08-28
sz.300651,2025-07-28,2025-09-10
sz.001388,2025-07-01,2025-08-14
sz.002201,2025-07-07,2025-08-20
sz.002037,2025-07-25,2025-09-09
sh.688291,2025-07-04,2025-09-01
sz.002542,2025-07-22,2025-09-04
sz.003023,2025-07-31,2025-09-15
sh.688336,2025-07-22,2025-09-04
sz.001226,2025-07-24,2025-09-08
sz.300865,2025-07-22,2025-09-04
sz.300528,2025-07-25,2025-09-09
sh.605099,2025-07-28,2025-09-10
sz.000558,2025-07-31,2025-09-15
sh.603511,2025-07-23,2025-09-05
sh.603121,2025-07-30,2025-09-12
sz.002355,2025-07-01,2025-08-14
sz.000514,2025-07-15,2025-08-28
sz.300778,2025-07-10,2025-08-25
sh.688520,2025-07-25,2025-09-09
sz.300021,2025-07-29,2025-09-11
sz.300564,2025-07-22,2025-09-04
sz.000701,2025-07-23,2025-09-05
sh.600604,2025-07-14,2025-08-27
sh.605136,2025-07-07,2025-08-20
sz.300779,2025-07-15,2025-08-28
sz.300900,2025-07-16,2025-08-29
sz.002365,2025-07-15,2025-08-28
sz.301662,2025-07-01,2025-08-14
sz.002218,2025-07-10,2025-08-25
sh.600360,2025-07-09,2025-08-28
sh.603123,2025-07-09,2025-08-22
sz.300528,2025-07-30,2025-09-12
sz.002623,2025-07-10,2025-08-25
sz.002365,2025-07-03,2025-08-18
sz.300982,2025-07-07,2025-08-20
sz.300778,2025-07-08,2025-08-21
sh.600539,2025-07-29,2025-09-11
sz.002721,2025-07-07,2025-08-20
sz.001239,2025-07-21,2025-09-03
sz.300527,2025-07-17,2025-09-02
sh.605050,2025-07-31,2025-09-15
sh.605268,2025-07-28,2025-09-10
sh.600439,2025-07-23,2025-09-05
sh.688353,2025-07-01,2025-08-14
sz.301609,2025-07-23,2025-09-05
sz.300537,2025-07-08,2025-08-21
sz.300528,2025-07-29,2025-09-11
sh.600744,2025-07-09,2025-08-22
sh.603115,2025-07-18,2025-09-02
sh.688189,2025-07-30,2025-09-12
sz.002104,2025-07-18,2025-09-02
sh.603316,2025-07-02,2025-08-15
sz.003037,2025-07-21,2025-09-03
sh.605033,2025-07-21,2025-09-03
sh.688136,2025-07-29,2025-09-11
sh.605033,2025-07-18,2025-09-02
sz.002883,2025-07-21,2025-09-03
sz.301389,2025-07-07,2025-08-20
sh.688656,2025-07-09,2025-08-22
sz.301139,2025-07-02,2025-08-15
sh.605399,2025-07-10,2025-08-25
sz.002235,2025-07-14,2025-08-27
sz.002623,2025-07-15,2025-08-28
sz.000679,2025-07-29,2025-09-11
sh.600528,2025-07-22,2025-09-04
sz.002581,2025-07-09,2025-08-22
sh.601003,2025-07-22,2025-09-04
sh.688776,2025-07-15,2025-08-28
sh.600579,2025-07-29,2025-09-11
sz.000903,2025-07-10,2025-08-25
sh.603819,2025-07-16,2025-08-29
sh.600250,2025-07-09,2025-08-22
sh.600822,2025-07-15,2025-08-28
sz.300665,2025-07-18,2025-09-04
sz.002883,2025-07-23,2025-09-05
sz.000802,2025-07-28,2025-09-10
sh.603115,2025-07-16,2025-08-29
sz.002940,2025-07-31,2025-09-15
sz.301027,2025-07-29,2025-09-11
sh.605162,2025-07-14,2025-08-27
sh.603991,2025-07-31,2025-09-15
sh.601003,2025-07-18,2025-09-02
sz.002149,2025-07-25,2025-09-09
sz.300651,2025-07-29,2025-09-11
sh.603511,2025-07-21,2025-09-03
sz.002623,2025-07-14,2025-08-27
sh.600777,2025-07-18,2025-09-02
sz.002329,2025-07-15,2025-08-28
sz.002596,2025-07-18,2025-09-02
sh.688199,2025-07-03,2025-08-18
sh.603601,2025-07-04,2025-08-19
sz.002623,2025-07-09,2025-08-22
sz.301027,2025-07-31,2025-09-15
sz.300703,2025-07-14,2025-08-27
sh.605162,2025-07-15,2025-08-28
sh.603819,2025-07-17,2025-09-01
sz.002581,2025-07-04,2025-08-20
sz.002542,2025-07-21,2025-09-03
sz.300879,2025-07-04,2025-08-19
sz.301139,2025-07-08,2025-08-21
sh.605500,2025-07-16,2025-08-29
sz.300527,2025-07-16,2025-09-01
sh.600117,2025-07-31,2025-09-15
sh.688189,2025-07-29,2025-09-11
sz.300649,2025-07-08,2025-08-21
sz.301388,2025-07-18,2025-09-02
sz.301150,2025-07-07,2025-08-20
sz.301139,2025-07-09,2025-08-22
sz.301388,2025-07-17,2025-09-01
sz.000903,2025-07-03,2025-08-19
sh.603557,2025-07-01,2025-08-14
sh.603839,2025-07-30,2025-09-12
sz.300879,2025-07-07,2025-08-20
sh.603228,2025-07-25,2025-09-09
sz.000514,2025-07-11,2025-08-26
sz.300081,2025-07-30,2025-09-12
sh.688573,2025-07-01,2025-08-14
sh.600475,2025-07-08,2025-08-21
sz.002821,2025-07-24,2025-09-08
sz.300527,2025-07-25,2025-09-10
sh.605033,2025-07-17,2025-09-01
sh.603778,2025-07-10,2025-08-25
sz.002581,2025-07-01,2025-08-15
sz.002821,2025-07-25,2025-09-09
sz.002799,2025-07-30,2025-09-12
sz.000601,2025-07-07,2025-08-20
sz.001896,2025-07-10,2025-08-25
sh.688096,2025-07-16,2025-08-29
sz.003002,2025-07-21,2025-09-03
sz.001360,2025-07-18,2025-09-02
sh.605500,2025-07-15,2025-08-28
sz.000903,2025-07-08,2025-08-22
sh.600444,2025-07-18,2025-09-02
sh.688221,2025-07-25,2025-09-09
sz.300865,2025-07-21,2025-09-03
sz.300081,2025-07-28,2025-09-10
sh.600777,2025-07-21,2025-09-03
sh.688585,2025-07-29,2025-09-16
sz.002512,2025-07-22,2025-09-04
sh.605336,2025-07-08,2025-08-21
sz.000903,2025-07-04,2025-08-20
sz.002491,2025-07-08,2025-08-21
sz.000514,2025-07-14,2025-08-27
sh.688136,2025-07-30,2025-09-12
sh.688776,2025-07-11,2025-08-26
sz.300527,2025-07-24,2025-09-09
sz.003002,2025-07-18,2025-09-02
sz.002355,2025-07-02,2025-08-15
sz.301139,2025-07-03,2025-08-18
sh.600828,2025-07-30,2025-09-12
sh.600117,2025-07-29,2025-09-11
sh.603316,2025-07-01,2025-08-14
sh.688382,2025-07-25,2025-09-09
sz.300963,2025-07-15,2025-08-28
sz.301176,2025-07-07,2025-08-20
sh.605006,2025-07-08,2025-08-21
sz.300021,2025-07-21,2025-09-03
sh.601868,2025-07-22,2025-09-04
sz.002365,2025-07-16,2025-08-29
sz.002581,2025-07-02,2025-08-18
sz.300649,2025-07-07,2025-08-20
sz.002365,2025-07-07,2025-08-20
sz.301027,2025-07-30,2025-09-12
sh.600826,2025-07-18,2025-09-02
sz.300368,2025-07-04,2025-08-19
sz.002356,2025-07-09,2025-08-22
sz.300255,2025-07-10,2025-08-25
sh.688266,2025-07-15,2025-08-28
sz.002263,2025-07-04,2025-08-19
sh.603839,2025-07-29,2025-09-11
sh.603616,2025-07-30,2025-09-12
sz.003040,2025-07-15,2025-08-28
sz.300879,2025-07-10,2025-08-25
sh.688656,2025-07-11,2025-08-26
sz.002579,2025-07-04,2025-08-19
sz.002827,2025-07-22,2025-09-04
sh.603093,2025-07-15,2025-08-28
sz.301027,2025-07-28,2025-09-10
sh.603819,2025-07-15,2025-08-28
sz.001360,2025-07-22,2025-09-04
sz.002263,2025-07-08,2025-08-21
sh.601003,2025-07-23,2025-09-05
sz.002297,2025-07-24,2025-09-08
sz.002512,2025-07-24,2025-09-08
sz.301388,2025-07-16,2025-08-29
sz.000558,2025-07-30,2025-09-12
sz.300527,2025-07-28,2025-09-11
sz.300839,2025-07-14,2025-08-27
sh.603511,2025-07-22,2025-09-04
sh.600744,2025-07-15,2025-08-28
sz.300779,2025-07-08,2025-08-21
sh.603601,2025-07-07,2025-08-20
sz.003001,2025-07-21,2025-09-03
sh.600875,2025-07-21,2025-09-03
sz.000607,2025-07-09,2025-08-22
sh.605268,2025-07-29,2025-09-11
sz.003040,2025-07-11,2025-08-26
sh.603228,2025-07-29,2025-09-11
sh.603991,2025-07-30,2025-09-12
sz.301123,2025-07-07,2025-08-20
sz.002266,2025-07-21,2025-09-03
sz.300564,2025-07-18,2025-09-02
sz.300527,2025-07-18,2025-09-03
sh.605178,2025-07-21,2025-09-09
sz.300081,2025-07-29,2025-09-11
sz.300527,2025-07-22,2025-09-05
sh.600744,2025-07-14,2025-08-27
sz.002096,2025-07-21,2025-09-03
sh.688520,2025-07-17,2025-09-01
sh.600826,2025-07-17,2025-09-01
sh.600650,2025-07-21,2025-09-03
sz.000701,2025-07-25,2025-09-09
sz.003001,2025-07-22,2025-09-04
sz.300468,2025-07-07,2025-08-20
sz.002596,2025-07-17,2025-09-01
sz.002365,2025-07-08,2025-08-21
sh.600822,2025-07-17,2025-09-01
sz.001360,2025-07-21,2025-09-03
sz.300468,2025-07-03,2025-08-18
sh.605336,2025-07-07,2025-08-20
sz.300779,2025-07-07,2025-08-20
sz.002721,2025-07-04,2025-08-19
sz.300778,2025-07-09,2025-08-22
sz.002636,2025-07-08,2025-08-21
sh.600826,2025-07-15,2025-08-28
sh.600793,2025-07-10,2025-08-25
sz.001896,2025-07-15,2025-08-28
sz.002104,2025-07-15,2025-08-28
sz.002436,2025-07-29,2025-09-11
sz.002940,2025-07-30,2025-09-12
sz.000903,2025-07-07,2025-08-21
sz.001298,2025-07-01,2025-08-14
sz.301139,2025-07-04,2025-08-19
sz.000903,2025-07-02,2025-08-18
sh.600148,2025-07-07,2025-08-20
sz.002485,2025-07-17,2025-09-01
sz.002149,2025-07-24,2025-09-08
sh.600539,2025-07-25,2025-09-09
sz.300617,2025-07-18,2025-09-02
sh.601003,2025-07-21,2025-09-03
sz.002596,2025-07-22,2025-09-04
sz.301024,2025-07-08,2025-08-21
sh.603819,2025-07-23,2025-09-05
sh.688199,2025-07-04,2025-08-19
sz.002365,2025-07-04,2025-08-19
sh.605122,2025-07-09,2025-08-22
sz.300839,2025-07-15,2025-08-28
sz.002987,2025-07-07,2025-08-20
sz.301139,2025-07-07,2025-08-20
sh.600822,2025-07-14,2025-08-27
sz.000903,2025-07-01,2025-08-15
sz.300462,2025-07-02,2025-08-18
sh.605500,2025-07-14,2025-08-27
sz.001221,2025-07-30,2025-09-12
sz.001226,2025-07-28,2025-09-10
sz.301197,2025-07-07,2025-08-20
sz.301024,2025-07-07,2025-08-20
sz.300649,2025-07-03,2025-08-18
sz.000892,2025-07-08,2025-08-21
sz.002857,2025-07-28,2025-09-10
sh.600117,2025-07-30,2025-09-12
sh.605122,2025-07-18,2025-09-02
sz.002636,2025-07-07,2025-08-20
sz.002287,2025-07-31,2025-09-15
sh.600829,2025-07-17,2025-09-01
sh.603819,2025-07-25,2025-09-09
sz.301024,2025-07-02,2025-08-15
sz.002951,2025-07-17,2025-09-01
sz.002163,2025-07-22,2025-09-04
sz.003015,2025-07-07,2025-08-20
sz.001226,2025-07-25,2025-09-09
sh.600826,2025-07-22,2025-09-04
sz.300963,2025-07-09,2025-08-22
sz.301139,2025-07-01,2025-08-14
sz.002579,2025-07-02,2025-08-15
sz.001318,2025-07-29,2025-09-11
sz.002512,2025-07-23,2025-09-05
sh.600610,2025-07-07,2025-08-20
sz.300348,2025-07-09,2025-08-22
sh.605162,2025-07-11,2025-08-26
sz.000701,2025-07-24,2025-09-08
sz.300961,2025-07-01,2025-08-14
sz.301235,2025-07-29,2025-09-11
sz.301141,2025-07-16,2025-08-29
sz.002658,2025-07-01,2025-08-14
sz.003037,2025-07-18,2025-09-02
sh.600826,2025-07-16,2025-08-29
sh.600777,2025-07-23,2025-09-05
sz.002644,2025-07-28,2025-09-10
sh.688520,2025-07-22,2025-09-04
sh.688656,2025-07-10,2025-08-25
sz.002579,2025-07-07,2025-08-20
sz.002512,2025-07-21,2025-09-03
sz.300778,2025-07-11,2025-08-26
sz.300779,2025-07-09,2025-08-22
sh.603121,2025-07-29,2025-09-11
sh.600774,2025-07-30,2025-09-12
sh.603213,2025-07-18,2025-09-15
sz.300537,2025-07-07,2025-08-20
sh.601399,2025-07-21,2025-09-03
sh.603616,2025-07-29,2025-09-11
sz.002141,2025-07-04,2025-08-19
sh.600539,2025-07-31,2025-09-15
sz.003040,2025-07-14,2025-08-27
sz.002314,2025-07-08,2025-08-21
sz.300879,2025-07-09,2025-08-22
sh.603316,2025-07-03,2025-08-18
sh.600620,2025-07-17,2025-09-01
sz.301388,2025-07-15,2025-08-28
sh.600620,2025-07-16,2025-08-29
sh.605162,2025-07-07,2025-08-20
sz.002235,2025-07-11,2025-08-26
sh.603256,2025-07-07,2025-08-20
sz.300779,2025-07-11,2025-08-26
sh.600192,2025-07-07,2025-08-20
sh.688331,2025-07-16,2025-08-29
sh.688291,2025-07-07,2025-09-02
sh.688776,2025-07-09,2025-08-22
sh.600826,2025-07-21,2025-09-03
sz.300879,2025-07-08,2025-08-21
sh.688425,2025-07-22,2025-09-04
sz.300368,2025-07-07,2025-08-20
sz.002149,2025-07-29,2025-09-11
sz.300021,2025-07-24,2025-09-08
sh.605336,2025-07-09,2025-08-22
sh.688425,2025-07-21,2025-09-03
sh.600539,2025-07-24,2025-09-08
sz.002295,2025-07-10,2025-08-25
sz.000972,2025-07-01,2025-08-14
sz.002581,2025-07-03,2025-08-19
sh.603916,2025-07-22,2025-09-04
sz.301498,2025-07-01,2025-08-14
sh.603778,2025-07-11,2025-08-26
sh.605500,2025-07-11,2025-08-26
sh.600530,2025-07-23,2025-09-05
sz.301027,2025-07-25,2025-09-09
sz.002857,2025-07-25,2025-09-09
sz.002512,2025-07-18,2025-09-02
sh.605500,2025-07-10,2025-08-25
sz.003023,2025-07-28,2025-09-10
sh.688199,2025-07-02,2025-08-15
sz.002104,2025-07-09,2025-08-22
sz.002037,2025-07-24,2025-09-08
sz.301259,2025-07-14,2025-08-27
sh.688776,2025-07-14,2025-08-27
sz.003040,2025-07-16,2025-08-29
sh.600777,2025-07-17,2025-09-01
sh.688199,2025-07-07,2025-08-20
sh.605500,2025-07-08,2025-08-21
sh.603900,2025-07-10,2025-08-25
sz.300963,2025-07-17,2025-09-01
sh.600698,2025-08-28,2025-10-21
sz.000989,2025-08-21,2025-10-14
sz.300548,2025-08-27,2025-10-20
sh.688205,2025-08-28,2025-10-21
sz.300732,2025-08-06,2025-09-19
sz.000561,2025-08-20,2025-10-13
sz.002369,2025-08-22,2025-10-15
sh.688069,2025-08-19,2025-10-10
sz.300166,2025-08-22,2025-10-15
sh.603626,2025-08-29,2025-10-22
sh.600391,2025-08-28,2025-10-21
sh.600967,2025-08-19,2025-10-10
sh.688585,2025-08-19,2025-10-17
sz.300511,2025-08-19,2025-10-10
sz.002305,2025-08-20,2025-10-13
sh.600452,2025-08-18,2025-10-09
sz.300436,2025-08-20,2025-10-13
sz.300600,2025-08-28,2025-10-21
sz.002225,2025-08-18,2025-10-09
sh.688519,2025-08-20,2025-10-13
sz.300810,2025-08-28,2025-10-21
sz.002820,2025-08-15,2025-09-30
sh.600391,2025-08-29,2025-10-22
sz.301626,2025-08-28,2025-10-21
sh.688118,2025-08-15,2025-09-30
sz.301357,2025-08-19,2025-10-10
sh.603722,2025-08-27,2025-10-20
sz.002389,2025-08-28,2025-10-21
sz.300078,2025-08-05,2025-09-18
sz.300395,2025-08-20,2025-10-13
sz.300778,2025-08-22,2025-10-15
sz.300537,2025-08-25,2025-10-16
sz.002742,2025-08-06,2025-09-19
sz.300510,2025-08-18,2025-10-09
sh.603367,2025-08-08,2025-09-23
sh.600259,2025-08-29,2025-10-22
sz.301379,2025-08-22,2025-10-15
sh.600797,2025-08-22,2025-10-15
sz.300158,2025-08-28,2025-10-21
sz.002052,2025-08-19,2025-10-10
sz.003041,2025-08-21,2025-10-14
sz.000676,2025-08-28,2025-10-21
sz.301571,2025-08-26,2025-10-17
sz.300436,2025-08-22,2025-10-15
sh.688205,2025-08-27,2025-10-20
sz.000989,2025-08-22,2025-10-15
sh.600735,2025-08-26,2025-10-20
sz.002148,2025-08-18,2025-10-09
sh.600391,2025-08-25,2025-10-16
sz.002657,2025-08-21,2025-10-14
sz.300687,2025-08-19,2025-10-10
sz.002017,2025-08-19,2025-10-10
sz.002579,2025-08-18,2025-10-09
sh.603161,2025-08-15,2025-10-15
sz.300810,2025-08-25,2025-10-16
sz.301117,2025-08-19,2025-10-10
sz.000519,2025-08-20,2025-10-13
sz.301117,2025-08-11,2025-09-24
sh.603219,2025-08-25,2025-10-16
sh.688115,2025-08-20,2025-10-13
sz.300920,2025-08-12,2025-09-25
sz.300579,2025-08-19,2025-10-10
sh.688500,2025-08-05,2025-09-18
sh.688068,2025-08-22,2025-10-15
sz.300747,2025-08-27,2025-10-20
sz.301626,2025-08-19,2025-10-10
sh.688189,2025-08-29,2025-10-22
sz.301511,2025-08-19,2025-10-10
sz.300600,2025-08-19,2025-10-10
sh.688622,2025-08-19,2025-10-10
sz.300907,2025-08-18,2025-10-09
sz.002826,2025-08-15,2025-09-30
sz.300687,2025-08-18,2025-10-09
sh.688143,2025-08-21,2025-10-14
sz.000034,2025-08-22,2025-10-15
sz.300047,2025-08-22,2025-10-15
sh.688622,2025-08-13,2025-09-26
sz.300719,2025-08-22,2025-10-15
sz.300972,2025-08-28,2025-10-21
sh.688328,2025-08-18,2025-10-09
sh.688379,2025-08-19,2025-10-10
sz.300992,2025-08-18,2025-10-09
sz.000691,2025-08-20,2025-10-13
sh.688622,2025-08-14,2025-09-29
sh.688152,2025-08-22,2025-10-15
sh.603367,2025-08-14,2025-09-29
sz.002149,2025-08-01,2025-09-16
sh.688084,2025-08-14,2025-09-29
sz.002742,2025-08-07,2025-09-22
sz.002104,2025-08-20,2025-10-13
sz.302132,2025-08-25,2025-10-16
sh.603192,2025-08-15,2025-09-30
sz.301132,2025-08-18,2025-10-09
sh.688115,2025-08-18,2025-10-09
sh.688221,2025-08-22,2025-10-15
sz.302132,2025-08-22,2025-10-15
sz.300922,2025-08-11,2025-09-24
sz.300807,2025-08-06,2025-09-19
sz.300460,2025-08-19,2025-10-10
sz.301061,2025-08-19,2025-10-10
sh.688316,2025-08-19,2025-10-10
sz.002609,2025-08-19,2025-10-10
sz.002305,2025-08-28,2025-10-21
sh.603601,2025-08-19,2025-10-10
sz.002052,2025-08-21,2025-10-14
sh.688069,2025-08-15,2025-09-30
sz.300845,2025-08-18,2025-10-09
sz.301120,2025-08-15,2025-09-30
sh.600749,2025-08-14,2025-09-29
sz.300600,2025-08-14,2025-09-29
sh.688182,2025-08-22,2025-10-15
sz.301213,2025-08-26,2025-10-17
sh.688543,2025-08-21,2025-10-14
sh.605009,2025-08-18,2025-10-09
sz.301213,2025-08-25,2025-10-16
sh.688115,2025-08-15,2025-09-30
sh.603280,2025-08-14,2025-09-29
sh.688716,2025-08-14,2025-09-29
sz.300218,2025-08-26,2025-10-17
sz.300153,2025-08-20,2025-10-13
sz.002141,2025-08-18,2025-10-09
sz.301626,2025-08-18,2025-10-09
sz.301200,2025-08-11,2025-09-24
sz.002259,2025-08-18,2025-10-09
sh.600316,2025-08-21,2025-10-14
sz.300493,2025-08-25,2025-10-16
sz.002177,2025-08-20,2025-10-13
sz.300602,2025-08-22,2025-10-15
sh.601606,2025-08-27,2025-10-20
sh.688369,2025-08-18,2025-10-09
sh.600589,2025-08-25,2025-10-16
sz.003041,2025-08-14,2025-09-29
sz.002190,2025-08-28,2025-10-21
sh.600698,2025-08-22,2025-10-15
sh.600735,2025-08-27,2025-10-21
sh.603280,2025-08-12,2025-09-25
sh.605189,2025-08-13,2025-09-26
sh.600990,2025-08-21,2025-10-14
sz.002560,2025-08-21,2025-10-14
sz.300778,2025-08-21,2025-10-14
sh.688788,2025-08-28,2025-10-21
sz.300902,2025-08-15,2025-09-30
sh.605303,2025-08-20,2025-10-13
sz.300687,2025-08-22,2025-10-15
sh.688151,2025-08-18,2025-10-09
sh.600666,2025-08-22,2025-10-15
sz.300807,2025-08-05,2025-09-18
sz.300581,2025-08-22,2025-10-15
sz.002651,2025-08-21,2025-10-14
sz.002873,2025-08-18,2025-10-09
sz.002305,2025-08-19,2025-10-10
sz.300229,2025-08-20,2025-10-13
sh.688679,2025-08-19,2025-10-10
sz.300841,2025-08-15,2025-09-30
sh.688226,2025-08-11,2025-09-24
sz.300779,2025-08-26,2025-10-17
sz.002313,2025-08-06,2025-09-19
sz.002174,2025-08-29,2025-10-22
sz.001298,2025-08-22,2025-10-15
sz.000901,2025-08-28,2025-10-21
sz.300345,2025-08-22,2025-10-15
sh.600410,2025-08-28,2025-10-21
sh.688543,2025-08-22,2025-10-15
sh.688379,2025-08-27,2025-10-20
sz.301040,2025-08-19,2025-10-17
sh.600698,2025-08-20,2025-10-13
sz.002651,2025-08-19,2025-10-10
sz.300722,2025-08-20,2025-10-13
sz.300395,2025-08-21,2025-10-14
sz.300069,2025-08-05,2025-09-18
sz.002272,2025-08-22,2025-10-15
sz.301095,2025-08-22,2025-10-15
sh.601606,2025-08-29,2025-10-22
sh.688179,2025-08-21,2025-10-14
sz.300723,2025-08-28,2025-10-21
sh.605303,2025-08-22,2025-10-15
sz.300830,2025-08-20,2025-10-13
sz.002534,2025-08-15,2025-09-30
sz.301191,2025-08-21,2025-10-14
sh.603280,2025-08-13,2025-09-26
sh.600735,2025-08-25,2025-10-17
sh.688716,2025-08-18,2025-10-09
sh.603256,2025-08-21,2025-10-14
sz.002414,2025-08-22,2025-10-15
sh.688648,2025-08-15,2025-09-30
sh.688084,2025-08-21,2025-10-14
sz.300830,2025-08-19,2025-10-10
sz.002017,2025-08-18,2025-10-09
sz.002389,2025-08-29,2025-10-22
sz.003009,2025-08-27,2025-10-20
sh.603080,2025-08-08,2025-09-23
sh.688662,2025-08-25,2025-10-16
sh.688448,2025-08-14,2025-09-29
sh.600590,2025-08-19,2025-10-10
sz.300767,2025-08-21,2025-10-14
sh.688133,2025-08-21,2025-10-14
sz.301161,2025-08-18,2025-10-09
sz.301626,2025-08-15,2025-09-30
sh.688682,2025-08-22,2025-10-15
sz.300870,2025-08-21,2025-10-14
sz.300581,2025-08-28,2025-10-21
sh.688669,2025-08-18,2025-10-09
sz.301502,2025-08-22,2025-10-15
sz.300436,2025-08-18,2025-10-09
sh.688084,2025-08-05,2025-09-18
sz.002177,2025-08-22,2025-10-15
sz.300870,2025-08-25,2025-10-16
sh.603722,2025-08-22,2025-10-15
sz.300537,2025-08-21,2025-10-14
sh.601089,2025-08-15,2025-09-30
sh.688121,2025-08-21,2025-10-14
sz.002468,2025-08-20,2025-10-13
sz.002940,2025-08-15,2025-09-30
sz.301398,2025-08-18,2025-10-09
sz.000901,2025-08-27,2025-10-20
sz.002953,2025-08-22,2025-10-15
sz.301079,2025-08-14,2025-09-29
sz.002389,2025-08-22,2025-10-15
sz.003020,2025-08-28,2025-10-21
sz.002651,2025-08-29,2025-10-22
sh.688448,2025-08-18,2025-10-09
sz.300192,2025-08-26,2025-10-17
sz.300153,2025-08-18,2025-10-09
sz.300706,2025-08-14,2025-09-29
sz.301151,2025-08-15,2025-09-30
sz.300766,2025-08-19,2025-10-10
sz.301041,2025-08-18,2025-10-09
sz.001298,2025-08-25,2025-10-16
sh.688369,2025-08-22,2025-10-15
sh.688070,2025-08-26,2025-10-17
sz.300065,2025-08-18,2025-10-09
sh.688084,2025-08-19,2025-10-10
sz.002536,2025-08-19,2025-10-10
sz.300414,2025-08-19,2025-10-10
sz.002097,2025-08-11,2025-09-24
sz.300042,2025-08-22,2025-10-15
sz.000901,2025-08-12,2025-09-25
sz.300981,2025-08-15,2025-09-30
sh.600986,2025-08-22,2025-10-15
sh.688273,2025-08-12,2025-09-25
sh.688081,2025-08-22,2025-10-15
sh.603106,2025-08-22,2025-10-15
sz.300340,2025-08-15,2025-09-30
sh.688648,2025-08-14,2025-09-29
sh.600316,2025-08-27,2025-10-20
sh.688722,2025-08-27,2025-10-20
sz.300778,2025-08-18,2025-10-09
sz.300436,2025-08-14,2025-09-29
sz.301052,2025-08-28,2025-10-21
sz.300094,2025-08-18,2025-10-09
sz.301040,2025-08-25,2025-10-23
sz.002246,2025-08-19,2025-10-10
sz.300683,2025-08-25,2025-10-16
sz.002123,2025-08-20,2025-10-13
sz.300581,2025-08-18,2025-10-09
sh.600539,2025-08-04,2025-09-17
sh.688166,2025-08-15,2025-09-30
sh.601089,2025-08-14,2025-09-29
sh.688379,2025-08-18,2025-10-09
sz.300922,2025-08-08,2025-09-23
sz.300589,2025-08-21,2025-10-14
sh.603859,2025-08-25,2025-10-16
sz.301067,2025-08-19,2025-10-10
sz.002873,2025-08-15,2025-09-30
sz.001277,2025-08-06,2025-09-19
sz.002651,2025-08-28,2025-10-21
sz.300885,2025-08-19,2025-10-10
sh.688552,2025-08-28,2025-10-21
sh.601778,2025-08-28,2025-10-21
sz.301556,2025-08-22,2025-10-15
sz.301511,2025-08-18,2025-10-09
sh.600735,2025-08-21,2025-10-15
sh.688379,2025-08-25,2025-10-16
sz.002468,2025-08-19,2025-10-10
sz.300289,2025-08-12,2025-09-25
sh.688220,2025-08-20,2025-10-13
sz.300992,2025-08-22,2025-10-15
sh.603825,2025-08-15,2025-10-09
sz.300748,2025-08-26,2025-10-17
sz.301396,2025-08-25,2025-10-16
sh.600735,2025-08-15,2025-10-09
sz.301188,2025-08-08,2025-09-23
sh.688788,2025-08-18,2025-10-09
sz.300683,2025-08-14,2025-09-29
sh.600990,2025-08-20,2025-10-13
sh.688416,2025-08-20,2025-10-13
sh.688788,2025-08-22,2025-10-15
sz.301616,2025-08-13,2025-09-26
sh.688590,2025-08-25,2025-10-16
sh.603825,2025-08-14,2025-09-30
sh.688722,2025-08-25,2025-10-16
sz.300684,2025-08-18,2025-10-09
sh.600658,2025-08-19,2025-10-10
sz.300841,2025-08-19,2025-10-10
sz.000691,2025-08-21,2025-10-14
sz.003007,2025-08-22,2025-10-15
sz.300902,2025-08-21,2025-10-14
sh.600590,2025-08-20,2025-10-13
sh.688085,2025-08-29,2025-10-22
sz.300345,2025-08-21,2025-10-14
sz.302132,2025-08-20,2025-10-13
sh.688722,2025-08-19,2025-10-10
sz.002177,2025-08-21,2025-10-14
sh.603158,2025-08-20,2025-10-13
sh.688722,2025-08-21,2025-10-14
sz.002174,2025-08-28,2025-10-21
sh.601606,2025-08-22,2025-10-15
sz.301033,2025-08-19,2025-10-10
sh.600658,2025-08-18,2025-10-09
sh.605009,2025-08-15,2025-09-30
sh.603339,2025-08-22,2025-10-15
sh.688068,2025-08-21,2025-10-14
sz.301061,2025-08-18,2025-10-09
sh.603367,2025-08-22,2025-10-15
sz.002017,2025-08-15,2025-09-30
sz.002651,2025-08-22,2025-10-15
sh.688658,2025-08-15,2025-09-30
sh.688369,2025-08-20,2025-10-13
sh.688300,2025-08-22,2025-10-15
sh.603373,2025-08-19,2025-10-10
sh.601609,2025-08-19,2025-10-10
sh.600452,2025-08-19,2025-10-10
sz.300229,2025-08-22,2025-10-15
sz.300803,2025-08-22,2025-10-15
sz.300885,2025-08-08,2025-09-23
sh.600475,2025-08-26,2025-10-17
sz.301319,2025-08-19,2025-10-10
sh.688685,2025-08-25,2025-10-16
sz.300778,2025-08-26,2025-10-17
sh.688448,2025-08-21,2025-10-14
sh.600203,2025-08-11,2025-09-24
sz.300960,2025-08-14,2025-09-29
sz.301362,2025-08-28,2025-10-21
sh.600184,2025-08-19,2025-10-10
sh.688682,2025-08-18,2025-10-09
sz.300830,2025-08-25,2025-10-16
sz.300807,2025-08-08,2025-09-23
sh.688132,2025-08-18,2025-10-09
sh.688132,2025-08-19,2025-10-10
sz.001277,2025-08-11,2025-09-24
sh.603059,2025-08-04,2025-09-17
sz.300436,2025-08-15,2025-09-30
sh.600735,2025-08-18,2025-10-10
sz.002609,2025-08-22,2025-10-15
sz.300703,2025-08-18,2025-10-09
sh.600990,2025-08-18,2025-10-09
sh.688179,2025-08-20,2025-10-13
sz.301378,2025-08-27,2025-10-20
sh.601519,2025-08-15,2025-09-30
sh.600203,2025-08-15,2025-09-30
sz.300814,2025-08-22,2025-10-15
sz.002046,2025-08-19,2025-10-10
sh.688695,2025-08-20,2025-10-13
sz.002265,2025-08-19,2025-10-10
sz.002651,2025-08-25,2025-10-16
sh.603367,2025-08-12,2025-09-25
sz.002052,2025-08-22,2025-10-15
sz.301501,2025-08-21,2025-10-14
sh.600452,2025-08-20,2025-10-13
sz.300570,2025-08-28,2025-10-21
sz.300830,2025-08-15,2025-09-30
sz.300665,2025-08-19,2025-10-14
sh.603039,2025-08-21,2025-10-14
sh.600184,2025-08-21,2025-10-14
sh.600475,2025-08-27,2025-10-20
sz.300657,2025-08-22,2025-10-15
sz.301133,2025-08-15,2025-09-30
sz.301571,2025-08-22,2025-10-15
sz.300778,2025-08-25,2025-10-16
sh.688584,2025-08-19,2025-10-10
sz.300531,2025-08-26,2025-10-17
sh.688108,2025-08-15,2025-09-30
sh.603158,2025-08-21,2025-10-14
sh.600698,2025-08-25,2025-10-16
sh.688622,2025-08-20,2025-10-13
sz.300547,2025-08-21,2025-10-14
sh.688608,2025-08-22,2025-10-15
sz.300345,2025-08-20,2025-10-13
sh.688788,2025-08-15,2025-09-30
sh.688658,2025-08-11,2025-09-24
sz.300581,2025-08-27,2025-10-20
sz.002733,2025-08-15,2025-09-30
sz.300218,2025-08-25,2025-10-16
sz.002826,2025-08-19,2025-10-10
sz.002298,2025-08-26,2025-10-17
sz.300581,2025-08-25,2025-10-16
sz.300875,2025-08-28,2025-10-21
sz.300510,2025-08-21,2025-10-14
sz.300515,2025-08-14,2025-09-29
sz.301188,2025-08-06,2025-09-19
sz.300875,2025-08-22,2025-10-15
sz.300170,2025-08-22,2025-10-15
sz.300642,2025-08-22,2025-10-15
sz.301511,2025-08-20,2025-10-13
sz.002560,2025-08-22,2025-10-15
sh.603716,2025-08-21,2025-10-14
sh.688081,2025-08-19,2025-10-10
sh.600232,2025-08-13,2025-09-26
sh.688543,2025-08-28,2025-10-21
sh.600410,2025-08-22,2025-10-15
sz.300859,2025-09-18,2025-11-11
sh.688036,2025-09-26,2025-11-19
sz.301257,2025-09-16,2025-11-07
sz.300395,2025-09-16,2025-11-07
sz.300258,2025-09-18,2025-11-11
sh.688629,2025-09-22,2025-11-13
sh.688521,2025-09-19,2025-11-12
sz.301662,2025-09-18,2025-11-11
sz.002905,2025-09-10,2025-11-03
sz.002453,2025-09-22,2025-11-13
sz.300486,2025-09-24,2025-11-17
sh.688428,2025-09-29,2025-11-20
sz.300227,2025-09-23,2025-11-14
sz.300706,2025-09-19,2025-11-12
sh.688165,2025-09-18,2025-11-11
sz.002622,2025-09-11,2025-11-04
sz.300002,2025-09-22,2025-11-13
sz.301202,2025-09-23,2025-11-14
sh.605133,2025-09-18,2025-11-11
sz.000972,2025-09-09,2025-10-31
sz.000545,2025-09-18,2025-11-11
sz.002520,2025-09-16,2025-11-07
sz.002674,2025-09-23,2025-11-14
sh.688382,2025-09-19,2025-11-12
sz.301525,2025-09-29,2025-11-20
sh.688006,2025-09-23,2025-11-14
sz.301199,2025-09-23,2025-11-14
sz.300133,2025-09-25,2025-11-18
sz.300642,2025-09-11,2025-11-04
sz.301007,2025-09-25,2025-11-18
sz.000020,2025-09-24,2025-11-17
sh.688210,2025-09-29,2025-11-20
sh.601208,2025-09-23,2025-11-14
sh.688553,2025-09-22,2025-11-13
sh.688116,2025-09-26,2025-11-19
sz.301421,2025-09-26,2025-11-19
sz.300492,2025-09-23,2025-11-14
sh.603626,2025-09-18,2025-11-11
sh.600562,2025-09-30,2025-11-21
sz.300809,2025-09-25,2025-11-18
sz.002882,2025-09-04,2025-10-28
sh.600322,2025-09-16,2025-11-07
sh.603197,2025-09-24,2025-11-17
sz.301261,2025-09-29,2025-11-20
sz.301489,2025-09-22,2025-11-13
sh.603009,2025-09-25,2025-11-18
sh.688189,2025-09-15,2025-11-06
sh.688593,2025-09-22,2025-11-13
sz.002846,2025-09-08,2025-10-30
sh.688627,2025-09-25,2025-11-18
sh.603359,2025-09-11,2025-11-04
sz.003021,2025-09-22,2025-11-13
sz.301529,2025-09-26,2025-11-19
sh.688521,2025-09-24,2025-11-17
sh.600405,2025-09-09,2025-10-31
sz.300133,2025-09-19,2025-11-12
sz.002989,2025-09-16,2025-11-07
sh.688183,2025-09-23,2025-11-14
sh.688210,2025-09-24,2025-11-17
sh.600400,2025-09-19,2025-11-12
sz.300918,2025-09-23,2025-11-14
sh.688035,2025-09-29,2025-11-20
sz.002251,2025-09-09,2025-10-31
sh.603121,2025-09-19,2025-11-12
sh.600246,2025-09-09,2025-10-31
sh.688090,2025-09-23,2025-11-14
sh.688088,2025-09-23,2025-11-14
sh.605488,2025-09-19,2025-11-12
sz.300410,2025-09-23,2025-11-14
sz.300152,2025-09-15,2025-11-06
sz.300920,2025-09-25,2025-11-18
sz.002622,2025-09-19,2025-11-12
sz.000034,2025-09-29,2025-11-20
sh.600103,2025-09-11,2025-11-04
sz.300394,2025-09-23,2025-11-14
sz.002938,2025-09-22,2025-11-13
sz.002017,2025-09-10,2025-11-03
sz.300324,2025-09-22,2025-11-13
sz.300925,2025-09-26,2025-11-19
sh.603900,2025-09-03,2025-10-27
sz.301626,2025-09-18,2025-11-11
sz.300763,2025-09-26,2025-11-19
sh.688567,2025-09-23,2025-11-14
sh.601929,2025-09-11,2025-11-04
sz.002905,2025-09-16,2025-11-07
sz.301052,2025-09-22,2025-11-13
sh.688107,2025-09-29,2025-11-20
sh.603285,2025-09-09,2025-10-31
sz.300290,2025-09-26,2025-11-19
sh.688593,2025-09-24,2025-11-17
sh.688458,2025-09-23,2025-11-14
sh.600730,2025-09-16,2025-11-07
sh.603859,2025-09-29,2025-11-20
sz.301307,2025-09-18,2025-11-11
sh.688593,2025-09-23,2025-11-14
sh.601869,2025-09-22,2025-11-13
sz.301377,2025-09-16,2025-11-07
sz.301210,2025-09-25,2025-11-18
sz.300056,2025-09-25,2025-11-18
sh.688448,2025-09-19,2025-11-12
sz.301377,2025-09-15,2025-11-06
sz.002475,2025-09-22,2025-11-13
sh.601137,2025-09-29,2025-11-20
sh.688182,2025-09-24,2025-11-17
sz.301319,2025-09-24,2025-11-17
sz.300366,2025-09-17,2025-11-11
sz.301529,2025-09-25,2025-11-18
sz.002475,2025-09-23,2025-11-14
sz.300378,2025-09-29,2025-11-20
sh.601929,2025-09-09,2025-10-31
sz.301381,2025-09-23,2025-11-14
sz.002046,2025-09-11,2025-11-04
sz.300258,2025-09-22,2025-11-13
sz.300757,2025-09-19,2025-11-12
sh.688046,2025-09-23,2025-11-14
sz.002008,2025-09-18,2025-11-11
sz.300454,2025-09-26,2025-11-19
sz.301057,2025-09-12,2025-11-05
sh.603275,2025-09-23,2025-11-14
sz.301022,2025-09-15,2025-11-06
sz.300528,2025-09-17,2025-11-10
sh.688499,2025-09-29,2025-11-20
sh.688116,2025-09-29,2025-11-20
sh.605255,2025-09-18,2025-11-25
sh.600159,2025-09-22,2025-11-13
sz.000545,2025-09-12,2025-11-05
sh.688556,2025-09-12,2025-11-05
sz.002418,2025-09-23,2025-11-14
sh.688400,2025-09-22,2025-11-13
sz.001234,2025-09-22,2025-11-13
sh.603280,2025-09-09,2025-10-31
sz.301171,2025-09-29,2025-11-20
sz.300472,2025-09-15,2025-11-06
sh.603367,2025-09-01,2025-10-23
sh.688368,2025-09-29,2025-11-20
sh.603009,2025-09-29,2025-11-20
sh.603179,2025-09-26,2025-11-19
sz.300827,2025-09-29,2025-11-20
sz.301498,2025-09-30,2025-11-21
sh.600673,2025-09-23,2025-11-14
sh.605376,2025-09-26,2025-11-19
sh.603717,2025-09-11,2025-11-04
sh.688383,2025-09-22,2025-11-13
sh.603163,2025-09-09,2025-10-31
sh.688071,2025-09-23,2025-11-14
sz.301596,2025-09-23,2025-11-14
sz.300609,2025-09-11,2025-11-04
sz.300486,2025-09-18,2025-11-11
sh.688251,2025-09-25,2025-11-18
sh.600405,2025-09-11,2025-11-04
sh.605050,2025-09-23,2025-11-14
sz.300503,2025-09-23,2025-11-14
sz.301008,2025-09-22,2025-11-13
sz.001268,2025-09-10,2025-11-03
sh.600475,2025-09-11,2025-11-04
sz.300638,2025-09-30,2025-11-21
sh.688577,2025-09-04,2025-10-28
sz.000426,2025-09-30,2025-11-21
sz.300450,2025-09-24,2025-11-17
sh.601116,2025-09-10,2025-11-03
sz.002575,2025-09-25,2025-11-18
sh.688143,2025-09-16,2025-11-07
sh.600619,2025-09-18,2025-11-11
sh.600110,2025-09-09,2025-10-31
sh.688205,2025-09-23,2025-11-14
sh.600699,2025-09-19,2025-11-12
sh.688081,2025-09-25,2025-11-18
sh.601689,2025-09-23,2025-11-14
sh.688678,2025-09-18,2025-11-11
sh.688071,2025-09-25,2025-11-18
sh.603228,2025-09-19,2025-11-12
sh.600624,2025-09-16,2025-11-10
sz.000972,2025-09-03,2025-10-27
sz.300237,2025-09-24,2025-11-18
sh.688585,2025-09-23,2025-11-24
sh.688335,2025-09-24,2025-11-17
sh.603848,2025-09-09,2025-10-31
sz.300476,2025-09-10,2025-11-03
sz.300521,2025-09-22,2025-11-13
sz.301319,2025-09-26,2025-11-19
sh.600977,2025-09-11,2025-11-04
sh.600592,2025-09-23,2025-11-14
sz.300587,2025-09-29,2025-11-20
sz.300584,2025-09-03,2025-10-27
sh.688135,2025-09-19,2025-11-12
sh.688166,2025-09-11,2025-11-04
sh.688516,2025-09-24,2025-11-17
sh.600745,2025-09-22,2025-11-17
sh.600699,2025-09-23,2025-11-14
sz.301168,2025-09-23,2025-11-14
sz.001212,2025-09-29,2025-11-20
sz.300948,2025-09-30,2025-11-21
sh.600475,2025-09-02,2025-10-24
sh.688165,2025-09-22,2025-11-13
sh.600706,2025-09-17,2025-11-10
sh.688036,2025-09-25,2025-11-18
sh.603668,2025-09-30,2025-11-21
sh.603757,2025-09-23,2025-11-14
sh.603013,2025-09-18,2025-11-11
sz.300624,2025-09-29,2025-11-20
sz.002323,2025-09-10,2025-11-03
sz.301076,2025-09-15,2025-11-06
sz.301590,2025-09-26,2025-11-19
sh.688502,2025-09-22,2025-11-13
sz.301518,2025-09-30,2025-11-21
sz.301529,2025-09-19,2025-11-12
sz.001212,2025-09-25,2025-11-18
sz.301002,2025-09-18,2025-11-11
sh.600749,2025-09-16,2025-11-07
sz.002180,2025-09-23,2025-11-14
sz.002174,2025-09-05,2025-10-29
sz.003019,2025-09-15,2025-11-06
sh.603300,2025-09-24,2025-11-17
sz.002131,2025-09-23,2025-11-14
sh.600475,2025-09-08,2025-10-30
sh.688168,2025-09-12,2025-11-05
sz.002642,2025-09-12,2025-11-05
sh.603809,2025-09-25,2025-11-18
sz.301292,2025-09-08,2025-10-30
sz.301489,2025-09-25,2025-11-18
sz.301022,2025-09-18,2025-11-11
sz.300049,2025-09-15,2025-11-06
sz.300870,2025-09-29,2025-11-20
sh.600584,2025-09-29,2025-11-20
sz.300308,2025-09-18,2025-11-11
sz.300491,2025-09-04,2025-10-28
sh.688020,2025-09-18,2025-11-11
sh.603630,2025-09-02,2025-10-24
sz.002723,2025-09-26,2025-11-19
sh.601929,2025-09-05,2025-10-29
sz.000721,2025-09-12,2025-11-05
sz.300493,2025-09-23,2025-11-14
sh.688629,2025-09-23,2025-11-14
sh.688584,2025-09-23,2025-11-14
sz.301210,2025-09-19,2025-11-12
sh.688020,2025-09-26,2025-11-19
sz.301190,2025-09-26,2025-11-19
sh.600826,2025-09-02,2025-10-24
sz.301021,2025-09-23,2025-11-14
sh.688183,2025-09-10,2025-11-03
sz.301319,2025-09-25,2025-11-18
sh.600525,2025-09-15,2025-11-06
sz.300607,2025-09-18,2025-11-11
sh.688099,2025-09-26,2025-11-19
sh.688376,2025-09-22,2025-11-13
sz.002048,2025-09-25,2025-11-18
sh.600699,2025-09-17,2025-11-10
sz.300152,2025-09-05,2025-10-29
sh.688500,2025-09-23,2025-11-14
sz.001267,2025-09-18,2025-11-11
sz.300454,2025-09-29,2025-11-20
sz.002515,2025-09-23,2025-11-14
sh.603618,2025-09-22,2025-11-13
sz.300642,2025-09-10,2025-11-03
sz.002951,2025-09-23,2025-11-14
sz.000426,2025-09-29,2025-11-20
sz.301007,2025-09-26,2025-11-19
sz.301392,2025-09-23,2025-11-14
sh.688189,2025-09-25,2025-11-18
sh.688197,2025-09-18,2025-11-11
sz.002245,2025-09-23,2025-11-14
sz.301551,2025-09-11,2025-11-04
sz.000545,2025-09-17,2025-11-10
sh.688205,2025-09-17,2025-11-10
sh.600301,2025-09-26,2025-11-19
sz.300859,2025-09-23,2025-11-14
sz.002115,2025-09-10,2025-11-03
sz.002602,2025-09-24,2025-11-18
sh.603197,2025-09-23,2025-11-14
sh.688660,2025-09-24,2025-11-17
sh.605188,2025-09-12,2025-11-05
sh.600376,2025-09-18,2025-11-11
sz.300570,2025-09-23,2025-11-14
sz.000721,2025-09-17,2025-11-10
sh.688170,2025-09-25,2025-11-18
sz.000700,2025-09-23,2025-11-14
sh.688503,2025-09-29,2025-11-20
sh.600475,2025-09-04,2025-10-28
sh.601929,2025-09-08,2025-10-30
sh.605488,2025-09-22,2025-11-13
sh.688312,2025-09-25,2025-11-18
sz.002281,2025-09-23,2025-11-14
sh.688005,2025-09-29,2025-11-20
sz.002627,2025-09-15,2025-11-06
sh.688062,2025-09-16,2025-11-07
sh.603319,2025-09-24,2025-11-17
sz.300496,2025-09-29,2025-11-20
sh.688326,2025-09-29,2025-11-20
sh.600933,2025-09-23,2025-11-14
sz.300683,2025-09-11,2025-11-04
sh.603590,2025-09-18,2025-11-11
sz.300204,2025-09-10,2025-11-03
sh.603285,2025-09-08,2025-10-30
sz.301397,2025-09-23,2025-11-14
sz.002627,2025-09-17,2025-11-10
sh.688037,2025-09-26,2025-11-19
sz.001332,2025-09-30,2025-11-21
sh.600699,2025-09-22,2025-11-13
sh.688265,2025-09-16,2025-11-07
sz.300820,2025-09-29,2025-11-20
sz.300912,2025-09-16,2025-11-07
sh.603300,2025-09-18,2025-11-11
sh.603517,2025-09-10,2025-11-04
sz.000972,2025-09-05,2025-10-29
sh.603848,2025-09-05,2025-10-29
sh.688656,2025-09-16,2025-11-07
sz.300757,2025-09-18,2025-11-11
sh.603083,2025-09-23,2025-11-14
sz.300213,2025-09-12,2025-11-05
sz.300920,2025-09-24,2025-11-17
sz.301338,2025-09-23,2025-11-14
sz.002622,2025-09-16,2025-11-07
sz.300204,2025-09-01,2025-10-23
sz.001211,2025-09-05,2025-10-29
sh.603507,2025-09-25,2025-11-18
sz.301052,2025-09-03,2025-10-27
sh.603222,2025-09-17,2025-11-10
sh.603319,2025-09-25,2025-11-18
sz.300394,2025-09-17,2025-11-10
sz.002488,2025-09-19,2025-11-12
sh.688003,2025-09-23,2025-11-14
sz.002965,2025-09-23,2025-11-14
sh.688189,2025-09-24,2025-11-17
sh.688678,2025-09-23,2025-11-14
sz.002627,2025-09-16,2025-11-07
sz.300133,2025-09-17,2025-11-10
sz.300801,2025-09-05,2025-10-29
sh.603219,2025-09-19,2025-11-12
sh.688234,2025-09-24,2025-11-17
sh.601929,2025-09-04,2025-10-28
sz.300083,2025-09-23,2025-11-14
sh.688157,2025-09-04,2025-10-28
sh.688449,2025-09-26,2025-11-19
sh.603127,2025-09-16,2025-11-07
sz.301008,2025-09-23,2025-11-14
sh.603185,2025-09-04,2025-10-28
sz.301392,2025-09-22,2025-11-13
sh.688220,2025-09-29,2025-11-20
sh.600857,2025-09-26,2025-11-19
sh.601606,2025-09-10,2025-11-03
sz.300450,2025-09-22,2025-11-13
sz.301307,2025-09-23,2025-11-14
sh.688313,2025-09-18,2025-11-11
sz.000700,2025-09-19,2025-11-12
sz.301196,2025-09-19,2025-11-12
sh.688382,2025-09-17,2025-11-10
sh.688135,2025-09-23,2025-11-14
sz.301183,2025-09-17,2025-11-10
sz.300131,2025-09-23,2025-11-28
sh.688448,2025-09-18,2025-11-11
sz.002575,2025-09-30,2025-11-21
sz.002965,2025-09-24,2025-11-17
sz.002965,2025-09-18,2025-11-11
sh.688603,2025-09-23,2025-11-14
sh.600170,2025-09-17,2025-11-10
sz.300805,2025-09-16,2025-11-07
sz.301191,2025-09-25,2025-11-18
sh.688595,2025-09-23,2025-11-14
sz.301551,2025-09-18,2025-11-11
sz.002920,2025-09-23,2025-11-14
sz.002305,2025-09-16,2025-11-07
sh.600284,2025-09-25,2025-11-18
sz.002148,2025-09-16,2025-11-07
sz.300476,2025-09-18,2025-11-11
sh.688202,2025-09-17,2025-11-10
sz.002431,2025-09-09,2025-10-31
sh.688382,2025-09-18,2025-11-11
sz.301228,2025-09-30,2025-11-21
sh.688037,2025-09-29,2025-11-20
sh.601929,2025-09-17,2025-11-10
sh.603228,2025-09-22,2025-11-13
sz.002046,2025-09-16,2025-11-07
sh.603809,2025-09-26,2025-11-19
sz.300984,2025-09-18,2025-11-11
sz.002547,2025-09-09,2025-10-31
sz.300237,2025-09-18,2025-11-12
sh.600322,2025-09-10,2025-11-03
sh.688108,2025-09-01,2025-10-23
sh.688428,2025-09-26,2025-11-19
sz.002317,2025-09-10,2025-11-03
sz.300765,2025-09-18,2025-11-11
sh.605288,2025-09-23,2025-11-14
sz.300690,2025-09-29,2025-11-20
sh.688648,2025-09-29,2025-11-20
sh.600410,2025-09-16,2025-11-07
sh.600284,2025-09-23,2025-11-14
sz.300547,2025-09-23,2025-11-14
sz.002102,2025-09-11,2025-11-04
sz.002602,2025-09-23,2025-11-17
sh.688658,2025-09-05,2025-10-29
sh.600400,2025-09-22,2025-11-13
sh.688221,2025-09-02,2025-10-24
sz.301488,2025-09-17,2025-11-10
sh.603119,2025-09-23,2025-11-14
sh.688621,2025-09-11,2025-11-04
sh.688166,2025-09-12,2025-11-05
sh.688383,2025-09-23,2025-11-14
sz.300088,2025-09-22,2025-11-13
sh.688382,2025-09-01,2025-10-23
sh.688499,2025-09-23,2025-11-14
sh.688141,2025-10-27,2025-12-10
sz.002364,2025-10-14,2025-11-27
sz.301209,2025-10-09,2025-11-24
sh.603579,2025-10-23,2025-12-08
sh.688108,2025-10-21,2025-12-04
sz.301563,2025-10-24,2025-12-09
sh.603378,2025-10-28,2025-12-11
sh.603508,2025-10-24,2025-12-09
sz.300803,2025-10-29,2025-12-12
sz.300559,2025-10-20,2025-12-03
sz.300111,2025-10-23,2025-12-08
sz.300897,2025-10-27,2025-12-10
sz.301228,2025-10-09,2025-11-24
sz.002748,2025-10-23,2025-12-08
sz.300803,2025-10-22,2025-12-05
sh.603290,2025-10-27,2025-12-10
sz.000506,2025-10-14,2025-11-27
sz.300141,2025-10-14,2025-11-27
sz.300993,2025-10-31,2025-12-16
sh.688066,2025-10-28,2025-12-11
sz.300953,2025-10-23,2025-12-08
sh.688066,2025-10-30,2025-12-15
sz.300611,2025-10-23,2025-12-08
sh.688122,2025-10-28,2025-12-11
sz.301251,2025-10-17,2025-12-02
sz.300111,2025-10-27,2025-12-10
sz.301181,2025-10-28,2025-12-18
sz.300765,2025-10-15,2025-11-28
sh.688596,2025-10-27,2025-12-10
sh.600735,2025-10-31,2025-12-16
sz.002208,2025-10-20,2025-12-03
sh.600580,2025-10-29,2025-12-12
sz.301338,2025-10-29,2025-12-12
sz.301345,2025-10-27,2025-12-10
sh.688776,2025-10-09,2025-11-24
sz.002208,2025-10-21,2025-12-04
sz.300559,2025-10-17,2025-12-02
sh.605289,2025-10-17,2025-12-02
sh.688141,2025-10-23,2025-12-08
sh.603192,2025-10-24,2025-12-09
sz.300935,2025-10-10,2025-11-25
sz.300911,2025-10-14,2025-11-27
sh.688008,2025-10-28,2025-12-11
sz.002575,2025-10-09,2025-11-24
sz.301117,2025-10-17,2025-12-02
sz.300469,2025-10-20,2025-12-03
sz.301018,2025-10-23,2025-12-08
sh.688249,2025-10-27,2025-12-10
sz.001332,2025-10-28,2025-12-11
sh.688141,2025-10-29,2025-12-12
sz.301181,2025-10-29,2025-12-19
sh.688167,2025-10-24,2025-12-09
sz.300424,2025-10-23,2025-12-15
sh.688025,2025-10-28,2025-12-11
sz.301137,2025-10-27,2025-12-10
sh.600699,2025-10-27,2025-12-10
sz.301421,2025-10-09,2025-11-24
sh.603296,2025-10-27,2025-12-10
sz.002664,2025-10-27,2025-12-10
sz.301323,2025-10-10,2025-11-25
sh.688678,2025-10-27,2025-12-10
sh.688252,2025-10-24,2025-12-09
sh.600183,2025-10-27,2025-12-10
sz.300950,2025-10-29,2025-12-12
sh.603686,2025-10-31,2025-12-16
sz.300436,2025-10-30,2025-12-15
sz.300421,2025-10-23,2025-12-08
sh.601606,2025-10-27,2025-12-10
sz.300377,2025-10-24,2025-12-09
sz.301323,2025-10-17,2025-12-02
sh.688201,2025-10-29,2025-12-12
sz.300803,2025-10-24,2025-12-09
sh.603119,2025-10-27,2025-12-10
sz.301112,2025-10-22,2025-12-05
sz.301498,2025-10-16,2025-12-01
sh.603151,2025-10-31,2025-12-16
sz.300136,2025-10-30,2025-12-15
sh.688037,2025-10-09,2025-11-24
sh.688278,2025-10-09,2025-11-24
sh.688066,2025-10-31,2025-12-16
sz.002335,2025-10-17,2025-12-02
sh.603579,2025-10-22,2025-12-05
sz.002062,2025-10-28,2025-12-11
sz.002767,2025-10-17,2025-12-02
sh.688252,2025-10-23,2025-12-08
sh.601127,2025-10-24,2025-12-09
sz.301413,2025-10-29,2025-12-12
sz.301498,2025-10-09,2025-11-24
sz.301096,2025-10-30,2025-12-15
sz.301209,2025-10-13,2025-11-26
sh.603173,2025-10-14,2025-11-27
sh.688206,2025-10-27,2025-12-10
sz.000681,2025-10-14,2025-11-27
sh.600699,2025-10-29,2025-12-12
sz.000681,2025-10-10,2025-11-25
sh.600810,2025-10-10,2025-11-25
sz.000962,2025-10-24,2025-12-09
sh.603192,2025-10-27,2025-12-10
sh.688399,2025-10-31,2025-12-16
sz.300768,2025-10-29,2025-12-12
sz.300803,2025-10-27,2025-12-10
sh.688678,2025-10-20,2025-12-03
sh.688631,2025-10-28,2025-12-11
sz.300464,2025-10-09,2025-11-24
sz.300969,2025-10-27,2025-12-10
sz.002392,2025-10-09,2025-11-24
sh.605318,2025-10-30,2025-12-15
sh.600094,2025-10-31,2025-12-16
sz.301158,2025-10-20,2025-12-03
sz.000603,2025-10-09,2025-11-24
sz.300765,2025-10-09,2025-11-24
sz.300450,2025-10-27,2025-12-10
sz.300911,2025-10-15,2025-11-28
sh.688167,2025-10-27,2025-12-10
sh.688631,2025-10-30,2025-12-15
sh.603322,2025-10-17,2025-12-02
sz.002130,2025-10-27,2025-12-10
sh.688008,2025-10-23,2025-12-08
sh.603009,2025-10-29,2025-12-12
sz.301181,2025-10-23,2025-12-15
sz.000977,2025-10-27,2025-12-10
sh.605376,2025-10-27,2025-12-10
sh.603322,2025-10-16,2025-12-01
sh.600173,2025-10-28,2025-12-11
sz.300897,2025-10-22,2025-12-05
sz.301112,2025-10-21,2025-12-04
sz.300765,2025-10-20,2025-12-03
sh.603267,2025-10-24,2025-12-09
sz.301456,2025-10-22,2025-12-05
sh.688143,2025-10-27,2025-12-10
sh.688691,2025-10-17,2025-12-02
sh.688068,2025-10-20,2025-12-03
sz.301070,2025-10-28,2025-12-11
sz.300418,2025-10-29,2025-12-12
sz.000962,2025-10-27,2025-12-10
sz.002084,2025-10-23,2025-12-08
sz.002664,2025-10-23,2025-12-08
sh.603090,2025-10-27,2025-12-10
sh.688335,2025-10-15,2025-11-28
sh.601689,2025-10-29,2025-12-12
sz.002517,2025-10-30,2025-12-15
sz.300767,2025-10-24,2025-12-09
sz.002402,2025-10-24,2025-12-09
sh.688159,2025-10-27,2025-12-10
sz.300464,2025-10-10,2025-11-25
sh.603173,2025-10-13,2025-11-26
sh.601127,2025-10-28,2025-12-11
sh.603595,2025-10-21,2025-12-05
sh.688335,2025-10-13,2025-11-26
sh.603186,2025-10-27,2025-12-10
sh.601069,2025-10-15,2025-11-28
sz.002062,2025-10-29,2025-12-12
sh.688226,2025-10-27,2025-12-10
sz.301181,2025-10-24,2025-12-16
sh.688678,2025-10-17,2025-12-02
sz.301563,2025-10-27,2025-12-10
sz.000426,2025-10-10,2025-11-25
sz.300491,2025-10-30,2025-12-15
sh.603192,2025-10-29,2025-12-12
sh.688496,2025-10-16,2025-12-01
sz.300260,2025-10-10,2025-11-25
sz.002716,2025-10-15,2025-11-28
sz.301326,2025-10-29,2025-12-12
sz.301323,2025-10-14,2025-11-27
sh.688167,2025-10-23,2025-12-08
sz.301227,2025-10-13,2025-11-26
sh.688205,2025-10-20,2025-12-03
sh.688596,2025-10-09,2025-11-24
sz.000426,2025-10-09,2025-11-24
sh.603192,2025-10-28,2025-12-11
sh.600113,2025-10-09,2025-11-24
sz.300111,2025-10-24,2025-12-09
sz.301117,2025-10-20,2025-12-03
sz.002207,2025-10-20,2025-12-03
sz.000981,2025-10-10,2025-11-25
sz.002542,2025-10-20,2025-12-03
sz.301396,2025-10-27,2025-12-10
sh.688141,2025-10-24,2025-12-09
sz.301112,2025-10-17,2025-12-02
sh.603657,2025-10-24,2025-12-09
sh.688799,2025-10-13,2025-11-26
sz.300270,2025-10-17,2025-12-02
sh.603192,2025-10-22,2025-12-05
sz.002838,2025-10-27,2025-12-10
sh.688066,2025-10-29,2025-12-12
sh.688337,2025-10-28,2025-12-11
sh.688608,2025-10-22,2025-12-05
sh.688326,2025-10-13,2025-11-26
sh.601127,2025-10-31,2025-12-16
sz.002575,2025-10-13,2025-11-26
sz.301076,2025-10-29,2025-12-12
sz.300559,2025-10-16,2025-12-01
sz.300835,2025-10-09,2025-11-24
sh.688141,2025-10-30,2025-12-15
sh.688051,2025-10-30,2025-12-29
sh.688252,2025-10-27,2025-12-10
sz.300113,2025-10-22,2025-12-05
sz.002670,2025-10-30,2025-12-15
sz.300897,2025-10-28,2025-12-11
sh.688141,2025-10-21,2025-12-04
sh.688596,2025-10-20,2025-12-03
sh.688169,2025-10-27,2025-12-10
sh.601069,2025-10-10,2025-11-25
sz.301015,2025-10-30,2025-12-15
sh.688765,2025-10-28,2025-12-11
sz.003033,2025-10-24,2025-12-09
sz.301489,2025-10-17,2025-12-02
sh.688765,2025-10-30,2025-12-15
sh.688088,2025-10-29,2025-12-12
sh.688228,2025-10-23,2025-12-08
sz.300491,2025-10-17,2025-12-02
sh.688605,2025-10-09,2025-11-24
sz.301323,2025-10-15,2025-11-28
sz.301498,2025-10-15,2025-11-28
sz.000988,2025-10-24,2025-12-09
sh.688588,2025-10-23,2025-12-22
sz.300765,2025-10-16,2025-12-01
sz.002748,2025-10-22,2025-12-05
sh.688027,2025-10-30,2025-12-15
sh.603011,2025-10-27,2025-12-10
sh.688066,2025-10-21,2025-12-04
sh.601519,2025-10-27,2025-12-10
sz.301489,2025-10-24,2025-12-09
sh.688691,2025-10-20,2025-12-03
sz.300767,2025-10-27,2025-12-10
sz.000063,2025-10-14,2025-11-27
sz.002278,2025-10-24,2025-12-09
sh.600531,2025-10-10,2025-11-25
sh.688665,2025-10-22,2025-12-05
sz.300139,2025-10-09,2025-11-24
sh.603595,2025-10-27,2025-12-11
sh.688252,2025-10-28,2025-12-11
sz.301421,2025-10-10,2025-11-25
sz.002335,2025-10-14,2025-11-27
sz.300469,2025-10-27,2025-12-10
sz.000681,2025-10-09,2025-11-24
sz.300502,2025-10-24,2025-12-09
sh.600531,2025-10-13,2025-11-26
sz.002050,2025-10-27,2025-12-10
sz.301563,2025-10-28,2025-12-11
sz.000014,2025-10-24,2025-12-09
sz.301117,2025-10-21,2025-12-04
sz.301489,2025-10-22,2025-12-05
sz.301326,2025-10-28,2025-12-11
sh.688519,2025-10-27,2025-12-10
sh.688210,2025-10-30,2025-12-15
sz.301165,2025-10-17,2025-12-02
sh.603151,2025-10-29,2025-12-12
sz.000572,2025-10-14,2025-11-27
sz.301231,2025-10-30,2025-12-15
sh.603678,2025-10-27,2025-12-10
sz.000063,2025-10-22,2025-12-05
sz.002716,2025-10-09,2025-11-24
sh.688588,2025-10-24,2025-12-23
sh.688596,2025-10-23,2025-12-08
sz.000969,2025-10-27,2025-12-10
sh.603192,2025-10-23,2025-12-08
sz.301617,2025-10-27,2025-12-10
sz.300394,2025-10-20,2025-12-03
sh.603179,2025-10-29,2025-12-12
sz.300444,2025-10-14,2025-11-27
sz.301205,2025-10-28,2025-12-11
sz.300085,2025-10-27,2025-12-10
sz.301196,2025-10-27,2025-12-10
sz.002122,2025-10-17,2025-12-03
sh.600629,2025-10-23,2025-12-08
sh.600629,2025-10-20,2025-12-03
sh.605228,2025-10-17,2025-12-02
sz.300953,2025-10-24,2025-12-09
sh.688066,2025-10-27,2025-12-10
sh.688596,2025-10-24,2025-12-09
sh.688093,2025-10-24,2025-12-09
sh.603595,2025-10-24,2025-12-10
sz.300897,2025-10-30,2025-12-15
sz.301326,2025-10-27,2025-12-10
sh.688205,2025-10-17,2025-12-02
sz.300260,2025-10-28,2025-12-11
sh.688765,2025-10-29,2025-12-12
sz.301190,2025-10-14,2025-11-27
sh.605228,2025-10-23,2025-12-08
sz.003033,2025-10-28,2025-12-11
sz.300377,2025-10-29,2025-12-12
sz.300848,2025-10-31,2025-12-16
sz.300950,2025-10-24,2025-12-09
sh.688108,2025-10-16,2025-12-01
sz.300633,2025-10-14,2025-11-27
sz.002942,2025-10-15,2025-11-28
sh.600183,2025-10-28,2025-12-11
sh.688286,2025-10-27,2025-12-10
sz.301338,2025-10-27,2025-12-10
sz.301225,2025-10-30,2025-12-15
sz.300611,2025-10-22,2025-12-05
sz.000063,2025-10-17,2025-12-02
sz.301018,2025-10-17,2025-12-02
sh.688027,2025-10-28,2025-12-11
sh.688066,2025-10-23,2025-12-08
sz.300490,2025-10-09,2025-11-24
sz.301112,2025-10-27,2025-12-10
sz.000988,2025-10-27,2025-12-10
sh.600531,2025-10-09,2025-11-24
sz.301365,2025-10-17,2025-12-02
sz.300469,2025-10-24,2025-12-09
sh.688286,2025-10-24,2025-12-09
sz.301112,2025-10-24,2025-12-09
sz.002664,2025-10-29,2025-12-12
sz.300378,2025-10-30,2025-12-15
sh.688411,2025-10-10,2025-11-25
sz.301563,2025-10-23,2025-12-08
sh.688310,2025-10-23,2025-12-08
sz.000691,2025-10-30,2025-12-15
sh.688206,2025-10-23,2025-12-08
sz.300950,2025-10-23,2025-12-08
sh.688205,2025-10-24,2025-12-09
sz.000014,2025-10-15,2025-11-28
sz.002237,2025-10-10,2025-11-25
sh.603579,2025-10-27,2025-12-10
sh.603130,2025-10-27,2025-12-10
sz.300945,2025-10-14,2025-11-27
sh.688108,2025-10-14,2025-11-27
sz.301099,2025-10-17,2025-12-02
sh.688282,2025-10-24,2025-12-09
sh.603657,2025-10-27,2025-12-10
sz.300572,2025-10-29,2025-12-12
sz.002278,2025-10-23,2025-12-08
sh.688596,2025-10-15,2025-11-28
sz.300748,2025-10-28,2025-12-11
sh.603863,2025-10-31,2025-12-16
sz.002575,2025-10-14,2025-11-27
sh.688691,2025-10-23,2025-12-08
sz.300378,2025-10-27,2025-12-10
sz.300969,2025-10-30,2025-12-15
sz.301498,2025-10-14,2025-11-27
sz.301071,2025-10-16,2025-12-01
sz.300897,2025-10-23,2025-12-08
sz.301018,2025-10-24,2025-12-09
sz.002337,2025-10-24,2025-12-09
sh.688183,2025-10-31,2025-12-16
sh.688008,2025-10-27,2025-12-10
sh.603151,2025-10-30,2025-12-15
sh.688521,2025-10-24,2025-12-09
sz.300617,2025-10-10,2025-11-25
sz.000691,2025-10-29,2025-12-12
sh.600547,2025-10-09,2025-11-24
sz.301099,2025-10-20,2025-12-03
sh.688027,2025-10-31,2025-12-16
sh.688335,2025-10-10,2025-11-25
sz.301617,2025-10-22,2025-12-05
sz.002276,2025-10-31,2025-12-16
sz.002237,2025-10-09,2025-11-24
sz.300260,2025-10-29,2025-12-12
sz.000014,2025-10-27,2025-12-10
sh.688077,2025-10-09,2025-11-24
sh.603267,2025-10-28,2025-12-11
sh.688206,2025-10-24,2025-12-09
sz.300695,2025-10-31,2025-12-16
sz.002364,2025-10-27,2025-12-10
sh.688108,2025-10-15,2025-11-28
sh.688036,2025-10-27,2025-12-10
sz.301190,2025-10-09,2025-11-24
sz.300270,2025-10-16,2025-12-01
sz.300642,2025-10-14,2025-11-27
sz.002664,2025-10-22,2025-12-05
sz.002678,2025-10-23,2025-12-08
sh.603508,2025-10-20,2025-12-03
sz.300617,2025-10-13,2025-11-26
sh.603767,2025-10-31,2025-12-16
sh.688068,2025-10-17,2025-12-02
sh.688335,2025-10-09,2025-11-24
sz.301225,2025-10-31,2025-12-16
sh.603301,2025-10-31,2025-12-16
sh.601127,2025-10-27,2025-12-10
sh.688141,2025-10-28,2025-12-11
sh.600403,2025-10-21,2025-12-04
sz.301205,2025-10-27,2025-12-10
sh.603823,2025-10-31,2025-12-16
sz.000626,2025-10-15,2025-11-28
sh.600601,2025-10-27,2025-12-10
sh.600107,2025-10-22,2025-12-05
sz.300235,2025-10-30,2025-12-15
sh.603130,2025-10-14,2025-11-27
sz.301190,2025-10-13,2025-11-26
sh.688691,2025-10-22,2025-12-05
sh.601619,2025-10-14,2025-11-27
sh.600376,2025-10-23,2025-12-08
sz.300690,2025-10-16,2025-12-01
sh.688629,2025-10-23,2025-12-08
sh.603508,2025-10-27,2025-12-10
sz.300642,2025-10-17,2025-12-02
sz.300695,2025-10-30,2025-12-15
sz.301326,2025-10-24,2025-12-09
sh.688141,2025-10-22,2025-12-05
sh.603119,2025-10-23,2025-12-08
sz.002208,2025-10-22,2025-12-05
sh.603179,2025-10-31,2025-12-16
sh.603179,2025-10-30,2025-12-15
sz.300491,2025-10-28,2025-12-11
sz.300113,2025-10-24,2025-12-09
sz.300786,2025-10-10,2025-11-25
sh.688318,2025-10-27,2025-12-10
sz.301181,2025-10-21,2025-12-11
sz.300192,2025-11-26,2026-01-13
sz.000973,2025-11-18,2026-01-05
sh.600021,2025-11-14,2025-12-30
sz.300141,2025-11-05,2025-12-19
sz.301024,2025-11-07,2025-12-23
sz.301171,2025-11-26,2026-01-13
sz.000908,2025-11-25,2026-01-12
sz.002058,2025-11-13,2025-12-29
sz.300520,2025-11-04,2025-12-18
sz.002478,2025-11-06,2025-12-22
sh.600550,2025-11-06,2025-12-22
sz.000952,2025-11-27,2026-01-14
sz.000632,2025-11-14,2025-12-30
sz.300204,2025-11-12,2025-12-26
sz.002868,2025-11-24,2026-01-09
sh.603978,2025-11-11,2025-12-25
sz.300723,2025-11-28,2026-01-15
sz.300223,2025-11-11,2025-12-25
sz.002734,2025-11-11,2025-12-25
sz.002846,2025-11-18,2026-01-05
sz.002370,2025-11-10,2025-12-24
sz.000609,2025-11-27,2026-01-14
sz.002728,2025-11-26,2026-01-13
sz.002181,2025-11-03,2025-12-17
sz.300476,2025-11-06,2025-12-22
sh.600617,2025-11-12,2025-12-26
sz.300730,2025-11-05,2025-12-19
sz.000695,2025-11-26,2026-01-13
sh.600067,2025-11-10,2025-12-24
sz.002513,2025-11-13,2025-12-29
sz.002058,2025-11-17,2025-12-31
sz.000609,2025-11-24,2026-01-09
sh.688599,2025-11-06,2025-12-22
sz.000048,2025-11-11,2025-12-25
sz.300354,2025-11-04,2025-12-18
sz.002279,2025-11-28,2026-01-15
sh.600810,2025-11-13,2025-12-29
sz.300041,2025-11-05,2025-12-19
sz.002284,2025-11-05,2025-12-19
sz.300125,2025-11-12,2025-12-29
sz.002485,2025-11-26,2026-01-13
sh.600513,2025-11-13,2025-12-29
sz.002207,2025-11-27,2026-01-14
sz.300862,2025-11-28,2026-01-15
sz.002733,2025-11-07,2025-12-23
sz.300943,2025-11-07,2025-12-23
sz.002812,2025-11-14,2026-01-15
sz.300769,2025-11-05,2025-12-19
sz.301358,2025-11-05,2025-12-19
sz.300402,2025-11-07,2025-12-23
sh.603986,2025-11-05,2025-12-19
sh.600751,2025-11-06,2025-12-22
sz.300118,2025-11-12,2025-12-26
sz.002885,2025-11-05,2025-12-19
sz.300345,2025-11-07,2025-12-23
sz.301325,2025-11-12,2025-12-26
sh.600370,2025-11-11,2025-12-25
sz.300588,2025-11-27,2026-01-14
sz.300844,2025-11-04,2025-12-18
sz.300878,2025-11-21,2026-01-08
sh.603301,2025-11-04,2025-12-18
sh.603067,2025-11-06,2025-12-22
sh.688399,2025-11-05,2025-12-19
sz.301121,2025-11-05,2025-12-19
sh.605303,2025-11-17,2025-12-31
sh.600021,2025-11-06,2025-12-22
sz.002823,2025-11-05,2025-12-19
sz.001267,2025-11-05,2025-12-19
sz.300801,2025-11-13,2025-12-29
sh.600403,2025-11-28,2026-01-15
sh.603530,2025-11-05,2025-12-19
sz.000559,2025-11-07,2025-12-23
sz.300475,2025-11-11,2025-12-25
sz.300612,2025-11-17,2025-12-31
sh.600751,2025-11-13,2025-12-29
sz.002321,2025-11-18,2026-01-05
sz.301067,2025-11-07,2025-12-23
sz.300150,2025-11-10,2025-12-24
sh.603228,2025-11-03,2025-12-17
sz.300774,2025-11-21,2026-01-08
sh.600338,2025-11-18,2026-01-05
sz.002317,2025-11-28,2026-01-15
sh.688127,2025-11-05,2025-12-19
sh.688472,2025-11-05,2025-12-19
sz.000410,2025-11-11,2025-12-25
sh.603958,2025-11-27,2026-01-14
sz.300617,2025-11-05,2025-12-19
sh.600868,2025-11-06,2025-12-22
sh.603867,2025-11-11,2025-12-25
sh.688227,2025-11-25,2026-01-12
sz.301068,2025-11-28,2026-01-15
sh.688593,2025-11-06,2025-12-22
sh.688429,2025-11-14,2025-12-30
sz.301518,2025-11-26,2026-01-13
sz.300975,2025-11-11,2025-12-25
sh.601388,2025-11-11,2025-12-25
sz.002840,2025-11-13,2025-12-29
sh.601566,2025-11-18,2026-01-05
sh.603283,2025-11-05,2025-12-19
sh.600846,2025-11-28,2026-01-15
sz.301128,2025-11-06,2025-12-22
sz.300959,2025-11-14,2025-12-30
sh.600481,2025-11-07,2025-12-23
sz.301308,2025-11-11,2025-12-25
sz.301207,2025-11-06,2025-12-22
sz.002490,2025-11-28,2026-01-15
sh.603226,2025-11-28,2026-01-15
sh.601011,2025-11-13,2025-12-29
sh.688426,2025-11-21,2026-01-08
sh.600667,2025-11-10,2025-12-24
sz.002593,2025-11-13,2025-12-29
sz.002885,2025-11-07,2025-12-23
sz.000565,2025-11-05,2025-12-19
sz.300048,2025-11-05,2025-12-19
sh.688433,2025-11-25,2026-01-12
sh.600333,2025-11-12,2025-12-26
sh.601012,2025-11-05,2025-12-19
sz.003041,2025-11-21,2026-01-08
sh.600986,2025-11-27,2026-01-14
sh.688033,2025-11-03,2025-12-17
sh.605368,2025-11-27,2026-01-14
sz.000567,2025-11-21,2026-01-08
sz.300779,2025-11-14,2025-12-30
sz.300919,2025-11-06,2025-12-22
sz.301111,2025-11-27,2026-01-14
sh.600681,2025-11-11,2025-12-25
sz.300071,2025-11-20,2026-01-07
sh.600506,2025-11-12,2025-12-26
sz.300192,2025-11-27,2026-01-14
sz.001282,2025-11-05,2025-12-19
sz.300959,2025-11-18,2026-01-05
sh.600610,2025-11-13,2025-12-29
sz.300071,2025-11-17,2025-12-31
sz.002497,2025-11-17,2025-12-31
sz.300842,2025-11-12,2025-12-26
sz.002485,2025-11-25,2026-01-12
sz.300937,2025-11-12,2025-12-26
sz.002620,2025-11-26,2026-01-13
sz.300118,2025-11-06,2025-12-22
sh.688593,2025-11-11,2025-12-25
sz.300842,2025-11-10,2025-12-24
sz.002563,2025-11-27,2026-01-14
sz.300477,2025-11-18,2026-01-05
sz.300572,2025-11-03,2025-12-17
sz.300402,2025-11-06,2025-12-22
sz.300432,2025-11-07,2025-12-23
sh.603686,2025-11-07,2025-12-23
sh.600107,2025-11-27,2026-01-14
sz.300730,2025-11-07,2025-12-23
sz.300638,2025-11-28,2026-01-15
sh.605365,2025-11-10,2025-12-24
sz.002300,2025-11-11,2025-12-25
sh.600576,2025-11-21,2026-01-08
sz.300959,2025-11-17,2025-12-31
sz.300801,2025-11-10,2025-12-24
sz.301171,2025-11-21,2026-01-08
sh.600438,2025-11-06,2025-12-22
sz.002756,2025-11-17,2025-12-31
sz.002667,2025-11-20,2026-01-14
sh.688733,2025-11-05,2025-12-19
sh.603283,2025-11-11,2025-12-25
sz.300068,2025-11-05,2025-12-26
sz.002319,2025-11-27,2026-01-14
sh.603822,2025-11-10,2025-12-25
sz.300943,2025-11-05,2025-12-19
sh.605365,2025-11-04,2025-12-18
sh.600078,2025-11-26,2026-01-13
sz.300584,2025-11-12,2025-12-26
sh.603686,2025-11-05,2025-12-19
sz.300763,2025-11-07,2025-12-23
sz.000777,2025-11-11,2025-12-25
sh.600756,2025-11-18,2026-01-05
sh.600376,2025-11-14,2025-12-30
sz.000048,2025-11-13,2025-12-29
sh.688051,2025-11-20,2026-01-21
sh.603059,2025-11-17,2025-12-31
sz.300058,2025-11-28,2026-01-15
sz.300857,2025-11-06,2025-12-22
sz.301083,2025-11-26,2026-01-13
sz.300497,2025-11-13,2025-12-29
sh.688348,2025-11-13,2025-12-29
sz.002611,2025-11-04,2025-12-18
sh.688516,2025-11-05,2025-12-19
sh.688229,2025-11-18,2026-01-05
sz.000533,2025-11-07,2025-12-23
sh.688496,2025-11-28,2026-01-15
sh.600333,2025-11-13,2025-12-29
sz.002691,2025-11-18,2026-01-05
sh.688603,2025-11-04,2025-12-18
sz.300820,2025-11-25,2026-01-12
sz.300058,2025-11-24,2026-01-09
sh.600403,2025-11-12,2025-12-26
sh.600302,2025-11-06,2025-12-22
sz.000546,2025-11-18,2026-01-05
sh.600764,2025-11-20,2026-01-07
sh.603520,2025-11-11,2025-12-25
sh.603032,2025-11-11,2025-12-25
sz.300882,2025-11-13,2025-12-29
sz.002759,2025-11-24,2026-01-09
sz.301024,2025-11-05,2025-12-19
sz.300460,2025-11-27,2026-01-15
sh.605365,2025-11-07,2025-12-23
sz.300980,2025-11-10,2025-12-24
sh.600550,2025-11-13,2025-12-29
sz.300062,2025-11-11,2025-12-25
sz.300500,2025-11-28,2026-01-15
sh.603978,2025-11-25,2026-01-12
sz.000567,2025-11-14,2025-12-30
sz.002150,2025-11-04,2025-12-18
sz.000695,2025-11-25,2026-01-12
sz.002052,2025-11-06,2025-12-22
sh.603663,2025-11-07,2025-12-23
sh.603334,2025-11-05,2025-12-19
sz.300781,2025-11-28,2026-01-15
sz.002112,2025-11-06,2025-12-22
sh.603222,2025-11-12,2025-12-26
sz.300730,2025-11-10,2025-12-24
sh.600556,2025-11-26,2026-01-13
sh.603356,2025-11-06,2025-12-22
sh.601179,2025-11-07,2025-12-23
sh.600222,2025-11-28,2026-01-22
sz.002150,2025-11-06,2025-12-22
sz.002713,2025-11-28,2026-01-16
sh.688237,2025-11-10,2025-12-31
sh.600576,2025-11-25,2026-01-12
sh.600094,2025-11-05,2025-12-19
sh.600735,2025-11-26,2026-01-13
sz.002300,2025-11-06,2025-12-22
sz.300785,2025-11-21,2026-01-08
sh.688766,2025-11-14,2026-01-15
sh.603863,2025-11-06,2025-12-22
sh.603334,2025-11-10,2025-12-24
sz.002715,2025-11-14,2025-12-30
sh.600468,2025-11-06,2025-12-22
sz.300058,2025-11-27,2026-01-14
sz.301183,2025-11-05,2025-12-19
sh.600635,2025-11-25,2026-01-12
sz.000965,2025-11-28,2026-01-15
sz.002963,2025-11-12,2025-12-26
sz.301292,2025-11-27,2026-01-14
sz.000668,2025-11-28,2026-01-15
sz.301171,2025-11-24,2026-01-09
sz.300475,2025-11-18,2026-01-05
sh.603312,2025-11-05,2025-12-19
sh.600569,2025-11-11,2025-12-25
sz.300706,2025-11-10,2025-12-24
sh.688148,2025-11-07,2025-12-23
sh.688233,2025-11-11,2025-12-25
sz.002215,2025-11-12,2025-12-26
sz.002689,2025-11-19,2026-01-07
sh.688517,2025-11-03,2025-12-17
sz.301238,2025-11-06,2025-12-22
sz.301238,2025-11-13,2025-12-29
sz.300698,2025-11-07,2025-12-23
sz.003033,2025-11-03,2025-12-17
sh.605318,2025-11-05,2025-12-19
sh.688727,2025-11-18,2026-01-05
sh.600758,2025-11-12,2025-12-26
sz.000546,2025-11-17,2025-12-31
sh.688685,2025-11-12,2025-12-26
sh.603179,2025-11-04,2025-12-18
sh.603938,2025-11-11,2025-12-25
sh.688449,2025-11-05,2025-12-19
sz.002564,2025-11-24,2026-01-09
sh.688168,2025-11-13,2025-12-29
sz.002782,2025-11-06,2025-12-22
sz.000691,2025-11-04,2025-12-18
sz.300878,2025-11-27,2026-01-14
sz.300870,2025-11-04,2025-12-18
sz.002768,2025-11-11,2025-12-25
sz.300881,2025-11-04,2025-12-18
sh.601126,2025-11-05,2025-12-19
sh.605399,2025-11-27,2026-01-14
sz.301083,2025-11-21,2026-01-08
sz.300591,2025-11-03,2025-12-17
sh.601567,2025-11-10,2025-12-24
sh.688599,2025-11-04,2025-12-18
sh.688622,2025-11-03,2025-12-17
sz.002759,2025-11-26,2026-01-13
sz.000090,2025-11-13,2025-12-29
sh.688622,2025-11-05,2025-12-19
sz.300881,2025-11-05,2025-12-19
sz.300753,2025-11-10,2025-12-24
sz.000993,2025-11-07,2025-12-23
sz.001287,2025-11-05,2025-12-19
sz.300591,2025-11-11,2025-12-25
sz.002291,2025-11-28,2026-01-15
sh.601908,2025-11-10,2025-12-24
sz.002246,2025-11-18,2026-01-05
sh.688260,2025-11-25,2026-01-12
sz.300730,2025-11-06,2025-12-22
sz.300402,2025-11-04,2025-12-18
sz.300402,2025-11-11,2025-12-25
sh.603861,2025-11-10,2025-12-24
sh.603527,2025-11-06,2025-12-22
sh.600067,2025-11-13,2025-12-29
sh.688603,2025-11-05,2025-12-19
sh.688449,2025-11-06,2025-12-22
sh.688429,2025-11-18,2026-01-05
sz.003023,2025-11-12,2025-12-26
sz.002812,2025-11-18,2026-01-19
sh.688701,2025-11-28,2026-01-15
sz.301013,2025-11-24,2026-01-09
sz.301150,2025-11-13,2025-12-29
sz.000612,2025-11-10,2025-12-24
sz.301291,2025-11-11,2025-12-25
sh.601179,2025-11-11,2025-12-25
sh.688027,2025-11-03,2025-12-17
sz.301150,2025-11-14,2025-12-30
sh.600162,2025-11-13,2025-12-29
sz.002298,2025-11-14,2025-12-30
sz.300125,2025-11-04,2025-12-18
sh.603376,2025-11-06,2025-12-22
sz.300068,2025-11-06,2025-12-29
sz.002095,2025-11-25,2026-01-12
sz.300716,2025-11-28,2026-01-15
sh.603677,2025-11-28,2026-01-15
sh.688766,2025-11-05,2026-01-06
sh.688334,2025-11-05,2025-12-19
sz.300669,2025-11-04,2025-12-18
sz.301030,2025-11-28,2026-01-15
sh.603933,2025-11-03,2025-12-17
sz.002208,2025-11-17,2025-12-31
sz.300980,2025-11-07,2025-12-23
sz.300821,2025-11-18,2026-01-05
sz.300950,2025-11-04,2025-12-18
sz.002715,2025-11-17,2025-12-31
sh.688472,2025-11-06,2025-12-22
sz.000952,2025-11-26,2026-01-13
sz.002789,2025-11-14,2025-12-30
sz.300612,2025-11-28,2026-01-15
sh.601015,2025-11-04,2025-12-18
sz.300125,2025-11-05,2025-12-19
sz.300612,2025-11-26,2026-01-13
sh.600513,2025-11-06,2025-12-22
sh.603010,2025-11-10,2025-12-24
sz.002374,2025-11-10,2025-12-24
sz.300878,2025-11-26,2026-01-13
sh.603151,2025-11-04,2025-12-18
sh.600268,2025-11-06,2025-12-22
sh.603312,2025-11-04,2025-12-18
sz.000691,2025-11-06,2025-12-22
sz.300071,2025-11-25,2026-01-12
sz.300528,2025-11-27,2026-01-14
sz.001309,2025-11-13,2025-12-29
sz.002121,2025-11-04,2025-12-18
sh.600681,2025-11-10,2025-12-24
sh.603032,2025-11-06,2025-12-22
sz.002611,2025-11-03,2025-12-17
sz.002451,2025-11-12,2025-12-26
sh.688210,2025-11-05,2025-12-19
sh.603815,2025-11-27,2026-01-14
sh.603815,2025-11-26,2026-01-13
sz.300035,2025-11-05,2025-12-19
sz.300582,2025-11-06,2025-12-22
sh.601567,2025-11-07,2025-12-23
sz.300584,2025-11-13,2025-12-29
sz.002689,2025-11-24,2026-01-12
sz.002812,2025-11-13,2026-01-14
sh.600268,2025-11-10,2025-12-24
sz.002451,2025-11-10,2025-12-24
sz.002459,2025-11-06,2025-12-22
sz.300572,2025-11-04,2025-12-18
sz.301305,2025-11-10,2025-12-24
sh.600691,2025-11-11,2025-12-25
sz.002305,2025-11-28,2026-01-15
sz.300005,2025-11-27,2026-01-14
sh.603366,2025-11-13,2025-12-29
sz.003041,2025-11-18,2026-01-05
sz.000002,2025-11-13,2025-12-29
sh.603759,2025-11-04,2025-12-18
sh.688472,2025-11-07,2025-12-23
sz.301067,2025-11-13,2025-12-29
sz.300779,2025-11-17,2025-12-31
sh.603067,2025-11-05,2025-12-19
sh.605580,2025-11-25,2026-01-12
sh.603038,2025-11-06,2025-12-22
sz.002636,2025-11-06,2025-12-22
sz.300302,2025-11-11,2025-12-25
sz.000668,2025-11-26,2026-01-13
sz.002407,2025-11-13,2025-12-29
sh.600107,2025-11-25,2026-01-12
sh.600610,2025-11-06,2025-12-22
sh.603191,2025-11-11,2025-12-25
sz.002121,2025-11-06,2025-12-22
sz.300993,2025-11-03,2025-12-17
sz.301067,2025-11-06,2025-12-22
sz.000632,2025-11-13,2025-12-29
sz.300993,2025-11-07,2025-12-23
sh.600506,2025-11-13,2025-12-29
sz.301325,2025-11-13,2025-12-29
sh.603959,2025-11-11,2025-12-25
sh.605303,2025-11-18,2026-01-05
sz.002402,2025-11-27,2026-01-14
sh.605198,2025-11-04,2025-12-18
sh.600429,2025-11-12,2025-12-26
sh.600635,2025-11-27,2026-01-14
sh.688717,2025-11-05,2025-12-19
sz.300890,2025-11-11,2025-12-25
sz.002208,2025-11-11,2025-12-25
sz.002564,2025-12-01,2026-01-16
sh.603933,2025-12-04,2026-01-21
sh.603668,2025-12-08,2026-01-23
sz.000952,2025-12-01,2026-01-16
sz.000668,2025-12-01,2026-01-16
sh.603536,2025-12-01,2026-01-16
sh.603122,2025-12-16,2026-02-02
sh.600829,2025-12-04,2026-01-21
sh.603122,2025-12-29,2026-02-13
sh.600734,2025-12-03,2026-01-20
sz.000048,2025-12-29,2026-02-13
sz.002163,2025-12-31,2026-02-25
sh.603559,2025-12-15,2026-01-30
sz.300723,2025-12-05,2026-01-22
sh.600846,2025-12-03,2026-01-20
sh.600340,2025-12-30,2026-02-24
sz.001255,2025-12-16,2026-02-02
sz.002107,2025-12-02,2026-01-19
sz.300862,2025-12-01,2026-01-16
sh.603389,2025-12-01,2026-01-16
sh.603069,2025-12-19,2026-02-05
sz.300173,2025-12-10,2026-01-28
sz.000592,2025-12-29,2026-02-13
sz.300269,2025-12-04,2026-01-21
sz.002369,2025-12-01,2026-01-16
sz.000695,2025-12-02,2026-01-19
sz.301046,2025-12-05,2026-01-22
sh.603322,2025-12-02,2026-01-19
sz.300723,2025-12-08,2026-01-23
sz.000735,2025-12-25,2026-02-11
sz.002309,2025-12-22,2026-02-06
sz.300081,2025-12-05,2026-01-22
sh.688577,2025-12-11,2026-01-28
sz.002940,2025-12-02,2026-01-19
sz.002055,2025-12-23,2026-02-10
sh.603226,2025-12-02,2026-01-19
sh.600800,2025-12-04,2026-02-04
sz.000955,2025-12-01,2026-01-16
sz.002424,2025-12-17,2026-02-04
sh.688577,2025-12-05,2026-01-22
sh.600340,2025-12-29,2026-02-13
sh.603353,2025-12-02,2026-01-19
sh.603359,2025-12-26,2026-02-12
sz.300300,2025-12-24,2026-02-10
sh.603322,2025-12-10,2026-01-27
sz.300478,2025-12-31,2026-02-25
sh.600403,2025-12-01,2026-01-16
sz.301019,2025-12-08,2026-01-23
sz.000668,2025-12-04,2026-01-21
sz.301449,2025-12-24,2026-02-10
sz.002514,2025-12-05,2026-01-22
sh.603421,2025-12-15,2026-01-30
sz.002779,2025-12-09,2026-01-26
sz.000070,2025-12-08,2026-01-23
sz.002424,2025-12-16,2026-02-03
sz.002512,2025-12-04,2026-01-21
sh.600167,2025-12-02,2026-01-19
sh.605368,2025-12-01,2026-01-16
sh.603709,2025-12-12,2026-01-29
sh.688577,2025-12-09,2026-01-26
sz.300736,2025-12-04,2026-01-21
sh.688313,2025-12-10,2026-01-27
sz.000572,2025-12-18,2026-02-04
sz.002228,2025-12-23,2026-02-09
sz.002789,2025-12-03,2026-01-20
sz.002289,2025-12-01,2026-01-16
sz.000593,2025-12-01,2026-01-16
sz.000633,2025-12-01,2026-01-16
sz.300321,2025-12-18,2026-02-04
sh.600795,2025-12-17,2026-02-03
sh.600408,2025-12-01,2026-01-16
sz.300516,2025-12-31,2026-02-25
sz.000797,2025-12-31,2026-02-25
sh.605199,2025-12-23,2026-02-09
sz.000020,2025-12-04,2026-01-21
sz.300876,2025-12-23,2026-02-09
sz.301061,2025-12-10,2026-01-27
sh.603879,2025-12-05,2026-01-22
sz.300173,2025-12-16,2026-02-03
sz.000797,2025-12-26,2026-02-12
sz.002652,2025-12-25,2026-02-11
sh.603278,2025-12-26,2026-02-12
sz.001330,2025-12-16,2026-02-02
sh.603958,2025-12-01,2026-01-16
sh.600815,2025-12-04,2026-01-21
sh.600795,2025-12-23,2026-02-09
sz.000632,2025-12-03,2026-01-20
sz.002679,2025-12-04,2026-01-21
sz.002566,2025-12-01,2026-01-16
sz.300205,2025-12-02,2026-01-19
sh.605580,2025-12-22,2026-02-06
sz.301148,2025-12-02,2026-01-19
sh.603353,2025-12-09,2026-01-26
sh.603559,2025-12-11,2026-01-28
sh.603636,2025-12-04,2026-01-21
sh.605255,2025-12-29,2026-03-03
sz.000592,2025-12-30,2026-02-24
sh.688109,2025-12-01,2026-01-16
sz.300500,2025-12-18,2026-02-04
sh.603657,2025-12-03,2026-01-20
sz.002424,2025-12-19,2026-02-06
sh.688210,2025-12-04,2026-01-21
sh.603122,2025-12-30,2026-02-24
sz.002320,2025-12-19,2026-02-05
sh.688332,2025-12-02,2026-01-19
sz.300350,2025-12-08,2026-01-23
sh.603709,2025-12-08,2026-01-23
sz.301046,2025-12-11,2026-01-28
sz.000632,2025-12-01,2026-01-16
sz.000735,2025-12-18,2026-02-04
sz.000811,2025-12-25,2026-02-11
sh.603223,2025-12-05,2026-01-22
sz.002977,2025-12-24,2026-02-10
sz.300225,2025-12-03,2026-01-20
sz.000566,2025-12-01,2026-01-16
sz.002390,2025-12-02,2026-01-19
sz.000078,2025-12-09,2026-01-26
sz.300478,2025-12-22,2026-02-06
sz.001231,2025-12-31,2026-02-25
sh.688670,2025-12-03,2026-01-20
sh.605288,2025-12-01,2026-01-16
sh.603226,2025-12-04,2026-01-21
sh.603958,2025-12-04,2026-01-21
sz.002390,2025-12-01,2026-01-16
sz.301111,2025-12-04,2026-01-21
sz.300290,2025-12-18,2026-02-04
sh.688496,2025-12-01,2026-01-16
sh.600228,2025-12-04,2026-01-21
sz.000797,2025-12-24,2026-02-10
sh.600846,2025-12-08,2026-01-23
sz.001330,2025-12-08,2026-01-23
sz.301489,2025-12-22,2026-02-06
sz.300736,2025-12-08,2026-01-23
sz.301667,2025-12-25,2026-02-11
sh.688330,2025-12-02,2026-01-19
sz.002163,2025-12-25,2026-02-11
sh.603559,2025-12-17,2026-02-03
sz.300472,2025-12-08,2026-01-23
sz.000536,2025-12-04,2026-01-21
sz.002634,2025-12-01,2026-01-16
sh.605199,2025-12-18,2026-02-04
sz.301046,2025-12-10,2026-01-27
sz.300946,2025-12-04,2026-01-21
sz.300205,2025-12-03,2026-01-20
sz.002093,2025-12-05,2026-01-22
sh.605580,2025-12-18,2026-02-04
sh.688701,2025-12-08,2026-01-23
sh.603106,2025-12-01,2026-01-16
sh.688577,2025-12-10,2026-01-27
sz.300437,2025-12-04,2026-01-21
sh.603843,2025-12-09,2026-01-26
sh.600340,2025-12-31,2026-02-25
sz.300115,2025-12-03,2026-01-20
sh.688068,2025-12-10,2026-01-27
sh.603829,2025-12-09,2026-01-26
sz.301111,2025-12-08,2026-01-23
sz.002860,2025-12-01,2026-01-16
sz.002766,2025-12-31,2026-02-25
sh.605299,2025-12-04,2026-01-21
sh.603601,2025-12-29,2026-02-13
sz.000797,2025-12-25,2026-02-11
sz.000663,2025-12-04,2026-01-21
sz.002596,2025-12-24,2026-02-10
sh.600865,2025-12-23,2026-02-09
sz.300245,2025-12-05,2026-01-22
sz.300300,2025-12-30,2026-02-24
sz.300300,2025-12-31,2026-02-25
sz.300290,2025-12-26,2026-02-12
sh.605580,2025-12-08,2026-01-23
sz.300047,2025-12-03,2026-01-20
sz.300078,2025-12-05,2026-01-22
sz.002084,2025-12-01,2026-01-16
sz.002702,2025-12-01,2026-01-16
sz.301292,2025-12-25,2026-02-11
sh.605580,2025-12-16,2026-02-02
sh.688701,2025-12-03,2026-01-20
sh.600537,2025-12-26,2026-02-12
sh.600734,2025-12-05,2026-01-22
sh.688795,2025-12-11,2026-01-28
sh.603657,2025-12-05,2026-01-22
sz.300087,2025-12-30,2026-02-27
sz.000668,2025-12-03,2026-01-20
sz.301256,2025-12-11,2026-01-28
sz.300489,2025-12-31,2026-02-25
sz.300173,2025-12-08,2026-01-26
sh.603829,2025-12-16,2026-02-02
sz.001330,2025-12-15,2026-01-30
sh.603353,2025-12-03,2026-01-20
sh.600829,2025-12-01,2026-01-16
sh.600802,2025-12-04,2026-01-21
sz.300460,2025-12-01,2026-01-19
sz.300456,2025-12-17,2026-02-03
sz.300589,2025-12-05,2026-01-22
sz.002682,2025-12-26,2026-02-12
sz.300290,2025-12-19,2026-02-05
sh.603829,2025-12-15,2026-01-30
sh.688670,2025-12-02,2026-01-19
sz.300941,2025-12-18,2026-02-04
sz.301227,2025-12-25,2026-02-11
sz.300605,2025-12-05,2026-01-22
sz.002893,2025-12-02,2026-01-19
sh.688500,2025-12-05,2026-01-22
sz.300290,2025-12-25,2026-02-11
sh.600865,2025-12-24,2026-02-10
sh.603278,2025-12-30,2026-02-24
sz.001280,2025-12-11,2026-01-28
sh.600408,2025-12-11,2026-01-28
sz.301019,2025-12-03,2026-01-20
sz.300959,2025-12-05,2026-01-22
sz.300086,2025-12-19,2026-02-05
sz.301207,2025-12-01,2026-01-16
sh.603601,2025-12-31,2026-02-25
sz.002512,2025-12-05,2026-01-22
sh.603843,2025-12-04,2026-01-21
sz.301227,2025-12-30,2026-02-24
sh.600228,2025-12-05,2026-01-22
sz.300027,2025-12-01,2026-01-16
sh.601360,2025-12-02,2026-01-19
sz.301510,2025-12-03,2026-01-20
sz.301227,2025-12-26,2026-02-12
sz.300111,2025-12-26,2026-02-12
sz.300225,2025-12-04,2026-01-21
sh.688109,2025-12-02,2026-01-19
sh.600337,2025-12-17,2026-02-25
sz.002788,2025-12-31,2026-02-25
sz.003016,2025-12-02,2026-01-19
sh.688273,2025-12-31,2026-02-25
sz.300173,2025-12-12,2026-01-30
sh.605288,2025-12-02,2026-01-19
sh.603931,2025-12-08,2026-01-23
sh.688767,2025-12-31,2026-02-25
sh.600795,2025-12-22,2026-02-06
sh.600693,2025-12-31,2026-02-25
sz.002490,2025-12-01,2026-01-16
sz.300941,2025-12-05,2026-01-22
sh.603829,2025-12-19,2026-02-05
sz.002702,2025-12-19,2026-02-05
sh.688719,2025-12-10,2026-01-27
sz.002682,2025-12-10,2026-01-27
sz.000838,2025-12-11,2026-01-28
sz.000685,2025-12-11,2026-01-28
sz.000735,2025-12-12,2026-01-29
sz.002228,2025-12-22,2026-02-06
sz.300456,2025-12-16,2026-02-02
sh.603815,2025-12-05,2026-01-22
sz.000701,2025-12-05,2026-01-22
sh.603657,2025-12-02,2026-01-19
sz.000838,2025-12-12,2026-01-29
sz.002682,2025-12-11,2026-01-28
sz.001330,2025-12-11,2026-01-28
sz.003018,2025-12-04,2026-01-21
sz.002702,2025-12-17,2026-02-03
sz.000695,2025-12-01,2026-01-16
sh.600865,2025-12-31,2026-02-25
sz.301061,2025-12-17,2026-02-03
sz.002596,2025-12-25,2026-02-11
sz.300290,2025-12-30,2026-02-24
sz.301408,2025-12-17,2026-02-03
sz.000890,2025-12-12,2026-01-29
sz.300250,2025-12-08,2026-01-23
sz.300300,2025-12-04,2026-01-21
sz.003016,2025-12-08,2026-01-23
sh.600792,2025-12-01,2026-01-16
sz.002163,2025-12-26,2026-02-12
sz.000572,2025-12-19,2026-02-05
sz.002390,2025-12-08,2026-01-23
sz.000632,2025-12-02,2026-01-19
sz.000020,2025-12-05,2026-01-22
sh.600228,2025-12-01,2026-01-16
sh.600721,2025-12-24,2026-02-25
sz.002289,2025-12-04,2026-01-21
sz.002596,2025-12-22,2026-02-06
sz.300779,2025-12-23,2026-02-09
sh.600107,2025-12-01,2026-01-16
sz.002977,2025-12-16,2026-02-02
sh.688260,2025-12-04,2026-01-21
sz.300779,2025-12-26,2026-02-12
sz.000691,2025-12-01,2026-01-19
sh.603322,2025-12-09,2026-01-26
sh.603878,2025-12-25,2026-02-11
sz.000973,2025-12-31,2026-02-25
sh.688456,2025-12-24,2026-02-10
sh.603815,2025-12-08,2026-01-23
sz.300658,2025-12-31,2026-03-11
sh.603829,2025-12-10,2026-01-27
sh.603677,2025-12-01,2026-01-16
sz.300300,2025-12-25,2026-02-11
sz.301017,2025-12-16,2026-02-02
sh.600179,2025-12-24,2026-02-10
sz.002575,2025-12-05,2026-01-22
sh.603636,2025-12-05,2026-01-22
sz.301567,2025-12-04,2026-01-21
sz.301227,2025-12-23,2026-02-09
sz.002163,2025-12-24,2026-02-10
sz.002424,2025-12-15,2026-02-02
sh.600846,2025-12-01,2026-01-16
sh.600828,2025-12-08,2026-01-23
sz.002713,2025-12-01,2026-01-19
sz.002164,2025-12-26,2026-02-12
sh.603322,2025-12-11,2026-01-28
sz.003041,2025-12-01,2026-01-16
sz.002860,2025-12-02,2026-01-19
sz.301211,2025-12-01,2026-01-16
sz.300173,2025-12-17,2026-02-04
sh.603909,2025-12-04,2026-01-21
sz.301292,2025-12-02,2026-01-19
sh.605255,2025-12-30,2026-03-04
sz.300640,2025-12-17,2026-02-03
sz.301489,2025-12-25,2026-02-11
sz.300087,2025-12-24,2026-02-13
sh.603359,2025-12-29,2026-02-13
sz.300862,2025-12-03,2026-01-20
sz.002512,2025-12-08,2026-01-23
sh.603829,2025-12-18,2026-02-04
sh.600734,2025-12-01,2026-01-16
sz.300736,2025-12-10,2026-01-27
sz.300225,2025-12-05,2026-01-22
sh.603353,2025-12-01,2026-01-16
sh.600800,2025-12-03,2026-02-03
sh.603398,2025-12-05,2026-01-22
sz.000692,2025-12-01,2026-01-16
sz.300047,2025-12-05,2026-01-22
sz.300476,2025-12-31,2026-02-25
sh.601360,2025-12-04,2026-01-21
sz.300295,2025-12-01,2026-01-16
sh.600815,2025-12-05,2026-01-22
sh.603958,2025-12-08,2026-01-23
sh.600082,2025-12-03,2026-01-20
sz.002910,2025-12-17,2026-02-03
sz.300225,2025-12-02,2026-01-19
sh.605580,2025-12-15,2026-01-30
sz.002789,2025-12-01,2026-01-16
sz.000593,2025-12-03,2026-01-20
sz.301001,2025-12-01,2026-01-16
sz.300736,2025-12-05,2026-01-22
sz.300460,2025-12-04,2026-01-22
sz.000796,2025-12-24,2026-02-10
sh.603327,2025-12-01,2026-01-16
sh.688577,2025-12-03,2026-01-20
sh.603322,2025-12-03,2026-01-20
sz.300300,2025-12-23,2026-02-09
sz.002634,2025-12-02,2026-01-19
sz.000973,2025-12-25,2026-02-11
sz.301046,2025-12-03,2026-01-20
sz.000078,2025-12-15,2026-01-30
sz.002217,2025-12-08,2026-01-23
sh.601366,2025-12-16,2026-02-02
sz.300111,2025-12-31,2026-02-25
sz.300290,2025-12-24,2026-02-10
sh.600846,2025-12-04,2026-01-21
sh.600865,2025-12-26,2026-02-12
sh.603559,2025-12-23,2026-02-09
sh.605580,2025-12-09,2026-01-26
sh.603353,2025-12-10,2026-01-27
sh.605580,2025-12-12,2026-01-29
sz.300078,2025-12-04,2026-01-21
sz.002589,2025-12-03,2026-01-20
sh.600844,2025-12-01,2026-01-16
sz.002402,2025-12-02,2026-01-19
sz.002702,2025-12-05,2026-01-22
sz.301083,2025-12-03,2026-01-20
sh.600250,2025-12-16,2026-02-02
sz.300779,2025-12-25,2026-02-11
sz.300862,2025-12-02,2026-01-19
sh.600846,2025-12-09,2026-01-26
sz.301511,2025-12-24,2026-02-10
sh.603106,2025-12-03,2026-01-20
sz.000735,2025-12-24,2026-02-10
sh.601566,2025-12-17,2026-02-03
sz.000811,2025-12-26,2026-02-12
sz.301148,2025-12-04,2026-01-21
sz.002317,2025-12-02,2026-01-19
sz.000691,2025-12-02,2026-01-20
sh.603815,2025-12-04,2026-01-21
sh.603559,2025-12-30,2026-02-24
sz.002279,2025-12-01,2026-01-16
sz.300946,2025-12-02,2026-01-19
sh.603122,2025-12-18,2026-02-04
sz.300173,2025-12-09,2026-01-27
sz.300946,2025-12-05,2026-01-22
sh.603958,2025-12-02,2026-01-19
sh.600986,2025-12-05,2026-01-22
sz.301227,2025-12-29,2026-02-13
sz.002424,2025-12-12,2026-01-30
sh.600082,2025-12-01,2026-01-16
sz.300250,2025-12-09,2026-01-26
sz.002702,2025-12-24,2026-02-10
sz.000078,2025-12-04,2026-01-21
sz.300941,2025-12-12,2026-01-29
sz.002309,2025-12-24,2026-02-10
sz.000592,2025-12-26,2026-02-12
sz.002105,2025-12-08,2026-01-23
sz.002789,2025-12-02,2026-01-19
sz.002347,2025-12-31,2026-02-25
sz.300632,2025-12-05,2026-01-22
sz.002424,2025-12-10,2026-01-28
sz.002629,2025-12-30,2026-02-24
sh.603828,2025-12-30,2026-03-03
sh.605580,2025-12-11,2026-01-28
sz.002347,2025-12-30,2026-02-24
sz.301017,2026-01-22,2026-03-17
sz.001270,2026-01-27,2026-03-20
sz.002394,2026-01-09,2026-03-04
sz.000681,2026-01-13,2026-03-06
sh.688590,2026-01-16,2026-03-11
sz.003002,2026-01-23,2026-03-18
sz.002227,2026-01-26,2026-03-19
sz.301080,2026-01-19,2026-03-12
sh.603778,2026-01-12,2026-03-05
sz.300443,2026-01-20,2026-03-13
sh.688192,2026-01-15,2026-03-10
sh.603800,2026-01-19,2026-03-12
sz.300071,2026-01-12,2026-03-05
sz.301261,2026-01-15,2026-03-10
sz.300377,2026-01-08,2026-03-03
sh.688631,2026-01-13,2026-03-06
sz.300687,2026-01-15,2026-03-10
sh.688273,2026-01-06,2026-02-27
sh.600593,2026-01-23,2026-03-18
sh.605255,2026-01-15,2026-03-10
sz.301076,2026-01-15,2026-03-10
sz.001400,2026-01-12,2026-03-05
sz.301293,2026-01-06,2026-02-27
sz.301283,2026-01-19,2026-03-12
sz.301557,2026-01-22,2026-03-17
sz.301459,2026-01-19,2026-03-12
sz.300965,2026-01-08,2026-03-03
sz.002745,2026-01-21,2026-03-16
sh.688062,2026-01-14,2026-03-09
sh.688041,2026-01-19,2026-03-12
sz.002163,2026-01-06,2026-02-27
sh.603580,2026-01-20,2026-03-13
sz.002197,2026-01-13,2026-03-06
sh.600537,2026-01-07,2026-03-02
sh.688089,2026-01-05,2026-02-26
sz.002149,2026-01-08,2026-03-03
sz.300337,2026-01-15,2026-03-10
sh.688658,2026-01-20,2026-03-13
sz.300709,2026-01-15,2026-03-10
sh.600682,2026-01-12,2026-03-05
sz.001337,2026-01-27,2026-03-20
sh.600151,2026-01-05,2026-02-26
sz.301667,2026-01-19,2026-03-12
sh.688256,2026-01-22,2026-03-17
sz.002383,2026-01-09,2026-03-04
sz.300668,2026-01-19,2026-03-12
sh.600340,2026-01-06,2026-02-27
sh.600776,2026-01-13,2026-03-06
sz.300785,2026-01-30,2026-03-25
sz.000603,2026-01-26,2026-03-19
sh.688221,2026-01-19,2026-03-12
sh.688503,2026-01-15,2026-03-10
sz.300063,2026-01-30,2026-03-25
sh.600531,2026-01-26,2026-03-19
sz.300072,2026-01-21,2026-03-16
sz.002246,2026-01-26,2026-03-19
sh.600266,2026-01-14,2026-03-09
sh.605255,2026-01-12,2026-03-05
sh.600916,2026-01-28,2026-03-23
sz.300707,2026-01-22,2026-03-17
sh.688225,2026-01-13,2026-03-06
sz.300872,2026-01-15,2026-03-10
sh.688809,2026-01-14,2026-03-09
sz.001400,2026-01-14,2026-03-09
sz.301227,2026-01-06,2026-02-27
sz.002759,2026-01-13,2026-03-06
sh.688347,2026-01-28,2026-03-23
sz.301060,2026-01-12,2026-03-05
sz.001337,2026-01-28,2026-03-23
sz.000593,2026-01-23,2026-03-18
sz.002935,2026-01-12,2026-03-05
sh.688552,2026-01-15,2026-03-10
sh.603778,2026-01-13,2026-03-06
sh.688658,2026-01-16,2026-03-11
sz.002173,2026-01-09,2026-03-04
sh.603360,2026-01-19,2026-03-12
sz.300235,2026-01-08,2026-03-03
sz.301201,2026-01-08,2026-03-03
sh.600877,2026-01-23,2026-03-18
sh.603466,2026-01-12,2026-03-05
sz.002703,2026-01-08,2026-03-03
sh.600243,2026-01-15,2026-03-10
sz.301232,2026-01-30,2026-03-25
sz.301232,2026-01-29,2026-03-24
sh.688045,2026-01-26,2026-03-19
sh.688246,2026-01-09,2026-03-04
sz.002843,2026-01-12,2026-03-05
sz.300785,2026-01-28,2026-03-23
sh.605116,2026-01-15,2026-03-10
sh.600618,2026-01-28,2026-03-23
sh.603360,2026-01-15,2026-03-10
sz.300235,2026-01-12,2026-03-05
sh.688066,2026-01-08,2026-03-03
sh.688066,2026-01-16,2026-03-11
sh.603630,2026-01-19,2026-03-12
sz.002175,2026-01-21,2026-03-16
sz.301213,2026-01-09,2026-03-04
sz.301392,2026-01-26,2026-03-19
sz.002017,2026-01-12,2026-03-05
sz.301005,2026-01-21,2026-03-16
sz.000960,2026-01-22,2026-03-17
sh.688608,2026-01-19,2026-03-12
sz.002227,2026-01-21,2026-03-16
sh.688347,2026-01-27,2026-03-20
sh.688552,2026-01-20,2026-03-13
sh.600783,2026-01-09,2026-03-04
sz.002466,2026-01-22,2026-03-17
sh.605028,2026-01-06,2026-03-06
sz.300878,2026-01-20,2026-03-13
sz.002241,2026-01-14,2026-03-09
sz.002851,2026-01-26,2026-03-19
sh.600531,2026-01-27,2026-03-20
sh.600435,2026-01-06,2026-02-27
sz.300123,2026-01-14,2026-03-09
sh.688759,2026-01-23,2026-03-18
sh.688698,2026-01-19,2026-03-12
sz.002324,2026-01-08,2026-03-03
sz.002451,2026-01-16,2026-03-11
sz.300774,2026-01-21,2026-03-16
sz.300837,2026-01-22,2026-03-17
sz.300300,2026-01-06,2026-02-27
sh.600337,2026-01-15,2026-03-10
sh.600301,2026-01-23,2026-03-18
sz.300552,2026-01-14,2026-03-09
sz.300709,2026-01-14,2026-03-09
sh.600676,2026-01-13,2026-03-06
sh.603598,2026-01-13,2026-03-06
sh.600497,2026-01-22,2026-03-17
sz.300818,2026-01-27,2026-03-20
sz.002466,2026-01-26,2026-03-19
sz.002153,2026-01-14,2026-03-09
sh.688279,2026-01-19,2026-03-12
sz.300123,2026-01-12,2026-03-05
sz.002501,2026-01-15,2026-03-10
sz.300629,2026-01-12,2026-03-05
sz.301096,2026-01-21,2026-03-16
sz.300879,2026-01-19,2026-03-12
sz.002501,2026-01-26,2026-03-19
sz.300141,2026-01-09,2026-03-04
sh.603352,2026-01-16,2026-03-11
sh.601212,2026-01-27,2026-03-20
sz.300584,2026-01-12,2026-03-05
sh.688506,2026-01-09,2026-03-04
sz.300155,2026-01-09,2026-03-04
sh.688759,2026-01-16,2026-03-11
sz.300111,2026-01-06,2026-02-27
sz.000506,2026-01-28,2026-03-23
sh.688084,2026-01-23,2026-03-18
sz.301275,2026-01-14,2026-03-09
sh.688323,2026-01-26,2026-03-19
sz.002394,2026-01-12,2026-03-05
sh.603703,2026-01-08,2026-03-03
sh.688258,2026-01-28,2026-03-23
sz.301363,2026-01-06,2026-02-27
sz.002149,2026-01-06,2026-02-27
sz.002326,2026-01-30,2026-04-01
sz.002465,2026-01-08,2026-03-03
sh.600187,2026-01-23,2026-03-18
sz.301001,2026-01-12,2026-03-05
sz.003002,2026-01-22,2026-03-17
sz.001270,2026-01-26,2026-03-19
sz.300762,2026-01-09,2026-03-04
sz.300235,2026-01-13,2026-03-06
sz.001208,2026-01-08,2026-03-03
sz.301136,2026-01-07,2026-03-02
sh.688375,2026-01-21,2026-03-16
sz.001255,2026-01-15,2026-03-10
sh.688165,2026-01-26,2026-04-02
sz.000859,2026-01-20,2026-03-13
sh.688227,2026-01-14,2026-03-09
sz.300879,2026-01-21,2026-03-16
sz.002428,2026-01-22,2026-03-17
sz.000592,2026-01-06,2026-02-27
sz.300561,2026-01-22,2026-03-17
sz.002731,2026-01-22,2026-03-18
sz.000691,2026-01-12,2026-03-05
sh.600243,2026-01-20,2026-03-13
sh.603286,2026-01-19,2026-03-12
sz.300290,2026-01-05,2026-02-26
sh.600693,2026-01-06,2026-02-27
sz.000066,2026-01-20,2026-03-13
sh.688279,2026-01-16,2026-03-11
sz.300709,2026-01-16,2026-03-11
sh.601069,2026-01-28,2026-03-23
sz.002151,2026-01-07,2026-03-02
sh.605337,2026-01-28,2026-03-23
sh.603011,2026-01-13,2026-03-06
sh.603718,2026-01-26,2026-03-19
sz.300606,2026-01-20,2026-03-13
sz.300774,2026-01-15,2026-03-10
sz.301306,2026-01-15,2026-03-10
sz.002725,2026-01-08,2026-03-03
sz.002160,2026-01-26,2026-03-19
sh.688047,2026-01-21,2026-03-16
sh.603567,2026-01-12,2026-03-05
sz.000510,2026-01-23,2026-03-18
sh.600783,2026-01-12,2026-03-05
sz.300454,2026-01-20,2026-03-13
sh.688682,2026-01-21,2026-03-16
sh.688066,2026-01-27,2026-03-20
sh.600058,2026-01-20,2026-03-13
sh.603716,2026-01-09,2026-03-04
sz.002773,2026-01-16,2026-03-11
sh.600961,2026-01-26,2026-03-19
sh.603000,2026-01-13,2026-03-06
sz.301557,2026-01-14,2026-03-09
sh.601212,2026-01-26,2026-03-19
sh.688549,2026-01-19,2026-03-12
sh.688767,2026-01-14,2026-03-09
sh.603429,2026-01-16,2026-03-11
sh.603696,2026-01-14,2026-03-09
sz.300986,2026-01-23,2026-03-18
sz.002163,2026-01-08,2026-03-03
sh.600076,2026-01-15,2026-03-10
sz.300638,2026-01-08,2026-03-03
sh.601137,2026-01-19,2026-03-12
sz.002023,2026-01-20,2026-03-13
sh.603286,2026-01-16,2026-03-11
sh.688387,2026-01-28,2026-03-23
sz.301209,2026-01-23,2026-03-18
sz.001255,2026-01-14,2026-03-09
sh.600354,2026-01-28,2026-03-23
sz.301459,2026-01-16,2026-03-11
sh.600828,2026-01-09,2026-03-04
sh.688066,2026-01-22,2026-03-17
sh.688687,2026-01-14,2026-03-09
sh.688319,2026-01-13,2026-03-06
sh.688615,2026-01-29,2026-03-24
sz.300139,2026-01-28,2026-03-23
sz.300948,2026-01-22,2026-03-17
sz.300085,2026-01-08,2026-03-03
sz.300774,2026-01-23,2026-03-18
sz.002160,2026-01-28,2026-03-23
sz.002134,2026-01-20,2026-03-13
sh.600730,2026-01-08,2026-03-03
sz.000833,2026-01-21,2026-03-16
sz.002171,2026-01-21,2026-03-16
sz.002519,2026-01-14,2026-03-09
sh.688234,2026-01-19,2026-03-12
sz.300668,2026-01-15,2026-03-10
sh.603690,2026-01-21,2026-03-16
sz.300053,2026-01-27,2026-03-20
sz.300516,2026-01-05,2026-02-26
sz.002246,2026-01-23,2026-03-18
sh.601137,2026-01-20,2026-03-13
sz.300139,2026-01-26,2026-03-19
sz.002038,2026-01-28,2026-03-23
sz.300668,2026-01-12,2026-03-05
sz.300635,2026-01-12,2026-03-05
sz.000547,2026-01-06,2026-02-27
sz.000975,2026-01-22,2026-03-17
sh.688376,2026-01-19,2026-03-12
sz.300047,2026-01-12,2026-03-05
sz.002119,2026-01-26,2026-03-19
sh.688590,2026-01-19,2026-03-12
sz.000859,2026-01-21,2026-03-16
sh.688119,2026-01-23,2026-03-18
sz.002490,2026-01-27,2026-03-20
sz.002528,2026-01-13,2026-03-06
sh.603607,2026-01-13,2026-03-06
sz.002151,2026-01-08,2026-03-03
sh.600855,2026-01-06,2026-02-27
sh.688244,2026-01-08,2026-03-03
sh.600345,2026-01-08,2026-03-03
sh.688372,2026-01-19,2026-03-12
sh.688800,2026-01-20,2026-03-13
sh.603090,2026-01-20,2026-03-13
sh.600187,2026-01-20,2026-03-13
sz.000960,2026-01-21,2026-03-16
sh.603786,2026-01-21,2026-03-16
sh.688507,2026-01-20,2026-03-13
sz.300337,2026-01-21,2026-03-16
sh.605255,2026-01-20,2026-03-13
sh.688502,2026-01-20,2026-03-13
sz.000426,2026-01-21,2026-03-16
sz.002519,2026-01-09,2026-03-04
sh.688256,2026-01-26,2026-03-19
sz.301117,2026-01-21,2026-03-16
sz.000510,2026-01-20,2026-03-13
sz.001208,2026-01-12,2026-03-05
sh.600581,2026-01-21,2026-03-16
sz.300313,2026-01-12,2026-03-05
sz.301017,2026-01-12,2026-03-05
sh.603813,2026-01-29,2026-03-24
sz.000547,2026-01-07,2026-03-02
sz.002731,2026-01-20,2026-03-16
sh.688382,2026-01-19,2026-03-12
sh.688658,2026-01-22,2026-03-17
sz.002558,2026-01-19,2026-03-12
sh.688776,2026-01-12,2026-03-05
sz.002413,2026-01-08,2026-03-03
sz.301529,2026-01-16,2026-03-11
sh.600135,2026-01-09,2026-03-04
sh.605086,2026-01-21,2026-03-16
sh.688228,2026-01-30,2026-03-25
sh.688365,2026-01-28,2026-03-23
sh.601116,2026-01-14,2026-03-09
sz.300986,2026-01-29,2026-03-24
sh.603800,2026-01-23,2026-03-18
sh.601700,2026-01-21,2026-03-16
sh.600381,2026-01-23,2026-03-18
sz.301308,2026-01-27,2026-03-20
sh.603025,2026-01-20,2026-03-13
sz.002965,2026-01-19,2026-03-12
sh.688256,2026-01-23,2026-03-18
sz.300072,2026-01-20,2026-03-13
sh.688323,2026-01-23,2026-03-18
sh.688607,2026-01-23,2026-03-18
sz.300255,2026-01-26,2026-03-19
sh.600243,2026-01-22,2026-03-17
sh.600058,2026-01-21,2026-03-16
sz.300593,2026-01-08,2026-03-03
sh.603718,2026-01-16,2026-03-11
sz.002788,2026-01-14,2026-03-09
sh.688270,2026-01-30,2026-03-25
sh.600855,2026-01-05,2026-02-26
sh.600678,2026-01-08,2026-03-03
sz.300948,2026-01-19,2026-03-12
sh.688131,2026-01-16,2026-03-11
sh.600909,2026-01-27,2026-03-20
sh.600676,2026-01-19,2026-03-12
sh.603132,2026-01-27,2026-03-20
sz.301275,2026-01-15,2026-03-10
sh.603039,2026-01-22,2026-03-17
sz.301231,2026-01-12,2026-03-05
sz.301557,2026-01-13,2026-03-06
sh.688590,2026-01-21,2026-03-16
sz.301557,2026-01-20,2026-03-13
sz.002768,2026-01-23,2026-03-18
sz.301155,2026-01-27,2026-03-20
sh.600271,2026-01-09,2026-03-04
sh.600745,2026-01-27,2026-03-20
sh.600343,2026-01-05,2026-02-26
sh.603690,2026-01-14,2026-03-09
sz.300265,2026-01-08,2026-03-03
sz.000592,2026-01-12,2026-03-05
sz.300539,2026-01-20,2026-03-13
sh.688228,2026-01-21,2026-03-16
sh.600531,2026-01-28,2026-03-23
sh.605086,2026-01-23,2026-03-18
sz.000820,2026-01-21,2026-03-18
sh.688382,2026-01-12,2026-03-05
sz.002246,2026-01-21,2026-03-16
sh.600729,2026-01-09,2026-03-04
sz.300337,2026-01-05,2026-02-26
sh.688365,2026-01-12,2026-03-05
sh.601212,2026-01-28,2026-03-23
sh.600775,2026-01-08,2026-03-03
sz.000592,2026-01-07,2026-03-02
sz.301209,2026-01-22,2026-03-17
sh.688577,2026-01-15,2026-03-10
sh.688603,2026-01-20,2026-03-13
sz.002657,2026-01-13,2026-03-06
sz.300255,2026-01-21,2026-03-16
sh.688066,2026-01-29,2026-03-24
sz.002151,2026-01-13,2026-03-06
sh.605028,2026-01-07,2026-03-09
sz.300200,2026-01-16,2026-03-11
sz.002175,2026-01-26,2026-03-19
sz.301117,2026-01-12,2026-03-05
sh.603185,2026-01-06,2026-02-27
sh.600990,2026-01-07,2026-03-02
sh.600686,2026-01-19,2026-03-12
sz.300437,2026-01-12,2026-03-05
sh.603516,2026-01-16,2026-03-11
sh.688066,2026-01-26,2026-03-19
sz.002466,2026-01-21,2026-03-16
sh.603516,2026-01-09,2026-03-04
sz.000610,2026-01-28,2026-03-23
sz.003002,2026-01-26,2026-03-19
sz.300780,2026-01-28,2026-03-23
sh.600588,2026-01-12,2026-03-05
sh.603119,2026-01-20,2026-03-13
sh.688403,2026-01-15,2026-03-10
sh.603132,2026-01-26,2026-03-19
sz.300010,2026-01-08,2026-03-03
sh.688047,2026-01-20,2026-03-13
sh.600969,2026-01-30,2026-03-25
sh.688228,2026-01-27,2026-03-20
sh.600381,2026-01-21,2026-03-16
sh.605336,2026-01-15,2026-03-10
sh.688066,2026-01-20,2026-03-13
sh.603690,2026-01-15,2026-03-10
sz.000547,2026-01-05,2026-02-26
sz.000610,2026-01-19,2026-03-12
sz.300342,2026-01-21,2026-03-16
sh.600595,2026-01-26,2026-03-19
sz.300433,2026-01-21,2026-03-16
sh.600078,2026-01-23,2026-03-18
sz.002400,2026-01-30,2026-03-25
sh.600595,2026-01-27,2026-03-20
sz.301257,2026-01-12,2026-03-05
sz.300111,2026-01-12,2026-03-05
sh.600909,2026-01-26,2026-03-19
sz.300364,2026-01-12,2026-03-05
sz.300455,2026-01-08,2026-03-03
sz.300561,2026-01-29,2026-03-24
sz.300561,2026-01-13,2026-03-06
sz.301205,2026-01-28,2026-03-23
sz.300058,2026-01-30,2026-03-25
sz.300706,2026-02-13,2026-04-09
sz.002400,2026-02-05,2026-03-31
sz.000415,2026-02-26,2026-04-14
sz.003009,2026-02-27,2026-04-15
sh.688082,2026-02-24,2026-04-10
sh.600871,2026-02-27,2026-04-15
sz.301043,2026-02-05,2026-03-31
sz.300291,2026-02-05,2026-03-31
sz.000156,2026-02-06,2026-04-01
sz.001335,2026-02-09,2026-04-02
sz.301172,2026-02-05,2026-03-31
sz.300291,2026-02-06,2026-04-01
sz.001330,2026-02-06,2026-04-01
sz.002988,2026-02-11,2026-04-07
sh.601579,2026-02-09,2026-04-02
sz.301522,2026-02-25,2026-04-13
sh.603898,2026-02-06,2026-04-01
sz.002354,2026-02-05,2026-03-31
sz.002457,2026-02-24,2026-04-10
sh.688629,2026-02-25,2026-04-13
sz.300612,2026-02-10,2026-04-03
sz.300909,2026-02-27,2026-04-15
sh.688396,2026-02-11,2026-04-07
sh.688350,2026-02-24,2026-04-10
sz.000506,2026-02-26,2026-04-14
sh.600053,2026-02-06,2026-04-01
sz.002918,2026-02-06,2026-04-01
sz.300943,2026-02-27,2026-04-15
sh.688292,2026-02-11,2026-04-07
sz.002919,2026-02-25,2026-04-13
sh.600115,2026-02-13,2026-04-09
sh.688316,2026-02-10,2026-04-03
sz.300058,2026-02-06,2026-04-01
sh.688228,2026-02-11,2026-04-07
sh.600115,2026-02-09,2026-04-02
sh.603402,2026-02-04,2026-03-30
sh.603697,2026-02-05,2026-03-31
sz.301095,2026-02-11,2026-04-07
sz.000700,2026-02-11,2026-04-07
sh.603402,2026-02-05,2026-03-31
sh.600456,2026-02-26,2026-04-14
sz.300943,2026-02-26,2026-04-14
sz.001330,2026-02-25,2026-04-13
sz.002054,2026-02-24,2026-04-10
sz.002739,2026-02-10,2026-04-03
sh.688281,2026-02-24,2026-04-10
sh.603598,2026-02-11,2026-04-07
sz.300063,2026-02-05,2026-03-31
sh.688698,2026-02-06,2026-04-01
sh.688788,2026-02-05,2026-03-31
sz.002664,2026-02-11,2026-04-07
sz.001328,2026-02-10,2026-04-03
sh.688403,2026-02-13,2026-04-09
sz.002558,2026-02-09,2026-04-02
sz.002919,2026-02-24,2026-04-10
sz.001360,2026-02-24,2026-04-10
sh.603968,2026-02-12,2026-04-08
sh.688147,2026-02-11,2026-04-07
sh.688122,2026-02-26,2026-04-14
sz.002558,2026-02-11,2026-04-07
sh.688291,2026-02-25,2026-04-13
sh.600230,2026-02-26,2026-04-14
sh.688677,2026-02-06,2026-04-01
sz.001311,2026-02-13,2026-04-09
sh.688291,2026-02-24,2026-04-10
sz.002062,2026-02-25,2026-04-13
sz.002519,2026-02-26,2026-04-14
sh.600841,2026-02-24,2026-04-10
sh.688232,2026-02-09,2026-04-02
sh.603993,2026-02-25,2026-04-13
sh.605598,2026-02-05,2026-03-31
sh.603533,2026-02-10,2026-04-03
sh.603212,2026-02-05,2026-03-31
sh.603698,2026-02-05,2026-03-31
sh.688500,2026-02-06,2026-04-01
sh.603171,2026-02-09,2026-04-02
sz.002196,2026-02-24,2026-04-10
sz.300058,2026-02-10,2026-04-03
sh.601069,2026-02-26,2026-04-14
sz.002181,2026-02-06,2026-04-01
sz.002943,2026-02-12,2026-04-08
sz.000681,2026-02-11,2026-04-07
sz.002493,2026-02-27,2026-04-15
sz.002928,2026-02-05,2026-03-31
sh.688615,2026-02-05,2026-03-31
sh.600556,2026-02-10,2026-04-03
sh.605488,2026-02-09,2026-04-02
sh.600549,2026-02-27,2026-04-15
sz.301171,2026-02-06,2026-04-01
sz.300488,2026-02-27,2026-04-15
sz.300043,2026-02-05,2026-03-31
sz.300063,2026-02-02,2026-03-26
sz.002342,2026-02-10,2026-04-03
sz.300814,2026-02-27,2026-04-15
sz.001225,2026-02-12,2026-04-08
sh.600996,2026-02-06,2026-04-01
sh.688343,2026-02-25,2026-04-13
sz.301030,2026-02-11,2026-04-07
sh.688652,2026-02-24,2026-04-10
sz.300578,2026-02-06,2026-04-01
sz.300792,2026-02-06,2026-04-01
sz.300182,2026-02-10,2026-04-03
sh.688686,2026-02-13,2026-04-09
sz.300528,2026-02-05,2026-03-31
sh.688699,2026-02-10,2026-04-03
sh.603667,2026-02-11,2026-04-07
sh.603090,2026-02-27,2026-04-15
sh.688622,2026-02-25,2026-04-13
sz.000995,2026-02-03,2026-03-27
sz.002342,2026-02-06,2026-04-01
sz.300634,2026-02-10,2026-04-03
sz.301286,2026-02-25,2026-04-13
sh.688114,2026-02-09,2026-04-02
sz.300855,2026-02-25,2026-04-13
sh.605288,2026-02-06,2026-04-01
sh.603331,2026-02-12,2026-04-08
sh.688037,2026-02-27,2026-04-15
sz.300781,2026-02-06,2026-04-01
sz.001311,2026-02-25,2026-04-13
sz.003010,2026-02-04,2026-03-30
sz.300833,2026-02-11,2026-04-07
sh.603968,2026-02-13,2026-04-09
sz.002905,2026-02-06,2026-04-01
sh.688331,2026-02-06,2026-04-01
sz.301662,2026-02-25,2026-04-13
sz.300775,2026-02-25,2026-04-13
sz.002712,2026-02-06,2026-04-01
sh.603665,2026-02-05,2026-03-31
sz.002851,2026-02-27,2026-04-15
sh.605168,2026-02-05,2026-03-31
sh.603861,2026-02-26,2026-04-14
sz.300133,2026-02-09,2026-04-02
sh.600711,2026-02-25,2026-04-13
sz.002512,2026-02-25,2026-04-14
sh.688545,2026-02-25,2026-04-13
sh.600828,2026-02-04,2026-03-30
sh.603979,2026-02-27,2026-04-15
sh.605566,2026-02-24,2026-04-10
sz.300703,2026-02-06,2026-04-01
sh.601958,2026-02-27,2026-04-15
sz.300952,2026-02-11,2026-04-07
sh.688095,2026-02-05,2026-03-31
sz.002237,2026-02-26,2026-04-14
sz.300570,2026-02-10,2026-04-03
sz.301413,2026-02-05,2026-03-31
sh.600986,2026-02-25,2026-04-13
sz.300228,2026-02-27,2026-04-15
sh.688281,2026-02-26,2026-04-14
sz.300269,2026-02-05,2026-03-31
sz.300589,2026-02-25,2026-04-13
sh.688622,2026-02-11,2026-04-07
sh.688686,2026-02-06,2026-04-01
sz.300570,2026-02-11,2026-04-07
sz.301073,2026-02-05,2026-03-31
sh.605060,2026-02-25,2026-04-13
sh.600082,2026-02-09,2026-04-02
sh.688480,2026-02-26,2026-04-14
sh.600301,2026-02-26,2026-04-14
sz.301468,2026-02-25,2026-04-13
sz.000738,2026-02-25,2026-04-13
sz.002918,2026-02-24,2026-04-10
sh.601595,2026-02-09,2026-04-02
sz.000506,2026-02-27,2026-04-15
sz.300136,2026-02-25,2026-04-13
sz.301025,2026-02-06,2026-04-01
sz.301522,2026-02-24,2026-04-10
sh.605169,2026-02-27,2026-04-15
sh.688262,2026-02-05,2026-03-31
sz.002731,2026-02-04,2026-03-31
sh.688691,2026-02-26,2026-04-14
sz.300316,2026-02-25,2026-04-13
sz.000056,2026-02-06,2026-04-01
sh.601615,2026-02-06,2026-04-01
sz.301008,2026-02-11,2026-04-07
sh.605376,2026-02-13,2026-04-09
sh.688281,2026-02-25,2026-04-13
sh.603682,2026-02-24,2026-04-10
sz.002623,2026-02-09,2026-04-02
sz.300912,2026-02-25,2026-04-13
sh.603103,2026-02-05,2026-03-31
sz.300778,2026-02-24,2026-04-10
sh.605168,2026-02-06,2026-04-01
sz.000892,2026-02-11,2026-04-07
sh.605033,2026-02-13,2026-04-09
sz.300912,2026-02-09,2026-04-02
sz.300078,2026-02-05,2026-03-31
sh.688657,2026-02-05,2026-03-31
sz.300842,2026-02-26,2026-04-14
sh.603730,2026-02-06,2026-04-01
sh.603916,2026-02-06,2026-04-01
sz.002928,2026-02-06,2026-04-01
sz.002009,2026-02-25,2026-04-13
sh.600825,2026-02-06,2026-04-01
sz.002009,2026-02-11,2026-04-07
sz.000060,2026-02-26,2026-04-14
sh.600506,2026-02-26,2026-04-14
sz.002383,2026-02-27,2026-04-15
sz.300058,2026-02-25,2026-04-13
sh.688680,2026-02-24,2026-04-10
sz.300812,2026-02-27,2026-04-15
sh.600353,2026-02-24,2026-04-10
sh.600076,2026-02-06,2026-04-01
sh.600673,2026-02-11,2026-04-20
sz.000796,2026-02-05,2026-03-31
sh.688691,2026-02-13,2026-04-09
sz.300624,2026-02-10,2026-04-03
sh.600370,2026-02-09,2026-04-02
sz.002943,2026-02-09,2026-04-02
sz.002149,2026-02-25,2026-04-13
sz.300212,2026-02-05,2026-03-31
sh.688409,2026-02-25,2026-04-13
sz.300755,2026-02-05,2026-03-31
sh.688516,2026-02-24,2026-04-10
sh.688399,2026-02-09,2026-04-02
sz.002115,2026-02-06,2026-04-01
sz.300063,2026-02-09,2026-04-02
sz.300921,2026-02-09,2026-04-02
sh.601116,2026-02-04,2026-03-30
sz.003041,2026-02-11,2026-04-07
sz.300133,2026-02-10,2026-04-03
sh.600353,2026-02-26,2026-04-14
sz.301636,2026-02-04,2026-03-30
sh.601579,2026-02-04,2026-03-30
sz.002739,2026-02-04,2026-03-30
sz.300751,2026-02-06,2026-04-01
sz.301232,2026-02-05,2026-03-31
sh.688710,2026-02-06,2026-04-01
sh.603626,2026-02-11,2026-04-07
sz.002623,2026-02-11,2026-04-07
sz.002731,2026-02-02,2026-03-27
sz.002682,2026-02-27,2026-04-15
sz.000758,2026-02-25,2026-04-13
sz.300909,2026-02-26,2026-04-14
sh.603686,2026-02-05,2026-03-31
sh.688691,2026-02-12,2026-04-08
sz.301078,2026-02-26,2026-04-14
sh.688768,2026-02-24,2026-04-10
sz.301333,2026-02-10,2026-04-03
sh.601168,2026-02-27,2026-04-15
sz.002702,2026-02-06,2026-04-01
sz.300242,2026-02-05,2026-03-31
sh.603052,2026-02-04,2026-03-30
sh.688200,2026-02-24,2026-04-10
sz.300952,2026-02-10,2026-04-03
sz.003041,2026-02-10,2026-04-03
sz.000659,2026-02-26,2026-04-16
sz.301510,2026-02-05,2026-03-31
sh.688516,2026-02-13,2026-04-09
sz.301030,2026-02-09,2026-04-02
sh.601008,2026-02-27,2026-04-15
sh.601020,2026-02-26,2026-04-21
sh.603103,2026-02-11,2026-04-07
sz.002115,2026-02-25,2026-04-13
sh.688766,2026-02-05,2026-03-31
sh.688699,2026-02-06,2026-04-01
sz.301095,2026-02-24,2026-04-10
sz.300394,2026-02-27,2026-04-15
sz.000905,2026-02-27,2026-04-15
sz.300654,2026-02-05,2026-03-31
sz.300945,2026-02-26,2026-04-14
sh.601233,2026-02-25,2026-04-13
sh.688392,2026-02-25,2026-04-13
sz.002739,2026-02-09,2026-04-02
sh.688392,2026-02-26,2026-04-14
sh.688658,2026-02-05,2026-03-31
sh.600980,2026-02-25,2026-04-13
sh.688625,2026-02-26,2026-04-14
sz.300952,2026-02-05,2026-03-31
sz.300102,2026-02-05,2026-03-31
sh.688347,2026-02-06,2026-04-01
sh.601116,2026-02-05,2026-03-31
sz.300316,2026-02-26,2026-04-14
sh.688028,2026-02-26,2026-04-14
sz.002361,2026-02-06,2026-04-01
sz.002129,2026-02-05,2026-03-31
sz.002824,2026-02-10,2026-04-03
sh.600481,2026-02-04,2026-03-30
sh.688180,2026-02-06,2026-04-01
sz.301526,2026-02-13,2026-04-09
sz.301526,2026-02-24,2026-04-10
sz.300774,2026-02-25,2026-04-13
sh.688722,2026-02-09,2026-04-02
sz.002040,2026-02-27,2026-04-15
sh.688686,2026-02-10,2026-04-03
sz.000620,2026-02-05,2026-03-31
sh.688691,2026-02-25,2026-04-13
sh.688147,2026-02-27,2026-04-15
sh.688680,2026-02-11,2026-04-07
sh.601888,2026-02-10,2026-04-03
sh.688595,2026-02-10,2026-04-03
sz.001328,2026-02-12,2026-04-08
sz.003010,2026-02-10,2026-04-03
sz.002565,2026-02-26,2026-04-14
sz.002519,2026-02-13,2026-04-09
sh.603697,2026-02-06,2026-04-01
sz.301636,2026-02-25,2026-04-13
sz.002601,2026-02-25,2026-04-13
sh.600477,2026-02-05,2026-03-31
sz.301232,2026-02-26,2026-04-14
sh.603212,2026-02-06,2026-04-01
sz.002757,2026-02-09,2026-04-02
sz.300593,2026-02-26,2026-04-14
sz.301550,2026-02-11,2026-04-07
sz.001335,2026-02-05,2026-03-31
sz.301262,2026-02-06,2026-04-01
sz.301428,2026-02-09,2026-04-02
sz.300442,2026-02-27,2026-04-15
sz.300426,2026-02-09,2026-04-02
sz.300212,2026-02-09,2026-04-02
sz.301217,2026-02-24,2026-04-10
sz.300781,2026-02-05,2026-03-31
sz.300049,2026-02-11,2026-04-07
sh.688270,2026-02-26,2026-04-14
sh.688167,2026-02-10,2026-04-03
sz.301662,2026-02-26,2026-04-14
sh.688221,2026-02-09,2026-04-02
sz.301428,2026-02-05,2026-03-31
sh.603682,2026-02-25,2026-04-13
sh.600556,2026-02-05,2026-03-31
sh.603225,2026-02-26,2026-04-14
sh.688657,2026-02-09,2026-04-02
sh.600391,2026-02-26,2026-04-14
sz.000301,2026-02-27,2026-04-15
sz.002565,2026-02-24,2026-04-10
sh.688293,2026-02-06,2026-04-01
sh.688777,2026-02-06,2026-04-01
sz.301026,2026-02-26,2026-04-14
sh.688228,2026-02-09,2026-04-02
sh.600309,2026-02-26,2026-04-14
sh.600481,2026-02-09,2026-04-02
sz.001328,2026-02-09,2026-04-02
sh.603429,2026-02-10,2026-04-07
sh.600549,2026-02-26,2026-04-14
sh.688114,2026-02-25,2026-04-13
sz.001209,2026-02-24,2026-04-10
sz.301052,2026-02-12,2026-04-08
sz.300295,2026-02-06,2026-04-01
sz.301413,2026-02-06,2026-04-01
sz.300139,2026-02-26,2026-04-14
sz.002911,2026-02-27,2026-04-15
sz.002855,2026-02-11,2026-04-07
sz.300067,2026-02-06,2026-04-01
sh.603124,2026-02-26,2026-04-14
sz.002855,2026-02-24,2026-04-10
sz.300612,2026-02-03,2026-03-27
sh.603916,2026-02-09,2026-04-02
sz.300952,2026-02-09,2026-04-02
sh.688361,2026-02-13,2026-04-09
sh.688685,2026-02-26,2026-04-14
sz.301079,2026-02-26,2026-04-14
sz.001226,2026-02-09,2026-04-02
sz.300798,2026-02-05,2026-03-31
sz.002731,2026-02-10,2026-04-03
sz.301219,2026-02-26,2026-04-14
sh.688147,2026-02-24,2026-04-10
sz.300071,2026-02-05,2026-03-31
sz.300043,2026-02-09,2026-04-02
sz.301529,2026-02-06,2026-04-01
sz.002928,2026-02-24,2026-04-10
sz.000892,2026-02-05,2026-03-31
sz.301550,2026-02-10,2026-04-03
sh.688261,2026-02-25,2026-04-13
sh.688279,2026-02-11,2026-04-07
sh.601890,2026-02-25,2026-04-13
sh.603697,2026-02-04,2026-03-30
sh.600301,2026-02-27,2026-04-15
sz.300624,2026-02-05,2026-03-31
sh.603286,2026-02-09,2026-04-02
sz.300448,2026-02-25,2026-04-13
sh.688622,2026-02-06,2026-04-01
sz.300494,2026-02-06,2026-04-01
sz.300739,2026-02-24,2026-04-10
sh.688003,2026-02-11,2026-04-07
sh.688037,2026-02-24,2026-04-10
sh.688399,2026-02-06,2026-04-01
sz.002512,2026-02-13,2026-04-10
sh.600531,2026-02-26,2026-04-14
sz.300043,2026-02-06,2026-04-01
sz.300689,2026-02-05,2026-03-31
sz.002345,2026-02-10,2026-04-03
sz.002855,2026-02-09,2026-04-02
sh.600586,2026-02-06,2026-04-01
sz.301636,2026-02-09,2026-04-02
sz.300737,2026-02-24,2026-04-10
sh.605376,2026-02-25,2026-04-13
sz.300875,2026-02-26,2026-04-14
sh.603119,2026-02-11,2026-04-07
sh.600459,2026-02-25,2026-04-13
sz.300987,2026-02-06,2026-04-01
sz.300921,2026-02-10,2026-04-03
sh.603103,2026-02-09,2026-04-02
sh.603598,2026-02-13,2026-04-09
sz.300875,2026-02-27,2026-04-15
sh.603616,2026-02-27,2026-04-15
sz.000995,2026-02-05,2026-03-31
sz.001270,2026-02-26,2026-04-14
sz.002943,2026-02-25,2026-04-13
sh.603706,2026-02-27,2026-04-15
sz.000070,2026-02-27,2026-04-15
sh.603225,2026-02-11,2026-04-07
sh.603189,2026-03-17,2026-05-07
sz.001289,2026-03-23,2026-05-12
sz.002202,2026-03-17,2026-05-06
sh.603612,2026-03-10,2026-04-24
sh.600452,2026-03-06,2026-04-22
sz.002126,2026-03-05,2026-04-21
sh.603980,2026-03-05,2026-04-21
sh.603179,2026-03-05,2026-04-21
sz.300835,2026-03-05,2026-04-21
sz.300551,2026-03-12,2026-04-28
sz.002056,2026-03-23,2026-05-12
sz.301667,2026-03-18,2026-05-07
sz.300065,2026-03-04,2026-04-20
sz.300708,2026-03-10,2026-04-24
sz.002445,2026-03-24,2026-05-13
sz.002615,2026-03-05,2026-04-21
sh.601789,2026-03-10,2026-04-24
sh.600547,2026-03-06,2026-04-22
sz.301278,2026-03-09,2026-04-23
sh.600399,2026-03-05,2026-04-21
sz.001225,2026-03-04,2026-04-20
sh.603843,2026-03-24,2026-05-20
sz.300545,2026-03-10,2026-04-24
sz.000980,2026-03-05,2026-04-21
sz.300589,2026-03-05,2026-04-21
sz.300279,2026-03-18,2026-05-07
sz.300131,2026-03-18,2026-05-07
sh.688152,2026-03-05,2026-04-21
sz.000539,2026-03-18,2026-05-07
sh.688480,2026-03-11,2026-04-27
sh.600577,2026-03-12,2026-04-28
sz.000878,2026-03-06,2026-04-22
sh.600505,2026-03-23,2026-05-12
sh.688155,2026-03-06,2026-04-22
sz.000966,2026-03-18,2026-05-07
sz.000061,2026-03-13,2026-04-29
sz.301658,2026-03-25,2026-05-14
sz.000524,2026-03-12,2026-04-28
sz.002256,2026-03-19,2026-05-08
sh.688297,2026-03-05,2026-04-21
sh.600703,2026-03-10,2026-04-24
sz.002513,2026-03-04,2026-04-20
sh.600163,2026-03-26,2026-05-15
sh.600876,2026-03-23,2026-05-12
sz.002237,2026-03-06,2026-04-22
sz.301141,2026-03-06,2026-04-22
sz.002173,2026-03-10,2026-04-24
sh.600966,2026-03-05,2026-04-21
sz.300943,2026-03-04,2026-04-20
sh.600980,2026-03-05,2026-04-21
sh.600722,2026-03-16,2026-04-30
sz.301326,2026-03-05,2026-04-21
sz.300030,2026-03-05,2026-04-21
sh.600262,2026-03-05,2026-04-21
sh.603861,2026-03-04,2026-04-20
sh.600714,2026-03-13,2026-04-29
sz.300721,2026-03-09,2026-04-23
sh.688639,2026-03-12,2026-04-28
sz.002173,2026-03-16,2026-04-30
sz.002225,2026-03-04,2026-04-20
sz.001696,2026-03-06,2026-04-22
sz.300790,2026-03-06,2026-04-22
sz.300546,2026-03-10,2026-04-24
sh.603031,2026-03-09,2026-04-23
sh.688223,2026-03-19,2026-05-08
sz.000933,2026-03-10,2026-04-24
sz.002809,2026-03-04,2026-04-20
sz.002863,2026-03-05,2026-04-21
sz.301595,2026-03-24,2026-05-13
sz.300814,2026-03-12,2026-04-28
sz.300250,2026-03-05,2026-04-21
sh.600761,2026-03-05,2026-04-21
sz.300042,2026-03-17,2026-05-06
sz.300690,2026-03-17,2026-05-06
sz.000880,2026-03-05,2026-04-21
sz.301193,2026-03-12,2026-04-28
sz.003035,2026-03-11,2026-04-27
sh.600397,2026-03-06,2026-04-22
sh.603993,2026-03-09,2026-04-23
sz.000048,2026-03-20,2026-05-11
sh.600683,2026-03-19,2026-05-08
sh.600408,2026-03-20,2026-05-11
sz.301016,2026-03-05,2026-04-21
sz.300195,2026-03-06,2026-04-22
sz.002787,2026-03-05,2026-04-21
sz.300643,2026-03-05,2026-04-21
sz.002942,2026-03-05,2026-04-21
sz.300183,2026-03-10,2026-04-24
sz.000565,2026-03-06,2026-04-22
sz.300317,2026-03-24,2026-05-13
sz.001216,2026-03-12,2026-04-28
sh.688133,2026-03-05,2026-04-21
sh.600338,2026-03-05,2026-04-21
sh.688359,2026-03-12,2026-04-28
sh.688408,2026-03-19,2026-05-08
sz.300842,2026-03-12,2026-04-28
sz.300823,2026-03-05,2026-04-21
sz.300185,2026-03-13,2026-04-29
sz.002943,2026-03-06,2026-04-22
sh.600476,2026-03-09,2026-04-23
sh.600456,2026-03-06,2026-04-22
sh.600744,2026-03-23,2026-05-12
sz.002270,2026-03-10,2026-04-24
sz.300127,2026-03-05,2026-04-21
sz.300179,2026-03-03,2026-04-17
sz.002208,2026-03-17,2026-05-06
sh.600328,2026-03-16,2026-04-30
sz.002961,2026-03-19,2026-05-08
sz.300253,2026-03-06,2026-04-22
sz.301068,2026-03-17,2026-05-06
sz.002206,2026-03-10,2026-04-24
sz.301067,2026-03-05,2026-04-21
sz.002162,2026-03-05,2026-04-21
sz.002546,2026-03-04,2026-04-20
sz.002237,2026-03-10,2026-04-24
sz.301360,2026-03-09,2026-04-23
sz.301468,2026-03-05,2026-04-21
sh.603786,2026-03-06,2026-04-22
sz.301259,2026-03-06,2026-04-22
sz.300352,2026-03-05,2026-04-21
sz.300141,2026-03-04,2026-04-20
sh.603182,2026-03-30,2026-05-26
sz.002346,2026-03-05,2026-04-21
sh.601068,2026-03-05,2026-04-21
sz.301668,2026-03-17,2026-05-06
sz.001339,2026-03-11,2026-04-27
sh.603993,2026-03-10,2026-04-24
sh.600990,2026-03-05,2026-04-21
sz.300811,2026-03-06,2026-04-22
sh.601868,2026-03-17,2026-05-06
sz.000592,2026-03-03,2026-04-17
sz.300095,2026-03-05,2026-04-21
sh.688480,2026-03-09,2026-04-23
sh.600482,2026-03-06,2026-04-22
sh.600319,2026-03-06,2026-04-22
sz.002601,2026-03-03,2026-04-17
sz.002248,2026-03-05,2026-04-21
sh.688702,2026-03-04,2026-04-20
sz.301658,2026-03-19,2026-05-08
sz.300303,2026-03-03,2026-04-17
sz.002175,2026-03-27,2026-05-19
sh.600595,2026-03-09,2026-04-23
sh.688429,2026-03-18,2026-05-07
sz.300378,2026-03-06,2026-04-22
sh.688122,2026-03-04,2026-04-20
sh.600497,2026-03-05,2026-04-21
sz.002379,2026-03-09,2026-04-23
sz.300058,2026-03-05,2026-04-21
sh.600470,2026-03-06,2026-04-22
sz.002542,2026-03-31,2026-05-21
sz.000070,2026-03-06,2026-04-22
sz.300593,2026-03-04,2026-04-20
sh.600444,2026-03-05,2026-04-21
sz.002465,2026-03-06,2026-04-22
sz.002617,2026-03-05,2026-04-21
sz.000682,2026-03-05,2026-04-21
sz.002578,2026-03-04,2026-04-20
sh.688123,2026-03-18,2026-05-07
sz.300468,2026-03-18,2026-05-07
sz.301281,2026-03-12,2026-04-28
sh.603787,2026-03-27,2026-05-18
sz.002389,2026-03-05,2026-04-21
sz.300505,2026-03-16,2026-04-30
sh.603358,2026-03-18,2026-05-07
sh.600506,2026-03-05,2026-04-21
sh.605218,2026-03-13,2026-04-29
sz.301391,2026-03-06,2026-04-22
sz.002796,2026-03-09,2026-04-23
sz.000415,2026-03-03,2026-04-17
sz.301658,2026-03-18,2026-05-07
sh.600468,2026-03-23,2026-05-12
sz.301266,2026-03-17,2026-05-06
sz.002943,2026-03-03,2026-04-17
sh.688383,2026-03-06,2026-04-22
sz.300551,2026-03-06,2026-04-22
sh.601020,2026-03-02,2026-04-23
sz.002506,2026-03-18,2026-05-07
sz.300317,2026-03-17,2026-05-06
sz.300690,2026-03-12,2026-04-28
sz.300753,2026-03-10,2026-04-24
sz.002575,2026-03-27,2026-05-18
sh.600452,2026-03-05,2026-04-21
sz.002885,2026-03-04,2026-04-20
sz.300932,2026-03-09,2026-04-23
sz.000830,2026-03-06,2026-04-22
sz.300593,2026-03-06,2026-04-22
sz.000702,2026-03-05,2026-04-21
sz.002842,2026-03-03,2026-04-17
sz.000968,2026-03-02,2026-04-16
sh.600121,2026-03-25,2026-05-14
sz.301556,2026-03-06,2026-04-22
sz.300491,2026-03-11,2026-04-27
sh.600673,2026-03-09,2026-04-23
sz.301291,2026-03-12,2026-04-28
sz.001270,2026-03-06,2026-04-22
sh.603322,2026-03-06,2026-04-22
sh.688066,2026-03-16,2026-05-06
sh.601179,2026-03-04,2026-04-20
sz.000993,2026-03-25,2026-05-14
sh.688535,2026-03-18,2026-05-07
sh.603057,2026-03-11,2026-04-27
sh.600202,2026-03-05,2026-04-21
sh.688269,2026-03-05,2026-04-21
sh.688190,2026-03-09,2026-04-23
sz.003042,2026-03-05,2026-04-21
sh.688027,2026-03-18,2026-05-07
sz.300409,2026-03-09,2026-04-23
sh.603040,2026-03-05,2026-04-21
sz.300005,2026-03-05,2026-04-21
sh.600510,2026-03-05,2026-04-21
sh.600547,2026-03-11,2026-04-27
sz.000823,2026-03-13,2026-04-29
sh.603608,2026-03-09,2026-04-23
sz.300763,2026-03-24,2026-05-13
sh.601606,2026-03-05,2026-04-21
sh.600667,2026-03-16,2026-04-30
sz.300212,2026-03-19,2026-05-11
sh.688522,2026-03-16,2026-04-30
sh.688568,2026-03-06,2026-04-22
sh.603693,2026-03-24,2026-05-13
sh.600160,2026-03-05,2026-04-21
sh.688408,2026-03-12,2026-04-28
sh.600075,2026-03-27,2026-05-18
sh.603120,2026-03-06,2026-04-22
sz.300683,2026-03-31,2026-05-20
sh.688248,2026-03-23,2026-05-12
sh.688661,2026-03-13,2026-04-29
sh.688229,2026-03-05,2026-04-21
sz.002885,2026-03-05,2026-04-21
sz.300977,2026-03-05,2026-04-21
sz.300008,2026-03-04,2026-04-20
sh.603150,2026-03-10,2026-04-24
sz.002161,2026-03-05,2026-04-21
sz.002451,2026-03-05,2026-04-21
sz.002606,2026-03-05,2026-04-21
sz.002177,2026-03-09,2026-04-23
sz.300610,2026-03-05,2026-04-21
sz.300749,2026-03-25,2026-05-14
sz.001388,2026-03-16,2026-04-30
sh.688377,2026-03-05,2026-04-21
sz.000099,2026-03-06,2026-04-22
sz.300215,2026-03-09,2026-04-23
sz.002389,2026-03-02,2026-04-16
sz.002726,2026-03-12,2026-04-28
sh.603138,2026-03-05,2026-04-21
sh.603097,2026-03-04,2026-04-20
sh.688435,2026-03-06,2026-04-22
sz.002162,2026-03-03,2026-04-17
sz.301225,2026-03-05,2026-04-21
sz.002978,2026-03-05,2026-04-21
sh.601388,2026-03-04,2026-04-20
sz.301266,2026-03-12,2026-04-28
sz.300493,2026-03-05,2026-04-21
sz.000737,2026-03-05,2026-04-21
sh.688027,2026-03-17,2026-05-06
sz.002394,2026-03-06,2026-04-22
sz.002842,2026-03-09,2026-04-23
sz.300802,2026-03-06,2026-04-22
sh.688141,2026-03-06,2026-04-22
sz.301002,2026-03-04,2026-04-20
sh.600362,2026-03-06,2026-04-22
sz.300720,2026-03-25,2026-05-14
sh.688123,2026-03-06,2026-04-22
sh.600879,2026-03-09,2026-04-23
sz.002912,2026-03-09,2026-04-23
sz.002922,2026-03-05,2026-04-21
sz.300020,2026-03-23,2026-05-12
sh.688386,2026-03-06,2026-04-22
sh.600996,2026-03-26,2026-05-15
sz.301193,2026-03-06,2026-04-22
sz.001696,2026-03-09,2026-04-23
sh.603817,2026-03-18,2026-05-07
sz.001258,2026-03-20,2026-05-11
sh.603813,2026-03-10,2026-04-24
sz.002383,2026-03-09,2026-04-23
sz.000798,2026-03-02,2026-04-16
sz.301535,2026-03-06,2026-04-22
sz.300812,2026-03-05,2026-04-21
sh.603095,2026-03-04,2026-04-20
sz.301311,2026-03-05,2026-04-21
sz.000899,2026-03-24,2026-05-13
sz.000554,2026-03-02,2026-04-16
sz.003009,2026-03-06,2026-04-22
sh.600331,2026-03-09,2026-04-23
sh.600860,2026-03-11,2026-04-27
sz.301078,2026-03-05,2026-04-21
sh.600758,2026-03-25,2026-05-14
sz.002925,2026-03-09,2026-04-23
sh.688711,2026-03-05,2026-04-21
sz.300323,2026-03-10,2026-04-24
sh.688257,2026-03-04,2026-04-20
sh.600644,2026-03-23,2026-05-12
sz.301486,2026-03-05,2026-04-21
sh.688522,2026-03-18,2026-05-07
sh.603979,2026-03-05,2026-04-21
sh.603608,2026-03-10,2026-04-24
sh.688083,2026-03-13,2026-04-29
sz.300428,2026-03-10,2026-04-24
sz.002023,2026-03-05,2026-04-21
sz.002828,2026-03-04,2026-04-20
sh.688038,2026-03-09,2026-04-23
sz.002800,2026-03-12,2026-04-28
sz.300454,2026-03-05,2026-04-21
sh.603949,2026-03-13,2026-04-29
sh.603232,2026-03-04,2026-04-20
sh.600967,2026-03-05,2026-04-21
sh.688143,2026-03-06,2026-04-22
sz.300195,2026-03-05,2026-04-21
sz.301395,2026-03-30,2026-05-19
sh.688201,2026-03-06,2026-04-22
sz.000852,2026-03-03,2026-04-17
sh.600961,2026-03-03,2026-04-17
sz.002796,2026-03-10,2026-04-24
sz.002440,2026-03-03,2026-04-17
sh.603681,2026-03-10,2026-04-24
sz.300891,2026-03-12,2026-04-28
sz.002378,2026-03-04,2026-04-20
sz.002310,2026-03-20,2026-05-11
sh.603358,2026-03-05,2026-04-21
sh.603008,2026-03-11,2026-04-28
sh.688023,2026-03-06,2026-04-22
sh.688136,2026-03-06,2026-04-22
sh.600230,2026-03-09,2026-04-23
sz.300683,2026-03-27,2026-05-18
sz.002817,2026-03-05,2026-04-21
sh.600219,2026-03-10,2026-04-24
sh.688210,2026-03-04,2026-04-20
sh.600301,2026-03-03,2026-04-17
sz.002961,2026-03-10,2026-04-24
sz.000010,2026-03-17,2026-05-07
sz.000969,2026-03-03,2026-04-17
sh.603878,2026-03-05,2026-04-21
sz.300430,2026-03-05,2026-04-21
sh.600399,2026-03-09,2026-04-23
sh.600610,2026-03-09,2026-04-23
sh.601958,2026-03-10,2026-04-24
sz.300081,2026-03-24,2026-05-14
sh.603155,2026-03-09,2026-04-23
sh.603312,2026-03-18,2026-05-07
sh.601226,2026-03-06,2026-04-22
sh.688121,2026-03-10,2026-04-24
sz.300667,2026-03-05,2026-04-21
sz.300774,2026-03-03,2026-04-17
sz.300447,2026-03-09,2026-04-23
sz.000612,2026-03-05,2026-04-21
sh.603878,2026-03-04,2026-04-20
sz.000426,2026-03-05,2026-04-21
sh.603191,2026-03-05,2026-04-21
sh.600131,2026-03-17,2026-05-06
sz.300721,2026-03-04,2026-04-20
sz.002379,2026-03-05,2026-04-21
sz.003011,2026-03-06,2026-04-22
sz.002202,2026-03-19,2026-05-08
sh.603556,2026-03-06,2026-04-22
sz.300808,2026-03-05,2026-04-21
sz.002800,2026-03-31,2026-05-20
sz.002931,2026-03-06,2026-04-28
sz.300417,2026-03-06,2026-04-22
sz.300688,2026-03-13,2026-04-29
sh.600238,2026-03-24,2026-05-13
sh.603712,2026-03-06,2026-04-22
sh.688031,2026-03-16,2026-04-30
sz.300634,2026-03-06,2026-04-22
sh.688568,2026-03-04,2026-04-20
sz.300491,2026-03-06,2026-04-22
sz.300772,2026-03-27,2026-05-18
sh.600761,2026-03-04,2026-04-20
sh.600876,2026-03-19,2026-05-08
sh.600353,2026-03-05,2026-04-21
sz.002856,2026-03-13,2026-04-30
sz.301680,2026-03-13,2026-04-29
sz.300384,2026-03-06,2026-04-22
sz.000970,2026-03-10,2026-04-24
sz.300706,2026-03-10,2026-04-24
sz.300068,2026-03-16,2026-05-06
sh.600759,2026-03-05,2026-04-21
sz.002162,2026-03-02,2026-04-16
sh.688333,2026-03-06,2026-04-22
sz.002188,2026-03-05,2026-04-21
sh.600844,2026-03-31,2026-05-20
sh.603960,2026-03-05,2026-04-21
sz.002578,2026-03-27,2026-05-18
sz.001288,2026-03-05,2026-04-21
sz.300258,2026-03-11,2026-04-27
sz.300279,2026-03-13,2026-04-29
sz.000571,2026-03-11,2026-04-27
sh.603787,2026-03-24,2026-05-13
sz.002212,2026-03-06,2026-04-22
sh.603505,2026-03-10,2026-04-24
sh.600458,2026-03-16,2026-04-30
sh.603119,2026-03-06,2026-04-22
sh.688339,2026-03-13,2026-04-29
sz.301391,2026-03-05,2026-04-21
sh.601233,2026-03-05,2026-04-21
sz.002378,2026-03-09,2026-04-23
sh.688176,2026-03-09,2026-04-23
sz.001376,2026-03-03,2026-04-17
sz.301486,2026-03-09,2026-04-23
sh.600979,2026-03-23,2026-05-12
sh.688063,2026-03-18,2026-05-07
sz.002207,2026-04-01,2026-05-22
sh.605162,2026-04-16,2026-06-04
sz.301408,2026-04-29,2026-06-17
sh.688819,2026-04-22,2026-06-10
sh.688106,2026-04-24,2026-06-12
sz.301696,2026-04-14,2026-06-02
sh.603284,2026-04-14,2026-06-02
sz.002726,2026-04-17,2026-06-08
sz.002294,2026-04-13,2026-06-01
sz.002469,2026-04-15,2026-06-03
sz.002771,2026-04-16,2026-06-04
sz.000818,2026-04-30,2026-06-18
sh.600187,2026-04-29,2026-06-18
sz.301509,2026-04-21,2026-06-09
sh.603313,2026-04-22,2026-06-10
sh.600302,2026-04-14,2026-06-03
sz.002109,2026-04-27,2026-06-16
sz.300594,2026-04-15,2026-06-04
sh.600423,2026-04-03,2026-05-26
sh.688022,2026-04-17,2026-06-08
sh.603799,2026-04-30,2026-06-18
sz.301004,2026-04-14,2026-06-02
sh.603101,2026-04-22,2026-06-10
sh.688158,2026-04-30,2026-06-18
sz.002723,2026-04-27,2026-06-15
sz.001234,2026-04-22,2026-06-10
sz.002209,2026-04-15,2026-06-03
sh.688496,2026-04-28,2026-06-18
sz.002431,2026-04-10,2026-06-01
sh.600664,2026-04-13,2026-06-01
sz.300497,2026-04-27,2026-06-15
sz.300798,2026-04-30,2026-06-18
sh.603216,2026-04-07,2026-05-26
sz.002379,2026-04-22,2026-06-10
sh.600346,2026-04-30,2026-06-18
sh.603619,2026-04-24,2026-06-12
sz.000039,2026-04-29,2026-06-17
sh.603529,2026-04-16,2026-06-04
sh.600258,2026-04-27,2026-06-15
sz.002082,2026-04-20,2026-06-09
sh.603379,2026-04-28,2026-06-16
sz.002478,2026-04-13,2026-06-01
sz.002581,2026-04-24,2026-06-15
sh.688227,2026-04-27,2026-06-15
sz.300396,2026-04-17,2026-06-08
sz.300363,2026-04-24,2026-06-12
sh.600084,2026-04-15,2026-06-04
sh.600491,2026-04-22,2026-06-11
sz.001325,2026-04-17,2026-06-05
sh.600180,2026-04-14,2026-06-03
sh.600239,2026-04-24,2026-06-15
sz.000688,2026-04-28,2026-06-16
sz.002514,2026-04-16,2026-06-05
sz.300663,2026-04-20,2026-06-08
sz.000909,2026-04-09,2026-05-28
sh.688353,2026-04-20,2026-06-08
sz.300594,2026-04-10,2026-06-01
sh.688455,2026-04-08,2026-05-27
sh.600829,2026-04-02,2026-05-22
sh.600491,2026-04-10,2026-06-01
sz.300389,2026-04-23,2026-06-11
sh.600745,2026-04-23,2026-06-12
sh.600410,2026-04-13,2026-06-01
sz.002634,2026-04-01,2026-05-22
sz.002793,2026-04-30,2026-06-18
sz.001207,2026-04-08,2026-05-27
sh.600382,2026-04-14,2026-06-02
sz.002082,2026-04-01,2026-05-22
sh.688106,2026-04-27,2026-06-15
sz.002395,2026-04-30,2026-06-18
sh.688270,2026-04-13,2026-06-02
sz.002624,2026-04-15,2026-06-03
sz.002294,2026-04-27,2026-06-15
sz.300352,2026-04-16,2026-06-05
sh.600039,2026-04-17,2026-06-05
sh.688109,2026-04-13,2026-06-01
sz.300396,2026-04-15,2026-06-04
sh.688080,2026-04-17,2026-06-05
sz.002342,2026-04-28,2026-06-16
sz.001234,2026-04-29,2026-06-17
sz.000677,2026-04-16,2026-06-05
sz.300711,2026-04-15,2026-06-03
sh.600491,2026-04-20,2026-06-09
sh.600410,2026-04-16,2026-06-04
sz.300390,2026-04-29,2026-06-17
sz.301316,2026-04-30,2026-06-18
sh.600759,2026-04-22,2026-06-11
sz.000912,2026-04-23,2026-06-11
sz.300508,2026-04-08,2026-05-27
sz.300086,2026-04-02,2026-05-22
sh.600743,2026-04-13,2026-06-01
sz.000762,2026-04-29,2026-06-17
sz.300430,2026-04-27,2026-06-16
sz.300724,2026-04-14,2026-06-02
sh.603359,2026-04-13,2026-06-02
sz.301050,2026-04-15,2026-06-03
sz.300775,2026-04-21,2026-06-09
sz.002893,2026-04-01,2026-05-21
sh.603959,2026-04-17,2026-06-08
sh.600734,2026-04-16,2026-06-05
sz.002240,2026-04-30,2026-06-18
sh.603378,2026-04-16,2026-06-05
sz.300541,2026-04-15,2026-06-03
sz.002731,2026-04-20,2026-08-07
sh.603318,2026-04-30,2026-06-18
sz.000546,2026-04-30,2026-06-18
sh.601010,2026-04-16,2026-06-09
sz.002193,2026-04-23,2026-06-12
sh.600713,2026-04-14,2026-06-02
sz.002940,2026-04-21,2026-06-09
sh.600988,2026-04-30,2026-06-18
sz.002581,2026-04-20,2026-06-09
sh.600302,2026-04-20,2026-06-09
sz.002379,2026-04-27,2026-06-15
sh.688098,2026-04-02,2026-05-22
sh.603402,2026-04-21,2026-06-09
sz.300389,2026-04-22,2026-06-10
sz.002705,2026-04-16,2026-06-04
sz.002378,2026-04-28,2026-06-16
sz.301509,2026-04-14,2026-06-02
sh.603284,2026-04-13,2026-06-01
sh.600983,2026-04-21,2026-06-09
sz.000892,2026-04-17,2026-06-05
sz.301580,2026-04-30,2026-06-18
sz.300508,2026-04-07,2026-05-26
sh.603639,2026-04-24,2026-06-12
sh.600491,2026-04-09,2026-05-29
sz.300132,2026-04-24,2026-06-12
sh.605178,2026-04-07,2026-05-26
sz.300508,2026-04-14,2026-06-02
sz.002431,2026-04-23,2026-06-12
sz.000009,2026-04-27,2026-06-15
sz.300245,2026-04-17,2026-06-08
sz.002514,2026-04-14,2026-06-03
sh.688066,2026-04-17,2026-06-08
sz.300774,2026-04-29,2026-06-17
sz.002198,2026-04-22,2026-06-11
sz.300641,2026-04-23,2026-06-11
sh.600759,2026-04-27,2026-06-16
sh.688628,2026-04-24,2026-06-12
sz.000586,2026-04-13,2026-06-01
sh.603319,2026-04-28,2026-06-16
sh.600491,2026-04-15,2026-06-04
sz.002175,2026-04-07,2026-05-27
sh.600180,2026-04-16,2026-06-05
sz.002620,2026-04-30,2026-06-18
sh.600866,2026-04-14,2026-06-02
sh.601010,2026-04-15,2026-06-08
sz.300663,2026-04-21,2026-06-09
sz.000818,2026-04-01,2026-05-21
sz.000078,2026-04-15,2026-06-04
sz.300352,2026-04-27,2026-06-16
sh.688121,2026-04-22,2026-08-11
sz.002558,2026-04-30,2026-06-18
sh.603008,2026-04-14,2026-06-03
sz.000677,2026-04-29,2026-06-18
sh.603556,2026-04-13,2026-06-01
sh.688496,2026-04-24,2026-06-16
sh.601106,2026-04-30,2026-06-18
sh.688326,2026-04-20,2026-06-08
sh.600026,2026-04-07,2026-05-26
sh.605089,2026-04-23,2026-06-11
sz.300779,2026-04-21,2026-06-09
sh.600239,2026-04-15,2026-06-04
sh.600773,2026-04-23,2026-06-11
sh.600686,2026-04-23,2026-06-11
sh.688455,2026-04-09,2026-05-28
sh.688819,2026-04-27,2026-06-15
sh.600180,2026-04-24,2026-06-15
sz.300683,2026-04-02,2026-05-22
sz.300102,2026-04-29,2026-06-17
sh.688356,2026-04-30,2026-06-18
sh.603008,2026-04-20,2026-06-09
sz.002323,2026-04-13,2026-06-02
sh.600510,2026-04-23,2026-06-11
sz.002207,2026-04-10,2026-06-01
sh.600426,2026-04-29,2026-06-17
sh.603360,2026-04-15,2026-06-03
sh.600759,2026-04-17,2026-06-08
sh.688272,2026-04-10,2026-05-29
sh.688375,2026-04-30,2026-06-18
sz.300296,2026-04-14,2026-06-02
sz.002081,2026-04-30,2026-06-18
sh.600808,2026-04-29,2026-06-17
sh.600537,2026-04-10,2026-06-01
sh.603059,2026-04-30,2026-06-18
sh.603113,2026-04-17,2026-06-05
sz.000677,2026-04-21,2026-06-10
sh.688201,2026-04-23,2026-06-12
sz.002099,2026-04-16,2026-06-04
sz.002891,2026-04-22,2026-06-10
sz.300010,2026-04-28,2026-06-17
sz.300858,2026-04-16,2026-06-04
sz.002779,2026-04-21,2026-06-09
sz.002092,2026-04-27,2026-06-15
sh.600053,2026-04-21,2026-06-10
sz.002717,2026-04-30,2026-06-18
sz.300973,2026-04-23,2026-06-11
sh.600668,2026-04-29,2026-06-17
sh.688819,2026-04-24,2026-06-12
sz.000968,2026-04-02,2026-05-22
sz.300724,2026-04-08,2026-05-27
sz.300347,2026-04-28,2026-06-16
sh.600965,2026-04-24,2026-06-15
sh.600603,2026-04-15,2026-06-03
sh.603529,2026-04-20,2026-06-08
sz.002782,2026-04-10,2026-05-29
sh.603202,2026-04-16,2026-06-04
sh.600678,2026-04-16,2026-06-05
sh.688089,2026-04-09,2026-05-28
sh.601718,2026-04-23,2026-06-11
sz.300485,2026-04-30,2026-06-18
sz.301120,2026-04-10,2026-05-29
sh.603922,2026-04-24,2026-06-15
sz.002323,2026-04-28,2026-06-17
sh.600039,2026-04-15,2026-06-03
sz.002705,2026-04-24,2026-06-12
sh.603101,2026-04-23,2026-06-11
sh.603359,2026-04-23,2026-06-12
sz.002469,2026-04-16,2026-06-04
sz.300296,2026-04-13,2026-06-01
sh.603729,2026-04-24,2026-06-15
sh.605599,2026-04-21,2026-06-09
sz.301153,2026-04-15,2026-06-03
sh.601718,2026-04-24,2026-06-12
sh.600678,2026-04-17,2026-06-08
sz.002779,2026-04-14,2026-06-02
sz.300634,2026-04-14,2026-06-02
sz.002155,2026-04-29,2026-06-17
sz.301330,2026-04-23,2026-06-11
sz.301345,2026-04-30,2026-06-18
sh.603359,2026-04-16,2026-06-05
sh.688331,2026-04-14,2026-06-02
sz.000056,2026-04-17,2026-06-08
sh.688201,2026-04-10,2026-06-01
sz.002676,2026-04-27,2026-06-15
sz.300775,2026-04-15,2026-06-03
sh.603585,2026-04-13,2026-06-01
sh.601212,2026-04-29,2026-06-17
sh.600057,2026-04-08,2026-05-27
sz.002542,2026-04-07,2026-05-27
sz.002207,2026-04-08,2026-05-28
sh.605116,2026-04-13,2026-06-01
sh.600668,2026-04-24,2026-06-12
sh.603101,2026-04-28,2026-06-16
sz.002431,2026-04-15,2026-06-04
sh.605196,2026-04-15,2026-06-03
sz.002501,2026-04-10,2026-06-01
sz.301120,2026-04-13,2026-06-01
sh.603922,2026-04-16,2026-06-05
sh.688101,2026-04-30,2026-06-18
sz.000838,2026-04-07,2026-05-27
sz.002663,2026-04-30,2026-06-18
sz.301449,2026-04-10,2026-05-29
sz.002542,2026-04-01,2026-05-22
sz.002694,2026-04-23,2026-06-12
sh.688066,2026-04-23,2026-06-12
sh.688201,2026-04-16,2026-06-05
sh.603169,2026-04-14,2026-06-02
sz.002878,2026-04-29,2026-06-17
sh.603529,2026-04-09,2026-05-28
sz.000586,2026-04-10,2026-05-29
sz.000890,2026-04-30,2026-06-18
sh.603599,2026-04-27,2026-06-15
sh.600734,2026-04-10,2026-06-01
sh.600302,2026-04-17,2026-06-08
sz.301008,2026-04-01,2026-05-21
sz.002501,2026-04-13,2026-06-02
sh.600668,2026-04-20,2026-06-08
sz.002209,2026-04-27,2026-06-15
sh.600370,2026-04-23,2026-06-12
sz.002796,2026-04-27,2026-06-15
sh.605118,2026-04-30,2026-06-18
sz.000792,2026-04-28,2026-06-16
sz.301056,2026-04-15,2026-06-03
sz.002779,2026-04-22,2026-06-10
sz.002705,2026-04-14,2026-06-02
sz.301139,2026-04-27,2026-06-16
sh.600422,2026-04-17,2026-06-05
sh.603529,2026-04-13,2026-06-01
sz.002716,2026-04-30,2026-06-18
sz.300347,2026-04-24,2026-06-12
sh.600510,2026-04-27,2026-06-15
sh.603325,2026-04-20,2026-06-08
sh.603123,2026-04-08,2026-05-27
sh.600370,2026-04-17,2026-06-08
sz.000078,2026-04-21,2026-06-10
sh.600289,2026-04-08,2026-05-27
sz.300352,2026-04-20,2026-06-09
sz.300390,2026-04-30,2026-06-18
sh.600759,2026-04-15,2026-06-04
sz.300123,2026-04-02,2026-05-25
sh.603319,2026-04-23,2026-06-11
sh.601010,2026-04-21,2026-06-12
sz.002731,2026-04-03,2026-07-24
sh.600965,2026-04-13,2026-06-02
sh.603272,2026-04-03,2026-05-26
sh.603113,2026-04-15,2026-06-03
sz.000632,2026-04-17,2026-06-08
sz.002717,2026-04-13,2026-06-02
sh.601718,2026-04-27,2026-06-15
sz.301667,2026-04-23,2026-06-11
sh.600080,2026-04-20,2026-06-09
sz.300245,2026-04-10,2026-06-01
sz.002131,2026-04-13,2026-06-01
sh.601212,2026-04-30,2026-06-18
sh.603313,2026-04-27,2026-06-15
sz.000973,2026-04-30,2026-06-18
sz.301139,2026-04-22,2026-06-11
sh.688819,2026-04-21,2026-06-09
sh.600370,2026-04-24,2026-06-15
sz.002667,2026-04-28,2026-06-17
sh.603113,2026-04-16,2026-06-04
sh.600810,2026-04-09,2026-05-28
sh.603008,2026-04-21,2026-06-10
sz.002726,2026-04-30,2026-06-18
sz.002548,2026-04-28,2026-06-16
sz.300076,2026-04-07,2026-05-27
sz.301306,2026-04-29,2026-06-17
sh.688373,2026-04-30,2026-06-18
sh.688765,2026-04-10,2026-05-29
sh.603016,2026-04-27,2026-06-15
sz.002153,2026-04-30,2026-06-18
sz.002691,2026-04-08,2026-05-28
sz.300812,2026-04-14,2026-06-02
sh.688201,2026-04-07,2026-05-27
sh.600818,2026-04-27,2026-06-16
sz.002342,2026-04-30,2026-06-18
sz.002092,2026-04-29,2026-06-17
sz.002691,2026-04-10,2026-06-01
sz.001325,2026-04-23,2026-06-11
sz.300352,2026-04-14,2026-06-03
sz.002514,2026-04-21,2026-06-10
sz.002263,2026-04-14,2026-06-02
sz.300882,2026-04-14,2026-06-02
sz.002547,2026-04-16,2026-06-05
sh.688022,2026-04-27,2026-06-16
sh.601567,2026-04-20,2026-06-08
sz.002478,2026-04-30,2026-06-18
sh.600537,2026-04-14,2026-06-03
sh.688326,2026-04-21,2026-06-09
sz.300245,2026-04-24,2026-06-15
sz.002209,2026-04-20,2026-06-08
sh.600337,2026-04-10,2026-06-01
sh.688066,2026-04-21,2026-06-10
sz.002581,2026-04-22,2026-06-11
sh.688121,2026-04-16,2026-08-05
sz.301306,2026-04-30,2026-06-18
sz.300052,2026-04-14,2026-06-03
sz.300082,2026-04-23,2026-06-11
sh.601003,2026-04-17,2026-06-17
sz.002181,2026-04-30,2026-06-18
sz.000010,2026-04-22,2026-06-11
sz.002210,2026-04-30,2026-06-18
sz.301291,2026-04-27,2026-06-15
sz.000792,2026-04-27,2026-06-15
sz.000639,2026-04-30,2026-06-18
sh.600370,2026-04-27,2026-06-16
sz.000909,2026-04-10,2026-05-29
sz.000010,2026-04-21,2026-06-10
sz.002575,2026-04-03,2026-05-25
sz.002198,2026-04-27,2026-06-16
sh.601010,2026-04-28,2026-06-22
sh.600423,2026-04-08,2026-05-28
sz.301662,2026-04-30,2026-06-18
sz.002150,2026-04-09,2026-05-28
sz.300631,2026-04-30,2026-06-18
sh.603778,2026-04-08,2026-05-27
sh.600082,2026-04-03,2026-05-26
sz.000903,2026-04-16,2026-06-04
sz.000892,2026-04-15,2026-06-03
sz.000078,2026-04-27,2026-06-16
sz.300882,2026-04-15,2026-06-03
sh.600759,2026-04-14,2026-06-03
sz.301201,2026-04-02,2026-05-22
sh.603284,2026-04-10,2026-05-29
sh.600735,2026-04-27,2026-06-15
sh.603659,2026-04-27,2026-06-15
sh.603585,2026-04-10,2026-05-29
sh.603456,2026-04-20,2026-06-08
sz.301622,2026-04-09,2026-05-28
sz.300212,2026-04-15,2026-06-04
sh.603313,2026-04-24,2026-06-12
sz.002431,2026-04-14,2026-06-03
sz.000978,2026-04-15,2026-06-03
sh.603202,2026-04-21,2026-06-09
sz.300389,2026-04-21,2026-06-09
sz.000039,2026-04-30,2026-06-18
sh.600422,2026-04-16,2026-06-04
sz.301153,2026-04-13,2026-06-01
sz.002466,2026-04-29,2026-06-17
sz.300394,2026-04-15,2026-06-03
sz.002667,2026-04-27,2026-06-16
sh.600668,2026-04-28,2026-06-16
sh.600965,2026-04-09,2026-05-29
sz.300779,2026-04-09,2026-05-28
sz.301419,2026-04-10,2026-05-29
sz.301500,2026-04-30,2026-06-18
sz.300010,2026-04-20,2026-06-09
sh.688553,2026-04-03,2026-05-25
sz.301598,2026-05-22,2026-07-08
sz.300292,2026-05-11,2026-06-25
sz.300804,2026-05-18,2026-07-02
sh.600400,2026-05-26,2026-07-10
sz.002208,2026-05-18,2026-07-02
sz.002379,2026-05-25,2026-07-09
sz.002218,2026-05-14,2026-06-30
sh.601929,2026-05-25,2026-07-09
sh.688621,2026-05-21,2026-07-07
sh.688221,2026-05-25,2026-07-09
sh.688292,2026-05-18,2026-07-02
sh.600722,2026-05-07,2026-06-23
sh.603322,2026-05-21,2026-07-07
sh.688667,2026-05-18,2026-07-02
sz.300548,2026-05-11,2026-06-25
sz.002726,2026-05-28,2026-07-14
sh.600418,2026-05-15,2026-07-01
sh.688223,2026-05-08,2026-06-24
sh.688152,2026-05-20,2026-07-06
sh.600011,2026-05-28,2026-07-14
sh.688299,2026-05-18,2026-07-02
sh.600130,2026-05-11,2026-06-25
sh.605069,2026-05-18,2026-07-02
sz.300608,2026-05-19,2026-07-03
sh.600835,2026-05-20,2026-07-06
sz.000546,2026-05-13,2026-06-29
sz.002102,2026-05-11,2026-06-25
sz.002581,2026-05-08,2026-06-24
sh.688670,2026-05-22,2026-07-08
sz.300842,2026-05-26,2026-07-10
sz.002826,2026-05-26,2026-07-10
sz.002300,2026-05-21,2026-07-07
sz.301230,2026-05-11,2026-06-25
sz.002491,2026-05-11,2026-06-25
sh.688399,2026-05-20,2026-07-06
sh.600536,2026-05-29,2026-07-15
sz.300002,2026-05-18,2026-07-02
sz.301002,2026-05-22,2026-07-08
sz.300106,2026-05-27,2026-07-13
sh.688318,2026-05-26,2026-07-10
sh.600748,2026-05-08,2026-06-24
sh.603075,2026-05-27,2026-07-13
sh.600645,2026-05-12,2026-06-26
sz.001279,2026-05-21,2026-07-07
sz.000559,2026-05-21,2026-07-07
sz.300787,2026-05-21,2026-07-07
sz.300564,2026-05-11,2026-06-25
sz.002217,2026-05-12,2026-06-29
sz.301550,2026-05-14,2026-06-30
sh.688721,2026-05-22,2026-07-08
sh.688203,2026-05-20,2026-07-06
sz.300733,2026-05-20,2026-07-06
sh.688046,2026-05-18,2026-07-02
sz.300689,2026-05-18,2026-07-02
sh.688195,2026-05-27,2026-07-13
sz.300467,2026-05-15,2026-07-01
sz.001393,2026-05-19,2026-07-03
sh.603693,2026-05-27,2026-07-13
sh.688418,2026-05-22,2026-07-08
sz.300310,2026-05-15,2026-07-01
sh.605011,2026-05-25,2026-07-09
sz.301382,2026-05-21,2026-07-07
sz.300916,2026-05-20,2026-07-06
sh.603655,2026-05-21,2026-07-07
sz.300069,2026-05-21,2026-07-07
sz.002213,2026-05-18,2026-07-02
sz.002862,2026-05-28,2026-07-14
sh.600810,2026-05-13,2026-06-29
sz.002470,2026-05-13,2026-06-29
sz.300546,2026-05-07,2026-06-23
sz.002777,2026-05-15,2026-07-01
sh.603435,2026-05-27,2026-07-13
sh.688656,2026-05-19,2026-07-03
sh.688472,2026-05-26,2026-07-10
sz.002264,2026-05-07,2026-06-23
sh.688091,2026-05-13,2026-06-29
sh.603400,2026-05-21,2026-07-07
sz.301363,2026-05-07,2026-06-23
sh.688628,2026-05-18,2026-07-02
sz.300443,2026-05-25,2026-07-09
sh.603803,2026-05-21,2026-07-07
sz.000677,2026-05-12,2026-06-26
sz.002580,2026-05-08,2026-06-24
sz.000815,2026-05-15,2026-07-01
sz.002492,2026-05-11,2026-06-25
sh.603407,2026-05-14,2026-06-30
sz.002565,2026-05-06,2026-06-22
sh.688150,2026-05-15,2026-07-01
sh.600075,2026-05-11,2026-06-25
sz.003009,2026-05-15,2026-07-01
sh.688148,2026-05-15,2026-07-01
sz.301388,2026-05-11,2026-06-25
sz.002769,2026-05-06,2026-06-22
sz.301382,2026-05-20,2026-07-06
sz.002355,2026-05-26,2026-07-10
sh.600151,2026-05-20,2026-07-06
sh.688489,2026-05-26,2026-07-10
sh.688058,2026-05-15,2026-07-01
sz.002413,2026-05-08,2026-06-24
sz.000539,2026-05-29,2026-07-15
sh.603012,2026-05-29,2026-07-15
sh.605598,2026-05-20,2026-07-06
sh.688176,2026-05-15,2026-07-01
sh.688618,2026-05-21,2026-07-07
sh.688399,2026-05-22,2026-07-08
sh.600072,2026-05-20,2026-07-06
sz.002285,2026-05-11,2026-06-25
sz.002580,2026-05-28,2026-07-14
sz.300536,2026-05-15,2026-07-01
sh.600118,2026-05-07,2026-06-23
sh.601595,2026-05-26,2026-07-10
sz.002888,2026-05-13,2026-06-29
sz.300245,2026-05-12,2026-06-26
sh.688173,2026-05-25,2026-07-09
sz.002049,2026-05-21,2026-07-07
sh.688227,2026-05-06,2026-06-22
sz.002438,2026-05-25,2026-07-09
sz.300490,2026-05-21,2026-07-07
sz.301148,2026-05-26,2026-07-10
sh.688085,2026-05-21,2026-07-07
sz.002214,2026-05-15,2026-07-01
sz.300371,2026-05-18,2026-07-02
sh.603336,2026-05-21,2026-07-07
sz.002338,2026-05-18,2026-07-02
sz.301290,2026-05-08,2026-06-24
sz.301190,2026-05-26,2026-07-10
sz.301531,2026-05-15,2026-07-01
sh.603028,2026-05-15,2026-07-01
sz.301155,2026-05-20,2026-07-06
sh.605277,2026-05-27,2026-07-13
sz.301631,2026-05-27,2026-07-13
sz.300687,2026-05-14,2026-06-30
sz.301246,2026-05-26,2026-07-10
sz.000564,2026-05-22,2026-07-08
sh.603316,2026-05-20,2026-07-06
sz.300065,2026-05-15,2026-07-01
sz.300565,2026-05-21,2026-07-07
sh.600509,2026-05-27,2026-07-13
sh.688317,2026-05-25,2026-07-09
sz.300418,2026-05-26,2026-07-10
sh.688636,2026-05-18,2026-07-02
sz.300006,2026-05-13,2026-06-29
sh.600863,2026-05-26,2026-07-10
sh.601126,2026-05-25,2026-07-09
sz.300215,2026-05-15,2026-07-01
sz.002617,2026-05-25,2026-07-09
sz.002454,2026-05-18,2026-07-02
sz.301317,2026-05-15,2026-07-01
sz.300608,2026-05-20,2026-07-06
sh.605588,2026-05-22,2026-07-08
sz.002182,2026-05-22,2026-07-08
sz.000565,2026-05-13,2026-06-29
sh.605189,2026-05-19,2026-07-03
sz.000595,2026-05-26,2026-07-13
sh.603012,2026-05-28,2026-07-14
sh.688667,2026-05-22,2026-07-08
sh.600328,2026-05-13,2026-06-29
sz.002279,2026-05-11,2026-06-25
sz.300293,2026-05-21,2026-07-07
sz.300209,2026-05-21,2026-07-07
sh.688503,2026-05-14,2026-06-30
sz.300911,2026-05-15,2026-07-01
sz.002150,2026-05-26,2026-07-10
sh.601012,2026-05-21,2026-07-07
sh.600501,2026-05-13,2026-06-29
sh.603131,2026-05-15,2026-07-01
sh.600736,2026-05-07,2026-06-23
sz.301226,2026-05-21,2026-07-07
sh.603293,2026-05-21,2026-07-07
sz.301333,2026-05-07,2026-06-23
sh.688608,2026-05-25,2026-07-09
sz.300121,2026-05-13,2026-06-29
sz.002012,2026-05-25,2026-07-09
sz.002623,2026-05-13,2026-06-29
sh.688429,2026-05-21,2026-07-07
sh.600259,2026-05-08,2026-06-24
sh.603115,2026-05-21,2026-07-07
sh.603657,2026-05-20,2026-07-06
sh.688171,2026-05-21,2026-07-07
sz.301269,2026-05-25,2026-07-09
sh.688418,2026-05-26,2026-07-10
sz.000695,2026-05-21,2026-07-07
sz.002430,2026-05-12,2026-06-26
sz.003032,2026-05-22,2026-07-09
sh.688558,2026-05-20,2026-07-06
sh.600470,2026-05-11,2026-06-25
sz.300875,2026-05-18,2026-07-02
sz.300352,2026-05-28,2026-07-14
sh.603698,2026-05-21,2026-07-07
sh.688785,2026-05-19,2026-07-03
sh.605365,2026-05-13,2026-06-29
sz.301397,2026-05-19,2026-07-03
sh.603496,2026-05-11,2026-06-25
sh.600611,2026-05-22,2026-07-08
sz.002270,2026-05-26,2026-07-10
sz.300963,2026-05-13,2026-06-29
sz.000890,2026-05-06,2026-06-22
sz.002667,2026-05-11,2026-06-25
sh.688679,2026-05-19,2026-07-03
sz.300191,2026-05-15,2026-07-01
sz.301316,2026-05-14,2026-06-30
sh.688225,2026-05-21,2026-07-07
sh.600391,2026-05-18,2026-07-02
sh.688195,2026-05-25,2026-07-09
sz.300507,2026-05-21,2026-07-07
sh.603878,2026-05-21,2026-07-07
sz.300887,2026-05-11,2026-06-25
sh.603790,2026-05-18,2026-07-02
sz.300049,2026-05-14,2026-06-30
sh.603093,2026-05-22,2026-07-08
sh.688068,2026-05-08,2026-06-24
sh.688004,2026-05-26,2026-07-10
sz.000592,2026-05-14,2026-06-30
sh.605286,2026-05-26,2026-07-10
sz.000993,2026-05-28,2026-07-14
sz.002979,2026-05-18,2026-07-02
sz.002969,2026-05-27,2026-07-17
sz.300683,2026-05-12,2026-06-26
sz.301387,2026-05-21,2026-07-07
sz.002197,2026-05-12,2026-06-26
sh.688216,2026-05-21,2026-07-07
sh.600284,2026-05-19,2026-07-03
sh.600831,2026-05-26,2026-07-10
sh.688231,2026-05-26,2026-07-10
sz.301016,2026-05-18,2026-07-02
sh.603799,2026-05-20,2026-07-06
sz.300617,2026-05-21,2026-07-07
sh.688148,2026-05-19,2026-07-03
sz.002009,2026-05-20,2026-07-06
sz.000995,2026-05-27,2026-07-13
sz.003023,2026-05-08,2026-06-24
sz.301560,2026-05-25,2026-07-09
sh.603200,2026-05-13,2026-06-29
sh.600151,2026-05-22,2026-07-08
sh.603421,2026-05-11,2026-06-25
sz.300683,2026-05-18,2026-07-02
sz.301272,2026-05-21,2026-07-07
sz.001313,2026-05-21,2026-07-07
sz.301187,2026-05-19,2026-07-03
sz.300923,2026-05-18,2026-07-02
sz.002123,2026-05-25,2026-07-09
sz.002857,2026-05-25,2026-07-09
sh.688633,2026-05-19,2026-07-03
sz.001400,2026-05-07,2026-06-23
sz.002795,2026-05-20,2026-07-06
sh.600879,2026-05-06,2026-06-22
sh.605399,2026-05-19,2026-07-03
sz.300912,2026-05-13,2026-06-29
sh.601177,2026-05-27,2026-07-13
sh.688400,2026-05-15,2026-07-01
sz.002639,2026-05-08,2026-06-24
sh.600075,2026-05-12,2026-06-26
sh.688455,2026-05-25,2026-07-09
sh.605167,2026-05-14,2026-06-30
sh.688658,2026-05-22,2026-07-08
sz.300290,2026-05-22,2026-07-09
sz.002264,2026-05-08,2026-06-24
sz.002795,2026-05-21,2026-07-07
sh.688545,2026-05-11,2026-06-25
sz.002298,2026-05-26,2026-07-10
sh.688058,2026-05-19,2026-07-03
sz.001266,2026-05-20,2026-07-06
sz.300556,2026-05-15,2026-07-01
sz.300469,2026-05-14,2026-06-30
sh.605155,2026-05-22,2026-07-08
sz.002828,2026-05-13,2026-06-29
sh.688314,2026-05-11,2026-06-25
sz.300774,2026-05-11,2026-06-25
sz.300493,2026-05-26,2026-07-10
sz.300058,2026-05-28,2026-07-14
sz.300449,2026-05-11,2026-06-25
sz.300981,2026-05-13,2026-06-29
sz.300990,2026-05-18,2026-07-02
sz.000707,2026-05-13,2026-06-29
sz.000006,2026-05-22,2026-07-08
sh.688591,2026-05-26,2026-07-10
sz.000546,2026-05-07,2026-06-23
sz.300739,2026-05-22,2026-07-08
sz.301581,2026-05-27,2026-07-13
sz.301632,2026-05-11,2026-06-25
sh.688375,2026-05-13,2026-06-29
sz.300851,2026-05-07,2026-07-07
sh.688478,2026-05-21,2026-07-07
sz.300191,2026-05-19,2026-07-03
sz.301278,2026-05-21,2026-07-07
sz.002487,2026-05-25,2026-07-09
sz.301510,2026-05-14,2026-06-30
sz.002922,2026-05-22,2026-07-08
sh.603778,2026-05-14,2026-06-30
sz.002176,2026-05-11,2026-06-25
sz.301380,2026-05-15,2026-07-01
sz.002686,2026-05-14,2026-06-30
sz.002092,2026-05-08,2026-06-24
sz.002196,2026-05-22,2026-07-08
sh.603507,2026-05-14,2026-06-30
sz.301292,2026-05-11,2026-06-25
sz.301373,2026-05-11,2026-06-25
sz.300050,2026-05-26,2026-07-10
sz.300875,2026-05-08,2026-06-24
sh.688690,2026-05-26,2026-07-10
sh.603121,2026-05-06,2026-06-22
sh.603050,2026-05-27,2026-07-13
sz.300300,2026-05-14,2026-06-30
sz.300537,2026-05-21,2026-07-07
sz.002397,2026-05-11,2026-06-25
sz.002865,2026-05-21,2026-07-07
sh.605077,2026-05-19,2026-07-03
sz.002229,2026-05-07,2026-06-23
sh.601026,2026-05-21,2026-07-07
sz.002757,2026-05-14,2026-06-30
sz.301148,2026-05-15,2026-07-01
sz.002136,2026-05-21,2026-07-07
sz.300585,2026-05-14,2026-06-30
sh.600488,2026-05-07,2026-06-23
sh.688648,2026-05-26,2026-07-10
sh.688443,2026-05-20,2026-07-06
sh.603626,2026-05-19,2026-07-03
sz.000813,2026-05-19,2026-07-03
sh.603606,2026-05-22,2026-07-08
sh.600527,2026-05-07,2026-06-23
sh.603126,2026-05-11,2026-06-25
sz.002532,2026-05-22,2026-07-08
sz.000682,2026-05-26,2026-07-10
sz.300300,2026-05-13,2026-06-29
sz.002229,2026-05-11,2026-06-25
sz.300442,2026-05-20,2026-07-06
sz.301636,2026-05-18,2026-07-02
sz.002576,2026-05-22,2026-07-08
sh.600141,2026-05-22,2026-07-08
sh.603285,2026-05-21,2026-07-07
sz.000862,2026-05-26,2026-07-10
sz.000876,2026-05-28,2026-07-14
sz.300850,2026-05-12,2026-06-26
sz.300139,2026-05-21,2026-07-07
sz.301252,2026-05-13,2026-06-29
sh.603956,2026-05-21,2026-07-07
sh.688136,2026-05-18,2026-07-02
sh.600259,2026-05-11,2026-06-25
sz.301139,2026-05-07,2026-06-24
sz.002616,2026-05-29,2026-07-15
sz.000712,2026-05-28,2026-07-14
sz.000031,2026-05-08,2026-06-24
sh.600078,2026-05-14,2026-06-30
sz.301255,2026-05-19,2026-07-03
sz.002141,2026-05-21,2026-07-07
sh.688575,2026-05-12,2026-06-26
sz.002074,2026-05-25,2026-07-09
sz.300085,2026-05-25,2026-07-09
sz.002040,2026-05-12,2026-06-26
sz.300474,2026-05-21,2026-07-07
sz.301599,2026-05-15,2026-07-01
sh.603680,2026-05-13,2026-06-29
sz.300564,2026-05-20,2026-07-06
sz.300033,2026-05-25,2026-07-09
sz.002760,2026-05-14,2026-06-30
sz.301421,2026-05-20,2026-07-06
sh.603721,2026-05-22,2026-07-16
sz.301237,2026-05-25,2026-07-09
sz.003041,2026-05-07,2026-06-23
sh.600775,2026-05-11,2026-06-25
sh.603969,2026-05-14,2026-06-30
sh.688667,2026-05-12,2026-06-26
sh.600650,2026-05-21,2026-07-07
sz.002940,2026-05-28,2026-07-14
sh.688350,2026-05-25,2026-07-09
sz.002506,2026-05-12,2026-06-26
sh.600180,2026-05-14,2026-06-30
sh.603690,2026-05-18,2026-07-02
sz.301002,2026-05-18,2026-07-02
sh.603095,2026-05-11,2026-06-25
sz.002899,2026-05-12,2026-06-26
sz.300902,2026-05-15,2026-07-01
sz.300723,2026-05-26,2026-07-10
sh.603407,2026-05-25,2026-07-09
sz.300576,2026-05-21,2026-07-07
sz.000889,2026-05-14,2026-06-30
sh.688227,2026-05-08,2026-06-24
sz.300207,2026-05-25,2026-07-09
sh.688150,2026-05-26,2026-07-10
sh.600619,2026-05-13,2026-06-29
sz.000526,2026-05-25,2026-07-09
sz.300118,2026-05-14,2026-06-30
sz.002207,2026-05-29,2026-07-15
sz.002798,2026-05-18,2026-07-02
sz.300423,2026-05-08,2026-06-24
sz.300687,2026-05-20,2026-07-06
sh.603095,2026-05-07,2026-06-23
sz.000833,2026-05-12,2026-06-26
sz.301158,2026-05-19,2026-07-03
sz.300780,2026-05-14,2026-06-30
sh.605066,2026-05-27,2026-07-13
sz.001237,2026-05-22,2026-07-08
sh.603912,2026-05-18,2026-07-02
sh.603596,2026-05-22,2026-07-08
sh.603138,2026-05-11,2026-06-25
sz.002930,2026-05-15,2026-07-01
sh.603650,2026-05-18,2026-07-02
sh.688091,2026-05-22,2026-07-08
sz.002361,2026-05-13,2026-06-29
sh.688455,2026-05-26,2026-07-10
sh.688167,2026-06-22,2026-08-05
sz.002015,2026-06-01,2026-07-16
sz.300120,2026-06-26,2026-08-11
sz.300818,2026-06-11,2026-07-28
sh.600973,2026-06-25,2026-08-10
sh.603095,2026-06-18,2026-08-04
sh.600255,2026-06-22,2026-08-05
sz.001330,2026-06-15,2026-07-30
sz.300853,2026-06-30,2026-08-13
sh.688291,2026-06-30,2026-08-13
sh.603567,2026-06-10,2026-07-27
sh.603949,2026-06-30,2026-08-13
sz.300637,2026-06-23,2026-08-06
sh.600191,2026-06-16,2026-07-31
sh.600992,2026-06-03,2026-07-20
sz.301565,2026-06-26,2026-08-11
sz.300241,2026-06-05,2026-07-22
sh.600096,2026-06-22,2026-08-05
sh.688781,2026-06-26,2026-08-11
sz.000727,2026-06-29,2026-08-12
sh.688327,2026-06-22,2026-08-05
sz.000697,2026-06-25,2026-08-10
sh.603610,2026-06-25,2026-08-10
sh.688039,2026-06-16,2026-07-31
sh.688337,2026-06-25,2026-08-10
sz.300520,2026-06-01,2026-07-16
sh.603291,2026-06-02,2026-07-17
sz.002514,2026-06-17,2026-08-03
sh.688096,2026-06-17,2026-08-03
sz.300019,2026-06-29,2026-08-12
sh.600869,2026-06-30,2026-08-13
sh.688709,2026-06-30,2026-08-13
sh.605318,2026-06-22,2026-08-05
sz.301667,2026-06-18,2026-08-04
sz.300859,2026-06-09,2026-07-24
sh.603733,2026-06-26,2026-08-11
sh.600158,2026-06-03,2026-07-20
sz.000893,2026-06-11,2026-07-28
sz.300209,2026-06-17,2026-08-03
sz.002725,2026-06-22,2026-08-05
sh.688800,2026-06-30,2026-08-13
sh.603177,2026-06-18,2026-08-04
sz.301513,2026-06-29,2026-08-12
sz.301590,2026-06-12,2026-07-29
sz.002643,2026-06-30,2026-08-13
sz.300019,2026-06-30,2026-08-13
sz.002757,2026-06-18,2026-08-04
sz.301628,2026-06-29,2026-08-12
sz.000070,2026-06-18,2026-08-04
sz.300716,2026-06-23,2026-08-06
sh.600397,2026-06-23,2026-08-06
sh.600302,2026-06-29,2026-08-12
sz.301231,2026-06-22,2026-08-05
sh.601958,2026-06-22,2026-08-05
sh.603773,2026-06-18,2026-08-04
sz.002125,2026-06-16,2026-07-31
sh.603922,2026-06-17,2026-08-03
sh.600693,2026-06-04,2026-07-21
sh.600744,2026-06-18,2026-08-04
sh.688598,2026-06-23,2026-08-06
sz.300828,2026-06-22,2026-08-05
sh.603727,2026-06-22,2026-08-05
sz.002568,2026-06-03,2026-07-20
sz.301282,2026-06-23,2026-08-06
sz.002886,2026-06-26,2026-08-11
sh.603008,2026-06-11,2026-07-28
sz.000539,2026-06-22,2026-08-05
sz.000969,2026-06-22,2026-08-05
sh.600192,2026-06-17,2026-08-03
sz.000679,2026-06-16,2026-07-31
sh.600730,2026-06-10,2026-07-27
sz.301566,2026-06-23,2026-08-06
sz.300340,2026-06-18,2026-08-04
sz.300854,2026-06-11,2026-07-28
sz.000403,2026-06-03,2026-07-20
sz.300548,2026-06-26,2026-08-11
sh.601991,2026-06-11,2026-07-28
sh.603060,2026-06-09,2026-07-24
sz.301555,2026-06-29,2026-08-12
sz.000029,2026-06-12,2026-07-29
sh.600995,2026-06-02,2026-07-17
sz.300861,2026-06-22,2026-08-05
sz.002235,2026-06-05,2026-07-22
sh.605258,2026-06-17,2026-08-03
sh.688262,2026-06-30,2026-08-13
sh.603517,2026-06-04,2026-07-21
sh.688690,2026-06-22,2026-08-05
sz.001360,2026-06-22,2026-08-05
sz.001332,2026-06-30,2026-08-13
sz.300525,2026-06-15,2026-07-30
sz.300697,2026-06-18,2026-08-04
sz.300087,2026-06-15,2026-07-31
sz.301468,2026-06-25,2026-08-10
sz.000922,2026-06-22,2026-08-05
sz.002575,2026-06-29,2026-08-12
sh.600292,2026-06-18,2026-08-04
sz.301617,2026-06-25,2026-08-10
sz.002279,2026-06-09,2026-07-24
sz.300395,2026-06-16,2026-07-31
sh.603206,2026-06-23,2026-08-06
sz.300118,2026-06-30,2026-08-13
sh.688350,2026-06-23,2026-08-06
sz.002552,2026-06-18,2026-08-04
sz.301666,2026-06-22,2026-08-05
sz.300579,2026-06-18,2026-08-04
sh.688387,2026-06-30,2026-08-13
sz.003022,2026-06-30,2026-08-13
sz.002047,2026-06-30,2026-08-13
sz.002461,2026-06-11,2026-07-28
sz.301323,2026-06-22,2026-08-05
sz.300948,2026-06-08,2026-07-23
sz.301618,2026-06-25,2026-08-10
sh.603201,2026-06-10,2026-07-27
sh.600397,2026-06-30,2026-08-13
sh.603163,2026-06-26,2026-08-11
sh.688295,2026-06-22,2026-08-05
sz.001359,2026-06-22,2026-08-05
sh.688711,2026-06-29,2026-08-12
sz.000610,2026-06-08,2026-07-23
sz.002678,2026-06-11,2026-07-28
sz.001266,2026-06-26,2026-08-11
sh.603703,2026-06-26,2026-08-11
sh.688353,2026-06-26,2026-08-11
sz.002585,2026-06-15,2026-07-30
sh.688322,2026-06-05,2026-07-22
sz.301197,2026-06-24,2026-08-07
sh.600289,2026-06-30,2026-08-13
sh.603355,2026-06-30,2026-08-13
sz.002125,2026-06-11,2026-07-28
sh.603180,2026-06-10,2026-07-27
sh.688282,2026-06-11,2026-07-28
sz.301419,2026-06-30,2026-08-13
sz.000801,2026-06-30,2026-08-13
sh.688433,2026-06-22,2026-08-05
sh.603595,2026-06-24,2026-08-07
sh.603306,2026-06-26,2026-08-11
sz.301123,2026-06-16,2026-07-31
sz.301373,2026-06-17,2026-08-03
sh.688092,2026-06-03,2026-07-20
sz.300296,2026-06-05,2026-07-22
sz.002350,2026-06-12,2026-07-29
sh.603095,2026-06-09,2026-07-24
sz.001259,2026-06-25,2026-08-10
sh.688102,2026-06-30,2026-08-13
sz.300870,2026-06-29,2026-08-12
sz.300385,2026-06-03,2026-07-20
sh.603150,2026-06-29,2026-08-12
sz.002165,2026-06-18,2026-08-04
sz.301282,2026-06-26,2026-08-11
sh.600981,2026-06-11,2026-07-28
sh.688182,2026-06-30,2026-08-13
sz.301678,2026-06-30,2026-08-13
sz.002902,2026-06-17,2026-08-03
sh.600345,2026-06-23,2026-08-06
sh.605588,2026-06-29,2026-08-12
sh.603978,2026-06-26,2026-08-11
sz.002114,2026-06-25,2026-08-10
sz.002501,2026-06-04,2026-07-21
sh.603435,2026-06-26,2026-08-11
sh.688807,2026-06-29,2026-08-12
sh.688551,2026-06-30,2026-08-13
sz.000636,2026-06-25,2026-08-10
sz.002842,2026-06-25,2026-08-10
sz.002009,2026-06-26,2026-08-11
sh.605111,2026-06-26,2026-08-11
sz.301024,2026-06-16,2026-07-31
sz.300380,2026-06-18,2026-08-04
sz.002515,2026-06-29,2026-08-12
sz.002404,2026-06-03,2026-07-20
sz.002613,2026-06-26,2026-08-11
sz.002613,2026-06-24,2026-08-07
sz.300720,2026-06-29,2026-08-12
sh.603567,2026-06-04,2026-07-21
sh.600734,2026-06-08,2026-07-23
sh.688599,2026-06-29,2026-08-12
sh.603499,2026-06-29,2026-08-12
sz.300031,2026-06-25,2026-08-10
sh.600780,2026-06-02,2026-07-17
sh.600547,2026-06-11,2026-07-28
sz.001358,2026-06-30,2026-08-13
sh.688081,2026-06-12,2026-07-29
sh.688133,2026-06-18,2026-08-04
sz.300548,2026-06-17,2026-08-03
sz.301377,2026-06-18,2026-08-04
sz.002378,2026-06-23,2026-08-06
sz.002395,2026-06-03,2026-07-20
sz.300747,2026-06-26,2026-08-11
sz.002323,2026-06-05,2026-07-22
sz.002049,2026-06-29,2026-08-12
sh.688697,2026-06-30,2026-08-13
sz.002279,2026-06-11,2026-07-28
sh.603978,2026-06-22,2026-08-05
sz.300624,2026-06-17,2026-08-03
sz.000736,2026-06-03,2026-07-20
sz.300606,2026-06-23,2026-08-06
sh.603316,2026-06-23,2026-08-06
sz.300316,2026-06-26,2026-08-11
sh.603315,2026-06-26,2026-08-11
sz.301396,2026-06-26,2026-08-11
sz.002931,2026-06-26,2026-08-11
sh.688679,2026-06-29,2026-08-12
sh.600619,2026-06-26,2026-08-11
sz.002667,2026-06-10,2026-07-27
sh.600598,2026-06-08,2026-07-23
sz.301238,2026-06-18,2026-08-04
sz.300715,2026-06-04,2026-07-21
sz.000767,2026-06-10,2026-07-27
sz.300505,2026-06-26,2026-08-11
sh.600506,2026-06-18,2026-08-04
sz.300035,2026-06-15,2026-07-30
sz.301150,2026-06-24,2026-08-07
sz.000980,2026-06-05,2026-07-22
sh.600438,2026-06-09,2026-07-24
sz.002428,2026-06-22,2026-08-05
sh.600725,2026-06-02,2026-07-17
sh.600641,2026-06-30,2026-08-13
sh.688677,2026-06-11,2026-07-28
sz.300969,2026-06-04,2026-07-21
sz.002418,2026-06-22,2026-08-05
sz.300936,2026-06-29,2026-08-12
sz.001259,2026-06-29,2026-08-12
sz.002515,2026-06-24,2026-08-07
sh.600522,2026-06-23,2026-08-06
sz.002149,2026-06-29,2026-08-12
sz.300696,2026-06-22,2026-08-05
sz.002678,2026-06-02,2026-07-17
sz.000582,2026-06-01,2026-07-16
sh.688170,2026-06-17,2026-08-03
sh.605488,2026-06-09,2026-07-24
sz.002210,2026-06-10,2026-07-27
sh.600409,2026-06-25,2026-08-10
sz.002167,2026-06-29,2026-08-12
sz.300620,2026-06-18,2026-08-04
sh.601138,2026-06-17,2026-08-03
sh.601702,2026-06-04,2026-07-21
sh.601799,2026-06-11,2026-07-28
sz.002943,2026-06-23,2026-08-06
sz.002309,2026-06-17,2026-08-03
sz.300854,2026-06-17,2026-08-03
sh.603778,2026-06-04,2026-07-21
sz.300166,2026-06-29,2026-08-12
sz.301338,2026-06-24,2026-08-07
sz.301041,2026-06-30,2026-08-13
sz.301439,2026-06-02,2026-07-17
sz.002678,2026-06-05,2026-07-22
sz.002072,2026-06-25,2026-08-10
sz.002645,2026-06-25,2026-08-10
sh.688257,2026-06-24,2026-08-07
sh.603629,2026-06-01,2026-07-16
sz.301139,2026-06-30,2026-08-13
sz.002875,2026-06-22,2026-08-05
sh.603267,2026-06-24,2026-08-07
sz.000966,2026-06-04,2026-07-21
sz.301141,2026-06-12,2026-07-29
sz.300120,2026-06-24,2026-08-07
sz.300895,2026-06-18,2026-08-04
sz.002428,2026-06-29,2026-08-12
sz.300776,2026-06-26,2026-08-11
sz.000993,2026-06-11,2026-07-28
sz.002620,2026-06-03,2026-07-20
sh.688469,2026-06-26,2026-08-11
sh.600769,2026-06-26,2026-08-11
sh.600791,2026-06-03,2026-07-20
sz.002181,2026-06-10,2026-07-27
sz.300265,2026-06-15,2026-07-30
sh.605288,2026-06-30,2026-08-13
sz.002443,2026-06-10,2026-07-27
sz.002831,2026-06-24,2026-08-07
sz.300316,2026-06-24,2026-08-07
sh.603121,2026-06-12,2026-07-29
sz.001330,2026-06-01,2026-07-16
sh.600405,2026-06-30,2026-08-20
sz.300342,2026-06-05,2026-07-22
sh.600392,2026-06-24,2026-08-07
sh.688503,2026-06-26,2026-08-11
sh.600869,2026-06-22,2026-08-05
sz.002559,2026-06-30,2026-08-13
sz.000949,2026-06-24,2026-08-07
sh.603500,2026-06-23,2026-08-06
sh.600295,2026-06-09,2026-07-24
sz.002823,2026-06-10,2026-07-27
sz.300302,2026-06-22,2026-08-05
sz.002255,2026-06-26,2026-08-11
sh.600302,2026-06-12,2026-07-29
sh.688129,2026-06-25,2026-08-10
sh.600500,2026-06-25,2026-08-10
sz.301322,2026-06-26,2026-08-11
sz.002466,2026-06-26,2026-08-11
sh.688635,2026-06-01,2026-07-16
sh.688707,2026-06-22,2026-08-05
sz.002028,2026-06-15,2026-07-30
sz.002615,2026-06-03,2026-07-20
sz.002456,2026-06-30,2026-08-13
sh.605303,2026-06-18,2026-08-04
sh.605566,2026-06-22,2026-08-05
sz.002418,2026-06-23,2026-08-06
sh.600791,2026-06-15,2026-07-30
sh.688777,2026-06-17,2026-08-03
sz.301231,2026-06-05,2026-07-22
sz.300716,2026-06-25,2026-08-10
sh.603486,2026-06-05,2026-07-22
sz.301076,2026-06-30,2026-08-13
sz.001299,2026-06-02,2026-07-17
sz.301662,2026-06-30,2026-08-13
sh.688166,2026-06-15,2026-07-30
sh.688701,2026-06-01,2026-07-16
sh.603897,2026-06-25,2026-08-10
sh.603026,2026-06-17,2026-08-03
sz.300863,2026-06-17,2026-08-03
sh.600582,2026-06-09,2026-07-24
sz.301306,2026-06-29,2026-08-12
sz.301611,2026-06-25,2026-08-10
sh.603286,2026-06-03,2026-07-20
sh.688727,2026-06-25,2026-08-10
sz.002378,2026-06-18,2026-08-04
sh.603327,2026-06-24,2026-08-07
sz.002203,2026-06-22,2026-08-05
sh.688107,2026-06-26,2026-08-11
sh.688689,2026-06-29,2026-08-12
sz.300806,2026-06-29,2026-08-12
sh.688156,2026-06-26,2026-08-11
sh.605336,2026-06-12,2026-07-29
sz.002885,2026-06-29,2026-08-12
sz.300554,2026-06-17,2026-08-03
sh.603619,2026-06-12,2026-07-29
sz.300337,2026-06-30,2026-08-13
sh.600186,2026-06-26,2026-08-11
sh.603201,2026-06-22,2026-08-05
sz.300614,2026-06-10,2026-07-27
sz.300747,2026-06-17,2026-08-03
sz.301358,2026-06-29,2026-08-12
sh.688312,2026-06-15,2026-07-30
sh.600783,2026-06-26,2026-08-11
sz.002975,2026-06-18,2026-08-04
sz.300386,2026-06-29,2026-08-12
sz.300444,2026-06-22,2026-08-05
sz.300334,2026-06-23,2026-08-06
sz.000610,2026-06-03,2026-07-20
sz.000509,2026-06-18,2026-08-04
sz.000670,2026-06-12,2026-07-29
sz.301580,2026-06-22,2026-08-05
sz.301669,2026-06-30,2026-08-13
sz.002179,2026-06-30,2026-08-13
sz.300811,2026-06-29,2026-08-12
sz.300400,2026-06-18,2026-08-04
sz.301120,2026-06-01,2026-07-16
sh.603379,2026-06-26,2026-08-11
sh.688126,2026-06-30,2026-08-13
sh.600578,2026-06-17,2026-08-03
sz.001267,2026-06-24,2026-08-07
sh.600119,2026-06-03,2026-07-20
sz.002491,2026-06-18,2026-08-04
sz.002008,2026-06-26,2026-08-11
sz.300518,2026-06-30,2026-08-13
sz.301326,2026-06-29,2026-08-12
sh.688525,2026-06-24,2026-08-07
sz.002048,2026-06-08,2026-07-23
sz.301458,2026-06-17,2026-08-03
sz.002980,2026-06-25,2026-08-10
sz.301617,2026-06-29,2026-08-12
sz.002922,2026-06-16,2026-07-31
sz.300214,2026-06-17,2026-08-17
sz.002407,2026-06-30,2026-08-13
sh.603032,2026-06-25,2026-08-10
sz.300204,2026-06-01,2026-07-16
sz.300975,2026-06-30,2026-08-13
sz.301373,2026-06-26,2026-08-11
sh.605177,2026-06-05,2026-07-22
sh.600405,2026-06-29,2026-08-19
sh.605006,2026-06-30,2026-08-13
sh.688777,2026-06-26,2026-08-11
sz.002201,2026-06-25,2026-08-10
sh.688772,2026-06-29,2026-08-12
sz.003025,2026-06-10,2026-07-27
sh.603660,2026-06-26,2026-08-11
sh.688535,2026-06-29,2026-08-12
sz.000795,2026-06-30,2026-08-13
sz.001373,2026-06-23,2026-08-06
sh.603181,2026-06-25,2026-08-10
sh.688737,2026-06-08,2026-07-23
sz.002931,2026-06-30,2026-08-13
sz.002600,2026-06-29,2026-08-12
sh.603283,2026-06-29,2026-08-12
sh.600110,2026-06-15,2026-07-30
sz.000430,2026-06-30,2026-08-13
sz.300300,2026-06-18,2026-08-04
sh.688390,2026-06-26,2026-08-11
sh.603315,2026-06-22,2026-08-05
sh.688357,2026-06-26,2026-08-11
sz.301360,2026-06-30,2026-08-13
sh.688190,2026-06-24,2026-08-07
sz.002585,2026-06-23,2026-08-06
sz.300652,2026-06-10,2026-07-27
sh.603103,2026-06-01,2026-07-16
sh.603115,2026-06-26,2026-08-11
sz.002992,2026-06-30,2026-08-13
sz.301059,2026-06-03,2026-07-20
sz.002678,2026-06-04,2026-07-21
sz.000862,2026-06-05,2026-07-22
sz.002560,2026-06-22,2026-08-05
sz.300337,2026-07-02,2026-08-17
sh.688409,2026-07-17,2026-09-01
sz.300489,2026-07-10,2026-08-25
sh.603324,2026-07-13,2026-08-26
sz.300420,2026-07-14,2026-08-27
sh.688052,2026-07-13,2026-08-26
sh.688355,2026-07-06,2026-08-19
sz.001287,2026-07-01,2026-08-14
sz.300780,2026-07-14,2026-08-27
sz.301322,2026-07-03,2026-08-18
sz.301349,2026-07-01,2026-08-14
sz.301592,2026-07-08,2026-08-21
sh.688333,2026-07-08,2026-08-21
sz.002947,2026-07-01,2026-08-14
sh.600703,2026-07-06,2026-08-19
sh.688379,2026-07-07,2026-08-20
sh.603115,2026-07-02,2026-08-17
sz.301186,2026-07-02,2026-08-17
sz.001270,2026-07-02,2026-08-17
sz.001248,2026-07-03,2026-08-18
sz.300408,2026-07-02,2026-08-17
sz.002202,2026-07-01,2026-08-14
sh.603989,2026-07-09,2026-08-24
sz.300440,2026-07-07,2026-08-20
sh.605178,2026-07-01,2026-08-14
sz.301317,2026-07-13,2026-08-26
sh.688595,2026-07-13,2026-08-26
sz.002137,2026-07-02,2026-08-17
sz.301308,2026-07-14,2026-08-27
sh.603020,2026-07-08,2026-08-21
sz.300710,2026-07-01,2026-08-14
sh.603120,2026-07-14,2026-08-27
sh.600826,2026-07-03,2026-08-18
sz.300953,2026-07-14,2026-08-27
sz.300648,2026-07-14,2026-08-27
sz.002654,2026-07-08,2026-08-21
sz.001211,2026-07-01,2026-08-14
sz.300161,2026-07-06,2026-08-19
sh.688550,2026-07-13,2026-08-26
sz.002222,2026-07-02,2026-08-17
sh.603538,2026-07-09,2026-08-24
sh.603038,2026-07-06,2026-08-19
sz.300691,2026-07-03,2026-08-18
sz.002491,2026-07-02,2026-08-17
sh.605389,2026-07-13,2026-08-26
sh.688129,2026-07-07,2026-08-20
sh.688333,2026-07-10,2026-08-25
sz.300031,2026-07-03,2026-08-18
sh.688400,2026-07-08,2026-08-21
sz.301123,2026-07-13,2026-08-26
sz.002816,2026-07-10,2026-08-25
sz.301191,2026-07-14,2026-08-27
sh.600711,2026-07-01,2026-08-14
sh.600206,2026-07-06,2026-08-19
sz.301226,2026-07-01,2026-08-14
sh.688295,2026-07-08,2026-08-21
sh.603078,2026-07-03,2026-08-18
sz.301568,2026-07-09,2026-08-24
sh.688283,2026-07-01,2026-08-14
sz.300201,2026-07-03,2026-08-18
sh.603917,2026-07-09,2026-08-24
sz.301201,2026-07-06,2026-08-19
sz.300478,2026-07-08,2026-08-21
sz.002919,2026-07-08,2026-08-21
sh.688090,2026-07-08,2026-08-21
sz.301051,2026-07-13,2026-08-26
sh.688391,2026-07-06,2026-08-19
sh.605286,2026-07-01,2026-08-14
sz.300045,2026-07-08,2026-08-21
sz.002119,2026-07-14,2026-08-27
sh.688726,2026-07-01,2026-08-14
sz.301235,2026-07-13,2026-08-26
sh.600228,2026-07-08,2026-08-21
sh.603297,2026-07-08,2026-08-21
sz.300648,2026-07-02,2026-08-17
sz.000010,2026-07-14,2026-08-27
sh.603990,2026-07-01,2026-08-14
sh.600470,2026-07-03,2026-08-18
sz.301086,2026-07-06,2026-08-19
sh.603256,2026-07-09,2026-08-24
sh.603650,2026-07-02,2026-08-17
sz.002851,2026-07-16,2026-08-31
sz.300337,2026-07-07,2026-08-20
sh.603903,2026-07-09,2026-08-24
sz.301596,2026-07-08,2026-08-21
sz.002713,2026-07-01,2026-08-17
sz.002536,2026-07-16,2026-08-31
sh.600520,2026-07-15,2026-08-28
sz.002620,2026-07-03,2026-08-18
sz.300652,2026-07-03,2026-08-18
sz.300563,2026-07-07,2026-08-20
sz.300693,2026-07-02,2026-08-17
sz.002643,2026-07-03,2026-08-18
sz.301611,2026-07-08,2026-08-21
sz.301256,2026-07-08,2026-08-21
sh.601133,2026-07-17,2026-09-01
sz.002301,2026-07-10,2026-08-25
sh.688266,2026-07-16,2026-08-31
sz.300154,2026-07-01,2026-08-14
sh.688786,2026-07-03,2026-08-18
sz.300679,2026-07-02,2026-08-17
sz.000026,2026-07-01,2026-08-14
sz.301282,2026-07-01,2026-08-14
sz.002861,2026-07-01,2026-08-14
sh.688517,2026-07-06,2026-08-19
sz.301077,2026-07-02,2026-08-17
sz.301071,2026-07-06,2026-08-19
sz.000691,2026-07-02,2026-08-17
sz.002465,2026-07-09,2026-08-24
sh.603061,2026-07-13,2026-08-26
sh.600410,2026-07-01,2026-08-14
sh.688628,2026-07-08,2026-08-21
sh.688521,2026-07-06,2026-08-19
sz.301212,2026-07-06,2026-08-19
sz.002429,2026-07-08,2026-08-21
sz.300740,2026-07-02,2026-08-17
sh.600363,2026-07-23,2026-09-07
sh.688211,2026-07-07,2026-08-20
sz.300420,2026-07-03,2026-08-18
sz.301500,2026-07-10,2026-08-25
sh.688286,2026-07-15,2026-08-28
sh.688655,2026-07-14,2026-08-27
sz.300521,2026-07-03,2026-08-18
sh.688102,2026-07-01,2026-08-14
sh.600470,2026-07-02,2026-08-17
sh.688558,2026-07-06,2026-08-19
sz.300806,2026-07-08,2026-08-21
sh.600768,2026-07-02,2026-08-17
sh.600160,2026-07-01,2026-08-14
sz.301210,2026-07-08,2026-08-21
sz.000988,2026-07-15,2026-08-28
sz.301319,2026-07-02,2026-08-17
sh.600605,2026-07-15,2026-08-28
sh.600302,2026-07-09,2026-08-24
sh.688103,2026-07-14,2026-08-27
sh.600584,2026-07-17,2026-09-01
sh.605088,2026-07-03,2026-08-18
sh.601698,2026-07-02,2026-08-17
sh.603303,2026-07-10,2026-08-25
sz.301086,2026-07-03,2026-08-18
sh.601126,2026-07-08,2026-08-21
sh.688359,2026-07-14,2026-08-27
sh.603324,2026-07-03,2026-08-18
sz.300836,2026-07-24,2026-09-08
sz.300162,2026-07-02,2026-08-17
sh.688055,2026-07-03,2026-08-18
sh.688456,2026-07-01,2026-08-14
sz.002885,2026-07-10,2026-08-25
sz.002436,2026-07-13,2026-08-26
sh.688419,2026-07-08,2026-08-21
sh.605118,2026-07-08,2026-08-21
sz.002456,2026-07-02,2026-08-17
sh.688652,2026-07-01,2026-08-14
sh.688502,2026-07-08,2026-08-21
sz.301349,2026-07-03,2026-08-18
sh.600768,2026-07-06,2026-08-19
sz.301182,2026-07-13,2026-08-26
sz.300057,2026-07-03,2026-08-18
sz.300976,2026-07-07,2026-08-20
sz.002990,2026-07-09,2026-08-24
sh.600360,2026-07-13,2026-08-26
sz.002792,2026-07-02,2026-08-17
sz.301041,2026-07-08,2026-08-21
sz.001208,2026-07-08,2026-08-21
sh.688292,2026-07-01,2026-08-14
sz.301630,2026-07-09,2026-08-24
sh.688607,2026-07-06,2026-08-19
sz.002201,2026-07-03,2026-08-18
sz.300432,2026-07-02,2026-08-17
sh.605318,2026-07-13,2026-08-26
sh.688291,2026-07-03,2026-08-18
sz.300706,2026-07-01,2026-08-14
sh.688545,2026-07-14,2026-08-27
sz.000668,2026-07-07,2026-08-20
sh.603843,2026-07-03,2026-08-18
sh.688380,2026-07-14,2026-08-27
sh.688047,2026-07-06,2026-08-19
sh.600360,2026-07-06,2026-08-19
sz.301316,2026-07-01,2026-08-14
sh.600835,2026-07-07,2026-08-20
sh.603269,2026-07-08,2026-08-21
sz.300327,2026-07-07,2026-08-20
sz.003019,2026-07-02,2026-08-17
sz.300547,2026-07-10,2026-08-25
sh.688691,2026-07-03,2026-08-18
sz.300548,2026-07-10,2026-08-25
sz.301092,2026-07-16,2026-08-31
sz.002290,2026-07-06,2026-08-19
sz.300252,2026-07-03,2026-08-18
sz.300488,2026-07-02,2026-08-17
sz.300694,2026-07-02,2026-08-17
sh.688511,2026-07-01,2026-08-14
sh.688392,2026-07-14,2026-08-27
sz.002049,2026-07-03,2026-08-18
sz.301077,2026-07-01,2026-08-14
sh.603458,2026-07-01,2026-08-14
sz.300303,2026-07-02,2026-08-17
sh.688571,2026-07-10,2026-08-25
sz.300921,2026-07-01,2026-08-14
sz.300179,2026-07-15,2026-08-28
sh.600058,2026-07-02,2026-08-17
sz.002743,2026-07-08,2026-08-21
sz.300166,2026-07-01,2026-08-14
sz.301000,2026-07-01,2026-08-14
sz.002956,2026-07-03,2026-08-18
sz.301502,2026-07-10,2026-08-25
sz.300688,2026-07-01,2026-08-14
sh.688627,2026-07-02,2026-08-17
sz.300585,2026-07-02,2026-08-17
sh.688396,2026-07-03,2026-08-18
sh.688311,2026-07-10,2026-08-25
sh.688273,2026-07-03,2026-08-18
sz.002169,2026-07-02,2026-08-17
sh.603120,2026-07-03,2026-08-18
sz.301203,2026-07-10,2026-08-25
sh.688129,2026-07-06,2026-08-19
sh.688301,2026-07-06,2026-08-19
sz.301149,2026-07-01,2026-08-14
sh.603163,2026-07-09,2026-08-24
sz.300083,2026-07-08,2026-08-21
sh.688385,2026-07-13,2026-08-26
sz.002353,2026-07-07,2026-08-20
sh.688697,2026-07-07,2026-08-20
sh.688536,2026-07-13,2026-08-26
sz.300970,2026-07-08,2026-08-21
sh.688390,2026-07-02,2026-08-17
sh.600392,2026-07-03,2026-08-18
sz.300585,2026-07-07,2026-08-20
sz.002837,2026-07-17,2026-09-01
sz.300502,2026-07-23,2026-09-07
sh.600487,2026-07-14,2026-08-27
sz.301115,2026-07-06,2026-08-19
sz.002031,2026-07-08,2026-08-21
sz.300283,2026-07-13,2026-08-26
sz.002289,2026-07-14,2026-08-27
sh.603297,2026-07-09,2026-08-24
sh.688159,2026-07-10,2026-08-25
sz.300560,2026-07-10,2026-08-25
sz.002747,2026-07-10,2026-08-25
sz.001223,2026-07-01,2026-08-14
sz.002364,2026-07-09,2026-08-24
sz.301212,2026-07-03,2026-08-18
sz.003043,2026-07-14,2026-08-27
sz.300196,2026-07-01,2026-08-14
sz.300154,2026-07-07,2026-08-20
sz.300499,2026-07-10,2026-08-25
sz.300786,2026-07-14,2026-08-27
sh.603303,2026-07-09,2026-08-24
sh.600596,2026-07-08,2026-08-21
sz.002585,2026-07-03,2026-08-18
sz.002677,2026-07-08,2026-08-28
sh.688310,2026-07-06,2026-08-19
sh.605111,2026-07-10,2026-08-25
sh.688439,2026-07-06,2026-08-19
sz.001378,2026-07-09,2026-08-24
sz.300550,2026-07-02,2026-08-17
sz.301617,2026-07-01,2026-08-14
sz.301282,2026-07-06,2026-08-19
sh.603859,2026-07-06,2026-08-19
sh.688376,2026-07-01,2026-08-14
sh.600135,2026-07-02,2026-08-17
sz.002983,2026-07-01,2026-08-14
sh.605358,2026-07-08,2026-08-21
sh.603032,2026-07-03,2026-08-18
sh.688325,2026-07-08,2026-08-21
sz.300121,2026-07-03,2026-08-18
sz.000688,2026-07-02,2026-08-17
sz.301233,2026-07-01,2026-08-14
sh.688781,2026-07-06,2026-08-19
sz.300819,2026-07-02,2026-08-17
sz.002779,2026-07-06,2026-08-19
sz.300912,2026-07-10,2026-08-25
sh.600753,2026-07-14,2026-08-27
sz.002465,2026-07-06,2026-08-19
sz.301112,2026-07-02,2026-08-17
sz.300637,2026-07-01,2026-08-14
sz.300669,2026-07-02,2026-08-17
sz.300017,2026-07-14,2026-08-27
sz.001306,2026-07-01,2026-08-14
sh.688659,2026-07-07,2026-08-20
sz.002249,2026-07-02,2026-08-17
sz.300857,2026-07-02,2026-08-17
sh.603040,2026-07-03,2026-08-18
sh.688653,2026-07-08,2026-08-21
sz.300961,2026-07-03,2026-08-18
sz.301596,2026-07-14,2026-08-27
sh.603698,2026-07-09,2026-08-24
sh.605138,2026-07-06,2026-08-19
sz.300319,2026-07-01,2026-08-14
sz.301197,2026-07-08,2026-08-21
sz.002993,2026-07-07,2026-08-20
sz.301123,2026-07-02,2026-08-17
sz.002956,2026-07-07,2026-08-20
sz.000826,2026-07-06,2026-08-19
sh.600207,2026-07-08,2026-08-21
sz.300776,2026-07-06,2026-08-19
sz.300461,2026-07-14,2026-08-27
sh.688381,2026-07-03,2026-08-18
sh.688181,2026-07-10,2026-08-25
sz.301203,2026-07-07,2026-08-20
sh.688598,2026-07-15,2026-08-28
sz.002980,2026-07-02,2026-08-17
sz.301117,2026-07-02,2026-08-17
sh.688545,2026-07-17,2026-09-01
sh.600531,2026-07-03,2026-08-18
sz.300571,2026-07-08,2026-08-21
sz.301511,2026-07-09,2026-08-24
sz.300586,2026-07-01,2026-08-14
sz.002534,2026-07-10,2026-08-25
sh.688400,2026-07-01,2026-08-14
sh.688286,2026-07-13,2026-08-26
sz.002885,2026-07-14,2026-08-27
sz.300715,2026-07-02,2026-08-17
sz.002281,2026-07-08,2026-08-21
sh.603666,2026-07-08,2026-08-21
sz.002407,2026-07-03,2026-08-18
sh.688591,2026-07-02,2026-08-17
sh.600895,2026-07-09,2026-08-24
sz.002536,2026-07-10,2026-08-25
sh.688182,2026-07-02,2026-08-17
sz.300121,2026-07-01,2026-08-14
sz.301139,2026-07-07,2026-08-20
sz.300668,2026-07-02,2026-08-17
sh.600259,2026-07-03,2026-08-18
sz.301246,2026-07-07,2026-08-20
sz.300709,2026-07-02,2026-08-17
sz.301489,2026-07-10,2026-08-25
sz.300820,2026-07-08,2026-08-21
sz.001259,2026-07-14,2026-08-27
sz.301095,2026-07-03,2026-08-18
sz.001378,2026-07-13,2026-08-26
sz.001319,2026-07-08,2026-08-21
sh.688199,2026-07-13,2026-08-26
sh.603078,2026-07-09,2026-08-24
sh.603507,2026-07-02,2026-08-17
sz.301000,2026-07-08,2026-08-21
sh.605288,2026-07-01,2026-08-14
sh.688657,2026-07-02,2026-08-17
sz.301068,2026-07-06,2026-08-19
sz.000536,2026-07-01,2026-08-14
sz.301092,2026-07-10,2026-08-25
sh.688400,2026-07-02,2026-08-17
sh.603072,2026-07-02,2026-08-17
sh.688261,2026-07-09,2026-08-24
sz.300433,2026-07-10,2026-08-25
sz.001229,2026-07-08,2026-08-21
sz.301106,2026-07-07,2026-08-20
sh.688388,2026-07-10,2026-08-25
sh.688556,2026-07-02,2026-08-17
sz.301217,2026-07-02,2026-08-17
sz.002757,2026-07-08,2026-08-21
sh.603005,2026-07-08,2026-08-21
sz.002708,2026-07-02,2026-08-17
sh.603078,2026-07-10,2026-08-25
sh.688536,2026-07-03,2026-08-18
sh.600105,2026-07-13,2026-08-26
sz.301379,2026-07-13,2026-08-26
sz.002983,2026-07-08,2026-08-21
sz.300578,2026-07-01,2026-08-14
sz.002896,2026-07-01,2026-08-14
sh.688496,2026-07-08,2026-08-21
sz.002361,2026-07-02,2026-08-17
sh.688680,2026-07-01,2026-08-14
sh.688313,2026-07-14,2026-08-27
sz.301566,2026-07-07,2026-08-20
sh.603890,2026-07-01,2026-08-14
sh.688539,2026-07-07,2026-08-20
sz.000733,2026-07-02,2026-08-17
sz.301152,2026-07-03,2026-08-18
sz.300989,2026-07-03,2026-08-18
sh.688210,2026-07-13,2026-08-26
sz.301387,2026-07-09,2026-08-24
sh.688359,2026-07-20,2026-09-02
sz.002448,2026-07-01,2026-08-14
sh.603986,2026-07-10,2026-08-25
sh.688591,2026-07-09,2026-08-24
sh.688518,2026-07-10,2026-08-25
sh.688233,2026-07-15,2026-08-28
sz.002046,2026-07-01,2026-08-14
sz.300385,2026-07-08,2026-08-21
sh.688328,2026-07-15,2026-08-28
sh.688178,2026-07-02,2026-08-17
sz.300106,2026-07-06,2026-08-19
sh.688503,2026-07-02,2026-08-17
sh.688653,2026-07-13,2026-08-26
sh.688716,2026-07-09,2026-08-24
sh.688323,2026-07-07,2026-08-20
sz.000823,2026-07-09,2026-08-24
sz.002463,2026-07-07,2026-08-20
sh.605358,2026-07-07,2026-08-20
sh.688251,2026-07-08,2026-08-21
sz.300136,2026-07-15,2026-08-28
sh.600183,2026-07-14,2026-08-27
sz.301566,2026-07-03,2026-08-18
sh.688138,2026-07-03,2026-08-18
sz.300046,2026-07-03,2026-08-18
sh.603010,2026-07-08,2026-08-21
sz.300424,2026-07-02,2026-08-17
sz.301321,2026-07-13,2026-08-26
sh.605598,2026-07-01,2026-08-14
sh.688478,2026-08-26,2026-09-18
sh.688802,2026-08-25,2026-09-18
sz.301106,2026-08-17,2026-09-18
sz.000657,2026-08-19,2026-09-18
sz.300006,2026-08-25,2026-09-18
sh.688549,2026-08-19,2026-09-18
sh.603021,2026-08-04,2026-09-17
sh.688548,2026-08-17,2026-09-18
sz.002674,2026-08-28,2026-09-18
sh.600363,2026-08-04,2026-09-17
sh.688114,2026-08-26,2026-09-18
sz.300772,2026-08-18,2026-09-18
sh.688503,2026-08-13,2026-09-18
sh.688220,2026-08-27,2026-09-18
sz.002896,2026-08-13,2026-09-18
sh.600664,2026-08-27,2026-09-18
sz.001301,2026-08-20,2026-09-18
sz.001317,2026-08-06,2026-09-18
sh.600721,2026-08-21,2026-09-18
sz.301051,2026-08-13,2026-09-18
sz.300540,2026-08-10,2026-09-18
sz.300558,2026-08-05,2026-09-18
sz.000524,2026-08-31,2026-09-18
sz.002192,2026-08-28,2026-09-18
sz.301357,2026-08-06,2026-09-18
sh.688185,2026-08-25,2026-09-18
sz.000547,2026-08-06,2026-09-18
sz.300069,2026-08-18,2026-09-18
sh.688177,2026-08-19,2026-09-18
sz.000931,2026-08-20,2026-09-18
sz.000739,2026-08-06,2026-09-18
sz.300656,2026-08-14,2026-09-18
sh.688690,2026-08-13,2026-09-18
sz.300368,2026-08-04,2026-09-17
sh.688275,2026-08-26,2026-09-18
sh.603773,2026-08-17,2026-09-18
sh.688315,2026-08-25,2026-09-18
sh.600363,2026-08-14,2026-09-18
sz.002084,2026-08-27,2026-09-18
sz.301396,2026-08-13,2026-09-18
sz.300142,2026-08-25,2026-09-18
sh.688549,2026-08-13,2026-09-18
sh.688802,2026-08-21,2026-09-18
sz.300927,2026-08-28,2026-09-18
sz.300986,2026-08-05,2026-09-18
sh.600551,2026-08-28,2026-09-18
sz.000925,2026-08-28,2026-09-18
sh.688662,2026-08-13,2026-09-18
sh.603016,2026-08-28,2026-09-18
sh.603330,2026-08-28,2026-09-18
sz.300170,2026-08-10,2026-09-18
sz.002952,2026-08-26,2026-09-18
sh.688781,2026-08-28,2026-09-18
sh.600396,2026-08-05,2026-09-18
sz.002028,2026-08-24,2026-09-18
sh.688386,2026-08-27,2026-09-18
sz.000759,2026-08-06,2026-09-18
sz.300438,2026-08-25,2026-09-18
sz.301257,2026-08-11,2026-09-18
sh.688328,2026-08-19,2026-09-18
sz.002229,2026-08-11,2026-09-18
sz.301536,2026-08-27,2026-09-18
sz.300917,2026-08-28,2026-09-18
sz.301130,2026-08-21,2026-09-18
sh.603567,2026-08-06,2026-09-18
sh.688356,2026-08-24,2026-09-18
sz.300718,2026-08-05,2026-09-18
sh.688046,2026-08-14,2026-09-18
sz.300642,2026-08-28,2026-09-18
sz.003001,2026-08-05,2026-09-18
sh.688220,2026-08-05,2026-09-18
sz.002149,2026-08-11,2026-09-18
sz.002072,2026-08-26,2026-09-18
sz.003004,2026-08-28,2026-09-18
sh.688062,2026-08-14,2026-09-18
sz.301259,2026-08-28,2026-09-18
sz.301106,2026-08-19,2026-09-18
sh.603801,2026-08-18,2026-09-18
sz.000676,2026-08-05,2026-09-18
sh.605179,2026-08-25,2026-09-18
sz.301413,2026-08-13,2026-09-18
sz.000721,2026-08-28,2026-09-18
sh.603992,2026-08-03,2026-09-16
sh.603036,2026-08-25,2026-09-18
sh.688249,2026-08-14,2026-09-18
sz.002742,2026-08-31,2026-09-18
sh.688775,2026-08-31,2026-09-18
sh.688171,2026-08-26,2026-09-18
sz.300779,2026-08-27,2026-09-18
sz.301526,2026-08-17,2026-09-18
sh.600410,2026-08-10,2026-09-18
sh.600644,2026-08-05,2026-09-18
sz.000938,2026-08-27,2026-09-18
sz.002595,2026-08-26,2026-09-18
sh.688147,2026-08-26,2026-09-18
sz.300227,2026-08-28,2026-09-18
sz.003021,2026-08-06,2026-09-18
sh.603337,2026-08-06,2026-09-18
sz.301228,2026-08-05,2026-09-18
sh.600667,2026-08-18,2026-09-18
sh.688321,2026-08-13,2026-09-18
sz.300996,2026-08-13,2026-09-18
sz.300682,2026-08-11,2026-09-18
sh.688549,2026-08-14,2026-09-18
sh.600721,2026-08-20,2026-09-18
sh.603036,2026-08-27,2026-09-18
sz.002437,2026-08-26,2026-09-18
sz.301160,2026-08-28,2026-09-18
sh.688503,2026-08-14,2026-09-18
sh.601858,2026-08-05,2026-09-18
sh.603211,2026-08-06,2026-09-18
sz.301257,2026-08-17,2026-09-18
sh.688635,2026-08-14,2026-09-18
sz.002943,2026-08-27,2026-09-18
sh.688353,2026-08-14,2026-09-18
sh.600103,2026-08-28,2026-09-18
sh.603737,2026-08-27,2026-09-18
sh.688520,2026-08-18,2026-09-18
sh.688017,2026-08-10,2026-09-18
sz.300937,2026-08-11,2026-09-18
sh.688652,2026-08-14,2026-09-18
sh.603823,2026-08-25,2026-09-18
sz.002240,2026-08-28,2026-09-18
sz.002674,2026-08-13,2026-09-18
sh.603337,2026-08-05,2026-09-18
sz.300615,2026-08-10,2026-09-18
sz.003032,2026-08-28,2026-09-18
sh.688137,2026-08-19,2026-09-18
sz.301357,2026-08-10,2026-09-18
sh.688717,2026-08-18,2026-09-18
sz.301276,2026-08-13,2026-09-18
sz.301526,2026-08-12,2026-09-18
sz.301377,2026-08-14,2026-09-18
sh.688548,2026-08-21,2026-09-18
sh.688775,2026-08-27,2026-09-18
sz.300561,2026-08-05,2026-09-18
sh.603823,2026-08-26,2026-09-18
sh.688041,2026-08-06,2026-09-18
sz.300785,2026-08-11,2026-09-18
sz.301575,2026-08-26,2026-09-18
sh.600227,2026-08-27,2026-09-18
sh.688173,2026-08-26,2026-09-18
sh.688690,2026-08-17,2026-09-18
sz.003040,2026-08-28,2026-09-18
sh.688662,2026-08-14,2026-09-18
sh.605376,2026-08-14,2026-09-18
sz.003013,2026-08-14,2026-09-18
sh.603958,2026-08-25,2026-09-18
sz.300120,2026-08-25,2026-09-18
sz.300345,2026-08-19,2026-09-18
sz.000007,2026-08-28,2026-09-18
sh.688102,2026-08-14,2026-09-18
sz.301228,2026-08-28,2026-09-18
sz.000534,2026-08-13,2026-09-18
sh.688155,2026-08-14,2026-09-18
sh.688795,2026-08-27,2026-09-18
sz.300120,2026-08-19,2026-09-18
sh.603156,2026-08-17,2026-09-18
sh.603021,2026-08-03,2026-09-16
sz.301047,2026-08-18,2026-09-18
sh.688409,2026-08-25,2026-09-18
sz.300772,2026-08-12,2026-09-18
sh.603106,2026-08-04,2026-09-17
sh.603137,2026-08-26,2026-09-18
sh.688352,2026-08-14,2026-09-18
sz.000571,2026-08-06,2026-09-18
sz.300214,2026-08-28,2026-09-18
sz.002487,2026-08-19,2026-09-18
sh.603992,2026-08-04,2026-09-17
sz.301005,2026-08-10,2026-09-18
sz.300170,2026-08-07,2026-09-18
sh.603272,2026-08-05,2026-09-18
sh.688584,2026-08-26,2026-09-18
sz.300390,2026-08-27,2026-09-18
sz.002173,2026-08-06,2026-09-18
sz.001256,2026-08-05,2026-09-18
sz.300766,2026-08-07,2026-09-18
sz.301459,2026-08-13,2026-09-18
sz.002721,2026-08-28,2026-09-18
sz.003013,2026-08-13,2026-09-18
sz.001256,2026-08-10,2026-09-18
sh.600397,2026-08-26,2026-09-18
sz.300438,2026-08-26,2026-09-18
sh.603823,2026-08-18,2026-09-18
sz.000973,2026-08-20,2026-09-18
sz.300779,2026-08-17,2026-09-18
sz.301257,2026-08-18,2026-09-18
sz.301371,2026-08-13,2026-09-18
sh.688069,2026-08-04,2026-09-17
sz.002896,2026-08-17,2026-09-18
sz.003043,2026-08-26,2026-09-18
sh.605068,2026-08-03,2026-09-16
sh.603758,2026-08-13,2026-09-18
sh.600353,2026-08-19,2026-09-18
sz.002912,2026-08-03,2026-09-16
sh.603876,2026-08-26,2026-09-18
sz.300603,2026-08-11,2026-09-18
sh.688180,2026-08-18,2026-09-18
sh.688146,2026-08-06,2026-09-18
sh.688802,2026-08-31,2026-09-18
sh.688265,2026-08-12,2026-09-18
sz.002747,2026-08-14,2026-09-18
sz.301257,2026-08-12,2026-09-18
sz.002412,2026-08-27,2026-09-18
sz.300996,2026-08-06,2026-09-18
sz.301047,2026-08-14,2026-09-18
sh.603758,2026-08-12,2026-09-18
sz.301295,2026-08-14,2026-09-18
sz.301682,2026-08-06,2026-09-18
sz.301371,2026-08-07,2026-09-18
sh.603226,2026-08-17,2026-09-18
sh.688141,2026-08-07,2026-09-18
sh.688548,2026-08-20,2026-09-18
sz.301211,2026-08-17,2026-09-18
sh.603137,2026-08-07,2026-09-18
sh.688073,2026-08-18,2026-09-18
sz.002425,2026-08-04,2026-09-17
sz.002036,2026-08-03,2026-09-16
sz.002820,2026-08-14,2026-09-18
sz.300558,2026-08-06,2026-09-18
sz.002859,2026-08-10,2026-09-18
sh.688270,2026-08-14,2026-09-18
sh.603580,2026-08-28,2026-09-18
sz.300591,2026-08-27,2026-09-18
sz.301158,2026-08-31,2026-09-18
sz.300009,2026-08-18,2026-09-18
sz.301218,2026-08-31,2026-09-18
sz.002418,2026-08-31,2026-09-18
sh.688133,2026-08-26,2026-09-18
sh.600664,2026-08-31,2026-09-18
sz.301662,2026-08-24,2026-09-18
sz.002366,2026-08-03,2026-09-16
sh.688627,2026-08-14,2026-09-18
sz.300937,2026-08-12,2026-09-18
sz.300390,2026-08-26,2026-09-18
sh.600396,2026-08-11,2026-09-18
sh.688356,2026-08-20,2026-09-18
sh.688147,2026-08-27,2026-09-18
sh.600784,2026-08-28,2026-09-18
sz.000973,2026-08-19,2026-09-18
sz.002345,2026-08-06,2026-09-18
sz.300378,2026-08-06,2026-09-18
sz.301358,2026-08-26,2026-09-18
sh.688318,2026-08-27,2026-09-18
sh.688173,2026-08-25,2026-09-18
sh.603137,2026-08-10,2026-09-18
sz.301413,2026-08-14,2026-09-18
sz.003032,2026-08-06,2026-09-18
sz.301583,2026-08-13,2026-09-18
sh.688615,2026-08-05,2026-09-18
sh.688155,2026-08-19,2026-09-18
sz.000534,2026-08-14,2026-09-18
sh.688316,2026-08-03,2026-09-16
sh.600613,2026-08-26,2026-09-18
sz.300333,2026-08-25,2026-09-18
sz.002649,2026-08-04,2026-09-17
sz.300314,2026-08-14,2026-09-18
sh.688717,2026-08-14,2026-09-18
sh.600744,2026-08-06,2026-09-18
sh.603337,2026-08-04,2026-09-17
sh.688321,2026-08-14,2026-09-18
sh.688121,2026-08-11,2026-09-18
sz.002731,2026-08-03,2026-08-31
sz.301662,2026-08-27,2026-09-18
sh.603211,2026-08-14,2026-09-18
sz.300357,2026-08-28,2026-09-18
sh.603580,2026-08-27,2026-09-18
sz.301583,2026-08-07,2026-09-18
sh.603823,2026-08-17,2026-09-18
sz.300274,2026-08-19,2026-09-18
sh.600721,2026-08-26,2026-09-18
sz.002896,2026-08-12,2026-09-18
sz.300558,2026-08-11,2026-09-18
sz.300772,2026-08-25,2026-09-18
sz.002329,2026-08-11,2026-09-18
sh.688158,2026-08-10,2026-09-18
sh.600580,2026-08-14,2026-09-18
sh.600580,2026-08-13,2026-09-18
sz.301520,2026-08-26,2026-09-18
sz.301051,2026-08-12,2026-09-18
sz.002674,2026-08-20,2026-09-18
sh.603137,2026-08-06,2026-09-18
sz.301005,2026-08-17,2026-09-18
sh.688729,2026-08-06,2026-09-18
sz.301080,2026-08-13,2026-09-18
sz.301333,2026-08-12,2026-09-18
sz.300134,2026-08-04,2026-09-17
sz.300485,2026-08-18,2026-09-18
sh.600644,2026-08-06,2026-09-18
sz.300990,2026-08-27,2026-09-18
sz.300368,2026-08-06,2026-09-18
sh.688172,2026-08-25,2026-09-18
sh.688539,2026-08-14,2026-09-18
sz.000676,2026-08-03,2026-09-16
sh.688177,2026-08-13,2026-09-18
sh.603232,2026-08-10,2026-09-18
sz.301053,2026-08-21,2026-09-18
sz.300119,2026-08-10,2026-09-18
sh.688121,2026-08-04,2026-09-17
sh.688155,2026-08-13,2026-09-18
sh.688121,2026-08-31,2026-09-18
sz.002028,2026-08-19,2026-09-18
sh.603339,2026-08-31,2026-09-18
sz.300624,2026-08-06,2026-09-18
sz.300561,2026-08-06,2026-09-18
sz.301117,2026-08-18,2026-09-18
sh.688253,2026-08-07,2026-09-18
sh.688717,2026-08-19,2026-09-18
sh.688783,2026-08-14,2026-09-18
sz.002769,2026-08-31,2026-09-18
sh.688759,2026-08-27,2026-09-18
sz.002219,2026-08-13,2026-09-18
sz.301117,2026-08-12,2026-09-18
sz.002412,2026-08-31,2026-09-18
sz.002028,2026-08-18,2026-09-18
sz.000802,2026-08-07,2026-09-18
sz.000802,2026-08-11,2026-09-18
sz.300404,2026-08-18,2026-09-18
sz.300795,2026-08-11,2026-09-18
sh.605068,2026-08-05,2026-09-18
sz.301575,2026-08-25,2026-09-18
sh.603211,2026-08-17,2026-09-18
sz.300718,2026-08-13,2026-09-18
sh.600984,2026-08-25,2026-09-18
sz.301382,2026-08-14,2026-09-18
sz.000931,2026-08-24,2026-09-18
sh.688658,2026-08-18,2026-09-18
sz.300725,2026-08-12,2026-09-18
sh.688179,2026-08-13,2026-09-18
sh.603737,2026-08-28,2026-09-18
sz.000582,2026-08-10,2026-09-18
sh.688185,2026-08-26,2026-09-18
sh.603737,2026-08-26,2026-09-18
sh.688372,2026-08-27,2026-09-18
sh.600272,2026-08-27,2026-09-18
sh.601700,2026-08-25,2026-09-18
sh.688293,2026-08-14,2026-09-18
sz.301520,2026-08-18,2026-09-18
sh.600272,2026-08-26,2026-09-18
sh.688693,2026-08-05,2026-09-18
sz.301382,2026-08-12,2026-09-18
sz.002437,2026-08-31,2026-09-18
sh.688648,2026-08-28,2026-09-18
sh.603156,2026-08-12,2026-09-18
sz.301005,2026-08-12,2026-09-18
sh.603113,2026-08-28,2026-09-18
sh.688026,2026-08-11,2026-09-18
sh.688409,2026-08-14,2026-09-18
sz.000779,2026-08-05,2026-09-18
sh.603272,2026-08-03,2026-09-16
sz.301117,2026-08-14,2026-09-18
sz.301291,2026-08-14,2026-09-18
sh.688795,2026-08-31,2026-09-18
sh.600721,2026-08-31,2026-09-18
sh.688093,2026-08-10,2026-09-18
sz.002731,2026-08-05,2026-08-31
sh.688322,2026-08-10,2026-09-18
sz.300970,2026-08-31,2026-09-18
sh.605336,2026-08-06,2026-09-18
sz.300996,2026-08-05,2026-09-18
sz.300314,2026-08-18,2026-09-18
sz.301520,2026-08-17,2026-09-18
sz.000639,2026-08-19,2026-09-18
sz.000019,2026-08-28,2026-09-18
sz.002731,2026-08-07,2026-08-31
sh.603567,2026-08-07,2026-09-18
sz.000571,2026-08-07,2026-09-18
sh.603095,2026-08-26,2026-09-18
sh.688503,2026-08-25,2026-09-18
sz.002202,2026-08-17,2026-09-18
sh.688660,2026-08-06,2026-09-18
sh.603207,2026-08-31,2026-09-18
sz.300927,2026-08-31,2026-09-18
sh.688356,2026-08-27,2026-09-18
sh.603226,2026-08-10,2026-09-18
sh.688158,2026-08-07,2026-09-18
sz.300567,2026-08-14,2026-09-18
sz.300364,2026-08-28,2026-09-18
sz.301082,2026-08-03,2026-09-16
sz.002028,2026-08-20,2026-09-18
sh.688500,2026-08-27,2026-09-18
sz.002742,2026-08-25,2026-09-18
sz.300246,2026-08-13,2026-09-18
sh.688615,2026-08-07,2026-09-18
sz.300640,2026-08-31,2026-09-18
sh.600376,2026-08-11,2026-09-18
sh.688270,2026-08-06,2026-09-18
sz.002165,2026-08-28,2026-09-18
sz.003043,2026-08-21,2026-09-18
sz.300368,2026-08-28,2026-09-18
sz.001331,2026-08-07,2026-09-18
sz.002047,2026-08-11,2026-09-18
sz.300682,2026-08-05,2026-09-18
sh.600129,2026-08-18,2026-09-18
sz.002971,2026-08-27,2026-09-18
sh.600936,2026-08-06,2026-09-18
sz.300058,2026-08-06,2026-09-18
sz.301531,2026-08-25,2026-09-18
sh.603065,2026-08-24,2026-09-18
sz.300709,2026-08-28,2026-09-18
sh.600693,2026-09-01,2026-09-18
sh.603737,2026-09-02,2026-09-18
sz.300419,2026-09-01,2026-09-18
sz.300328,2026-09-02,2026-09-18
sz.002059,2026-09-01,2026-09-18
sh.605319,2026-09-01,2026-09-18
sz.003040,2026-09-02,2026-09-18
sz.301133,2026-09-01,2026-09-18
sz.300889,2026-09-01,2026-09-18
sz.002104,2026-09-02,2026-09-18
sz.000582,2026-09-02,2026-09-18
sh.600828,2026-09-01,2026-09-18
sz.301133,2026-09-02,2026-09-18
sh.605068,2026-09-01,2026-09-18
sz.003032,2026-09-01,2026-09-18
sz.002855,2026-09-02,2026-09-18
sz.002536,2026-09-01,2026-09-18
sz.000712,2026-09-02,2026-09-18
sh.600657,2026-09-01,2026-09-18
sh.605398,2026-09-02,2026-09-18
sz.002084,2026-09-02,2026-09-18
sh.603402,2026-09-01,2026-09-18
sz.300830,2026-09-01,2026-09-18
sz.300420,2026-09-01,2026-09-18
sz.300927,2026-09-01,2026-09-18
sh.600714,2026-09-02,2026-09-18
sz.002418,2026-09-01,2026-09-18
sz.000838,2026-09-02,2026-09-18
sz.002072,2026-09-02,2026-09-18
sh.603950,2026-09-01,2026-09-18
sz.002716,2026-09-01,2026-09-18
sz.002163,2026-09-02,2026-09-18
sh.600892,2026-09-02,2026-09-18
sz.300227,2026-09-01,2026-09-18
sh.688795,2026-09-01,2026-09-18
sz.002328,2026-09-01,2026-09-18
sh.600076,2026-09-01,2026-09-18
sz.300859,2026-09-01,2026-09-18
sz.002909,2026-09-01,2026-09-18
sz.300709,2026-09-01,2026-09-18
sz.000892,2026-09-02,2026-09-18
sz.002059,2026-09-02,2026-09-18
sz.002437,2026-09-01,2026-09-18
sz.300602,2026-09-01,2026-09-18
sz.000711,2026-09-01,2026-09-18
sh.688121,2026-09-02,2026-09-18
sz.300227,2026-09-02,2026-09-18
sz.002969,2026-09-01,2026-09-18
sz.000048,2026-09-01,2026-09-18
sh.603559,2026-09-01,2026-09-18
sz.002328,2026-09-02,2026-09-18
sz.300328,2026-09-01,2026-09-18
sz.002084,2026-09-01,2026-09-18
sh.603958,2026-09-02,2026-09-18
sz.002017,2026-09-02,2026-09-18
sz.002855,2026-09-01,2026-09-18
sz.003004,2026-09-02,2026-09-18
sh.605398,2026-09-01,2026-09-18
sz.001299,2026-09-02,2026-09-18
sz.003040,2026-09-01,2026-09-18
sz.000838,2026-09-01,2026-09-18
sh.600830,2026-09-01,2026-09-18
sh.600892,2026-09-01,2026-09-18
sh.600714,2026-09-01,2026-09-18
sz.000893,2026-09-02,2026-09-18
sz.002674,2026-09-02,2026-09-18
sh.688121,2026-09-01,2026-09-18
sh.688210,2026-09-01,2026-09-18
sh.688795,2026-09-02,2026-09-18
sh.603330,2026-09-01,2026-09-18
sz.000977,2026-09-01,2026-09-18
sh.603778,2026-09-02,2026-09-18
sz.000796,2026-09-02,2026-09-18
sh.688790,2026-09-01,2026-09-18
sz.003005,2026-09-01,2026-09-18
sh.600610,2026-09-01,2026-09-18
sh.688802,2026-09-01,2026-09-18
sh.603757,2026-09-01,2026-09-18
sz.002674,2026-09-01,2026-09-18
sh.603225,2026-09-01,2026-09-18
sz.001299,2026-09-01,2026-09-18
sz.300419,2026-09-02,2026-09-18
sz.000048,2026-09-02,2026-09-18
sh.603016,2026-09-01,2026-09-18
sz.002072,2026-09-01,2026-09-18
sz.300663,2026-09-02,2026-09-18
sh.688433,2026-09-01,2026-09-18
sz.000582,2026-09-01,2026-09-18
sh.601700,2026-09-02,2026-09-18
sz.301216,2026-09-01,2026-09-18
sh.688798,2026-09-01,2026-09-18
sz.000017,2026-09-01,2026-09-18
sz.000779,2026-09-02,2026-09-18
sh.601212,2026-09-01,2026-09-18
sz.000893,2026-09-01,2026-09-18
sz.300103,2026-09-01,2026-09-18
sh.603778,2026-09-01,2026-09-18
sz.000017,2026-09-02,2026-09-18
sz.301216,2026-09-02,2026-09-18
sz.003004,2026-09-01,2026-09-18
sh.603976,2026-09-01,2026-09-18
sh.600785,2026-09-01,2026-09-18
sh.603976,2026-09-02,2026-09-18
sz.000712,2026-09-01,2026-09-18
sz.300382,2026-09-01,2026-09-18
sz.300830,2026-09-02,2026-09-18
sh.600936,2026-09-01,2026-09-18
sh.603958,2026-09-01,2026-09-18
sz.300961,2026-09-02,2026-09-18
sh.605188,2026-09-01,2026-09-18
sh.603737,2026-09-01,2026-09-18
sh.600936,2026-09-02,2026-09-18
sz.300468,2026-09-02,2026-09-18
sh.601700,2026-09-01,2026-09-18
sz.003005,2026-09-02,2026-09-18
sz.300795,2026-09-01,2026-09-18
sz.000711,2026-09-02,2026-09-18
sh.600657,2026-09-02,2026-09-18
sz.300854,2026-09-01,2026-09-18
sh.601566,2026-09-01,2026-09-18
sz.000779,2026-09-01,2026-09-18
sh.600479,2026-09-01,2026-09-18
sh.603378,2026-09-02,2026-09-18
sh.603370,2026-09-01,2026-09-18
sz.002104,2026-09-01,2026-09-18
sh.600076,2026-09-02,2026-09-18
