code,start_date,end_date
sh.601636,2022-02-24,2022-04-11
sh.688189,2022-04-06,2022-05-23
sz.000752,2022-04-19,2022-06-06
sz.301498,2023-08-18,2023-10-09
sz.300235,2023-06-14,2023-07-28
sh.600078,2024-01-15,2024-03-05
sz.002189,2024-01-22,2024-03-12
sh.603725,2024-01-29,2024-03-19
sz.002237,2022-03-02,2022-04-15
sz.002786,2024-04-01,2024-05-20
sz.000948,2022-03-01,2022-04-14
sz.002228,2024-01-25,2024-03-15
sz.002355,2024-08-01,2024-09-12
sz.300671,2023-04-07,2023-05-24
sh.600854,2024-01-22,2024-03-12
sh.600292,2022-03-01,2022-04-14
sh.688298,2022-09-09,2022-10-31
sz.002727,2024-05-28,2024-07-10
sh.600288,2024-04-01,2024-05-20
sh.688076,2022-04-18,2022-06-02
sh.600587,2022-03-29,2022-05-17
sh.688597,2022-01-06,2022-02-24
sz.002261,2023-04-20,2023-06-06
sz.002122,2021-09-27,2021-11-15
sh.603283,2024-08-01,2024-09-12
sh.603528,2024-03-28,2024-05-16
sh.603978,2021-05-12,2021-06-24
sh.605398,2022-04-15,2022-06-01
sz.300235,2022-01-24,2022-03-14
sz.002481,2022-09-19,2022-11-07
sz.300540,2024-05-23,2024-07-05
sh.688007,2022-08-22,2022-10-11
sh.603038,2022-01-19,2022-03-09
sh.605080,2021-05-14,2021-06-28
sz.002975,2024-11-15,2024-12-27
sz.003025,2023-04-10,2023-05-25
sh.688136,2022-09-09,2022-10-31
sz.000881,2024-01-23,2024-03-13
sh.688506,2023-03-21,2023-05-08
sz.300660,2022-02-28,2022-04-13
sz.301205,2024-05-22,2024-07-04
sz.002876,2024-01-04,2024-02-23
sh.603023,2023-07-27,2023-09-07
sh.688131,2022-01-11,2022-03-15
sz.300562,2024-03-29,2024-05-17
sh.600503,2024-01-29,2024-03-19
sz.002952,2024-01-16,2024-03-06
sh.603616,2022-04-15,2022-06-01
sz.300960,2022-04-14,2022-05-31
sz.301229,2022-03-07,2022-04-20
sz.300481,2022-10-14,2022-11-25
sz.002347,2024-04-09,2024-05-24
sh.688076,2022-01-20,2022-03-10
sz.001287,2023-09-06,2023-10-26
sz.300225,2021-07-06,2021-08-17
sz.000533,2024-01-24,2024-03-14
sz.001209,2022-09-21,2022-11-09
sh.688578,2022-01-14,2022-03-04
sh.601020,2024-01-25,2024-03-15
sz.301121,2024-01-26,2024-03-18
sz.301046,2021-08-31,2021-10-21
sh.600116,2021-09-22,2021-11-10
sz.000718,2021-07-20,2021-08-31
sz.002868,2024-01-17,2024-03-07
sz.002205,2022-04-08,2022-05-25
sz.301009,2024-01-17,2024-03-07
sh.603429,2022-03-02,2022-04-15
sh.600734,2024-01-26,2024-03-18
sz.002104,2022-02-16,2022-03-30
sh.688668,2024-03-21,2024-05-09
sz.300144,2021-07-19,2021-08-30
sh.603218,2021-04-27,2021-06-11
sz.300826,2022-01-13,2022-03-03
sz.300334,2022-04-13,2022-05-30
sh.688011,2024-01-23,2024-03-13
sh.688193,2024-01-16,2024-03-06
sh.600620,2024-03-20,2024-05-08
sh.688121,2024-04-08,2024-05-23
sh.688506,2023-05-22,2023-07-05
sz.002902,2022-08-16,2022-09-28
sz.301033,2022-04-13,2022-05-30
sh.600076,2024-06-03,2024-07-16
sz.301393,2023-08-14,2023-09-25
sz.002177,2022-01-17,2022-03-07
sz.000681,2022-04-06,2022-05-23
sh.603486,2021-07-14,2021-08-25
sz.002748,2021-09-13,2021-11-03
sh.688399,2022-01-11,2022-03-01
sh.600845,2021-02-09,2021-03-30
sh.603261,2024-01-17,2024-03-07
sz.300343,2022-04-11,2022-05-26
sz.002574,2024-01-19,2024-03-11
sz.000006,2024-11-13,2024-12-25
sh.600497,2021-09-13,2021-11-03
sz.300290,2024-11-07,2024-12-19
sh.688478,2023-04-28,2023-06-14
sz.300949,2021-12-30,2022-02-18
sh.603755,2021-08-16,2021-09-29
sz.300696,2024-06-27,2024-08-08
sz.300872,2022-04-14,2022-05-31
sh.600339,2022-03-01,2022-04-14
sh.688333,2021-03-02,2021-04-14
sh.688268,2022-09-28,2022-11-16
sh.688323,2022-03-31,2022-05-19
sh.603717,2024-01-25,2024-03-15
sh.603929,2021-03-05,2021-04-19
sz.300177,2024-06-21,2024-08-02
sh.600774,2024-01-16,2024-03-06
sz.002388,2024-01-18,2024-03-08
sh.600770,2023-04-13,2023-05-30
sz.000972,2024-04-09,2024-05-24
sh.688061,2023-04-21,2023-06-07
sh.603739,2024-05-22,2024-07-04
sz.300088,2022-03-24,2022-05-12
sh.603004,2024-01-19,2024-03-11
sz.300042,2024-03-14,2024-04-29
sh.600158,2022-04-13,2022-05-30
sh.688136,2024-01-09,2024-02-28
sh.605255,2024-01-23,2024-03-13
sh.688737,2024-03-29,2024-05-17
sh.603259,2023-04-13,2023-05-30
sz.001296,2022-01-12,2022-03-02
sh.688313,2022-08-22,2022-10-11
sz.301391,2024-06-20,2024-08-01
sh.603032,2022-03-03,2022-04-18
sz.000632,2022-04-07,2022-05-24
sz.300837,2024-01-16,2024-03-06
sh.688276,2021-07-15,2021-08-26
sz.300307,2022-04-12,2022-05-27
sh.688141,2024-01-19,2024-03-11
sz.300132,2021-07-13,2021-08-24
sz.002595,2022-02-23,2022-04-08
sh.603375,2024-06-21,2024-08-02
sz.300248,2023-04-06,2023-05-23
sh.600129,2022-04-08,2022-05-25
sh.603321,2022-04-20,2022-06-07
sz.300755,2022-03-02,2022-04-15
sz.300821,2023-04-11,2023-05-26
sz.301459,2024-04-01,2024-05-20
sh.603639,2024-01-19,2024-03-11
sz.003018,2022-04-12,2022-05-27
sz.000595,2024-10-30,2024-12-11
sz.300020,2024-01-18,2024-03-08
sz.002901,2021-01-28,2021-03-18
sz.003026,2022-04-19,2022-06-06
sz.300491,2022-08-18,2022-09-30
sz.300365,2022-12-01,2023-01-13
sz.000027,2021-09-28,2021-11-16
sh.603392,2022-05-20,2022-07-04
sz.300809,2023-09-28,2023-11-17
sz.002734,2022-03-01,2022-04-14
sz.301221,2024-04-01,2024-05-20
sh.603609,2022-04-20,2022-06-07
sz.300905,2022-04-13,2022-06-14
sh.600827,2021-01-21,2021-03-11
sz.002134,2024-01-26,2024-03-18
sh.600463,2024-01-24,2024-03-14
sz.001260,2024-03-29,2024-05-17
sz.300180,2024-01-25,2024-03-15
sz.300373,2023-04-13,2023-05-30
sz.300671,2023-04-17,2023-06-01
sz.300443,2022-11-04,2022-12-16
sz.002775,2024-01-17,2024-03-07
sz.300290,2024-04-08,2024-05-23
sz.301040,2021-08-17,2021-09-30
sz.002466,2021-01-27,2021-03-17
sh.603297,2021-09-16,2021-11-08
sh.601528,2022-04-12,2022-05-27
sh.603636,2024-01-22,2024-03-12
sh.603345,2021-02-10,2021-03-31
sz.300964,2022-08-18,2022-09-30
sh.688670,2022-04-13,2022-05-30
sz.300839,2024-01-24,2024-03-14
sz.002510,2023-12-19,2024-01-31
sz.001373,2024-04-10,2024-05-27
sh.603767,2023-09-27,2023-11-16
sh.688355,2023-02-06,2023-03-20
sh.688176,2024-04-03,2024-05-22
sz.002773,2021-04-06,2021-05-21
sz.002380,2024-01-24,2024-03-14
sz.002465,2024-01-17,2024-03-07
sh.600547,2022-04-13,2022-05-30
sh.603879,2024-01-19,2024-03-11
sh.600860,2022-01-06,2022-02-24
sz.300268,2024-05-20,2024-07-02
sz.301015,2022-01-12,2022-03-02
sz.300187,2024-06-07,2024-07-22
sz.002589,2022-04-01,2022-05-20
sz.001306,2024-04-01,2024-05-20
sz.000875,2021-10-11,2021-11-22
sz.300044,2023-03-27,2023-05-12
sz.301255,2023-09-05,2023-10-25
sh.605005,2023-11-29,2024-01-11
sz.000825,2021-09-29,2021-11-17
sz.300519,2024-01-18,2024-03-08
sh.600367,2022-08-22,2022-10-11
sz.301026,2022-04-20,2022-06-07
sz.300011,2022-03-01,2022-04-14
sz.300982,2022-08-17,2022-09-29
sh.600491,2023-12-13,2024-01-25
sz.003005,2024-01-17,2024-03-07
sh.603557,2021-07-08,2021-08-19
sz.002803,2022-09-19,2022-11-07
sh.600234,2024-01-22,2024-03-12
sh.688669,2022-04-11,2022-05-26
sz.001218,2022-04-12,2022-05-27
sh.688608,2022-09-20,2022-11-08
sz.301321,2024-11-05,2024-12-17
sh.688767,2023-04-24,2023-06-08
sh.603392,2024-01-16,2024-03-06
sz.002346,2021-09-14,2021-11-04
sz.300969,2023-03-03,2023-04-17
sh.603083,2022-04-11,2022-05-26
sz.300992,2024-01-26,2024-03-18
sh.600160,2024-08-22,2024-10-14
sz.300143,2021-07-21,2021-09-01
sz.301139,2024-03-21,2024-05-09
sz.002528,2023-01-30,2023-03-13
sh.688629,2024-05-23,2024-07-05
sh.688182,2024-01-19,2024-03-11
sh.600305,2022-03-01,2022-04-14
sh.605258,2024-01-18,2024-03-08
sz.002045,2022-04-11,2022-05-26
sh.600067,2022-01-14,2022-03-04
sz.003012,2022-03-01,2022-04-14
sz.301368,2023-06-30,2023-08-11
sz.300264,2021-07-13,2021-08-24
sz.300752,2024-04-02,2024-05-21
sz.002320,2022-04-13,2022-05-30
sz.002068,2022-08-17,2022-09-29
sh.600078,2021-12-16,2022-01-28
sh.688298,2022-04-21,2022-06-08
sz.300843,2024-03-29,2024-05-17
sh.600807,2024-01-19,2024-03-11
sz.002591,2024-01-17,2024-03-07
sh.600513,2022-01-12,2022-03-02
sz.301033,2022-07-05,2022-08-16
sh.600582,2021-10-21,2021-12-02
sz.002374,2022-01-11,2022-03-01
sh.600219,2021-02-24,2021-04-08
sh.688788,2024-01-09,2024-02-28
sh.688017,2024-06-13,2024-07-25
sz.002425,2021-07-16,2021-08-27
sh.600588,2024-01-19,2024-03-11
sz.300052,2021-01-20,2021-03-10
sh.603219,2022-11-15,2022-12-27
sh.603836,2021-12-13,2022-01-25
sh.688226,2021-07-12,2021-08-23
sh.603330,2021-01-22,2021-03-12
sh.603999,2022-04-08,2022-05-25
sh.689009,2022-08-17,2022-09-29
sz.300572,2021-07-12,2021-08-23
sz.003043,2022-09-20,2022-11-08
sh.600458,2022-04-08,2022-05-25
sz.301089,2022-12-21,2023-02-09
sz.002569,2022-04-14,2022-05-31
sz.300100,2021-01-25,2021-03-15
sz.300964,2024-01-29,2024-03-19
sz.002950,2024-01-23,2024-03-13
sh.603232,2021-07-12,2021-08-23
sz.300080,2022-08-16,2022-09-28
sz.301068,2022-04-14,2022-05-31
sh.688262,2022-09-20,2022-11-08
sh.688656,2022-01-19,2022-03-09
sh.688502,2024-06-11,2024-07-23
sz.000679,2022-04-18,2022-06-02
sz.002030,2022-01-17,2022-03-07
sz.301208,2023-08-23,2023-10-12
sz.300534,2022-03-29,2022-05-17
sz.301062,2024-01-23,2024-03-13
sh.603108,2023-03-28,2023-05-15
sz.301056,2022-03-30,2022-05-18
sz.002354,2022-01-11,2022-03-01
sz.300250,2024-04-01,2024-05-20
sz.300058,2023-12-11,2024-01-23
sh.603701,2023-02-09,2023-03-23
sh.603511,2021-06-04,2021-07-19
sz.300846,2023-05-09,2023-06-20
sh.600714,2024-05-21,2024-07-03
sh.603992,2024-01-22,2024-03-12
sz.300604,2023-04-12,2023-05-29
sh.688028,2022-01-11,2022-03-01
sz.300543,2022-03-01,2022-04-14
sz.002565,2024-01-26,2024-03-18
sh.603353,2023-12-01,2024-01-15
sh.600082,2024-05-22,2024-07-04
sz.300261,2022-05-20,2022-07-04
sz.000969,2021-01-22,2021-03-12
sz.002899,2022-04-21,2022-06-08
sh.601702,2022-10-17,2022-11-28
sh.688010,2022-08-22,2022-10-11
sz.003040,2022-04-20,2022-06-07
sz.300170,2024-04-01,2024-05-20
sh.600116,2021-09-24,2021-11-12
sh.600980,2021-01-26,2021-03-16
sz.002691,2024-04-12,2024-05-29
sh.600280,2022-01-17,2022-03-07
sh.603000,2022-03-04,2022-04-19
sz.002893,2024-01-29,2024-03-19
sz.300130,2021-01-22,2021-03-12
sh.688127,2021-09-07,2021-10-28
sz.300619,2022-08-17,2022-09-29
sh.688127,2021-03-05,2021-04-19
sz.002235,2022-01-24,2022-03-14
sz.002094,2024-10-31,2024-12-12
sz.300093,2022-06-28,2022-08-09
sz.300992,2024-01-16,2024-03-06
sh.600600,2022-10-14,2022-11-25
sh.688535,2023-04-24,2023-06-08
sh.603630,2024-01-16,2024-03-06
sh.600883,2024-01-17,2024-03-07
sh.688339,2022-12-09,2023-01-30
sh.603665,2024-01-03,2024-02-22
sz.300585,2022-04-11,2022-05-26
sz.002441,2024-01-24,2024-03-14
sz.002184,2022-03-02,2022-04-15
sh.600132,2021-07-13,2021-08-24
sz.300756,2021-09-14,2021-11-04
sz.300895,2022-04-11,2022-05-26
sh.603305,2024-03-20,2024-05-08
sz.301126,2023-08-17,2023-09-28
sz.301107,2024-01-09,2024-02-28
sz.002932,2023-04-24,2023-06-08
sh.688670,2022-11-17,2022-12-29
sh.688233,2021-08-19,2021-10-11
sz.003023,2022-10-12,2022-11-23
sh.688169,2021-08-20,2021-10-12
sz.300551,2022-04-15,2022-06-01
sh.600165,2021-09-23,2021-11-11
sh.603232,2022-04-14,2022-05-31
sz.300549,2023-07-20,2023-08-31
sh.603227,2021-04-09,2021-05-26
sz.300376,2021-08-30,2021-10-20
sz.002116,2022-04-14,2022-05-31
sz.001206,2024-01-19,2024-03-11
sh.601162,2024-06-04,2024-07-17
sz.002456,2022-01-18,2022-03-08
sz.300677,2022-04-27,2022-06-14
sz.002076,2024-01-22,2024-03-12
sz.301021,2022-09-20,2022-11-08
sh.603828,2024-01-17,2024-03-07
sz.002846,2022-04-15,2022-06-01
sh.603261,2024-01-12,2024-03-04
sz.300096,2021-06-07,2021-07-20
sz.000555,2022-04-11,2022-05-26
sh.603617,2023-09-21,2023-11-10
sz.300115,2024-01-18,2024-03-08
sh.603339,2024-01-17,2024-03-07
sz.001238,2022-10-18,2022-11-29
sz.300870,2024-01-24,2024-03-14
sh.603090,2023-03-03,2023-04-17
sz.002282,2024-01-19,2024-03-11
sz.002615,2024-01-26,2024-03-18
sz.000538,2021-02-23,2021-04-07
sz.300858,2021-09-03,2021-10-26
sz.301306,2024-06-19,2024-07-31
sz.300363,2021-10-22,2021-12-03
sh.603444,2023-06-21,2023-08-04
sz.301100,2021-12-23,2022-02-11
sz.300712,2024-11-13,2024-12-25
sz.300911,2024-01-16,2024-03-06
sz.300585,2023-02-16,2023-03-30
sz.300820,2021-09-02,2021-10-25
sh.688112,2022-08-30,2022-10-19
sz.002036,2024-01-23,2024-03-13
sz.000959,2021-10-08,2021-11-19
sz.002495,2024-05-31,2024-07-15
sz.002254,2022-04-12,2022-05-27
sz.300533,2021-07-13,2021-08-24
sz.301388,2024-04-16,2024-05-31
sz.002943,2022-09-08,2022-10-28
sh.600664,2022-01-13,2022-03-03
sz.300548,2024-03-26,2024-05-14
sh.603688,2024-06-11,2024-07-23
sh.688315,2021-08-24,2021-10-14
sh.600055,2021-08-20,2021-10-12
sz.300853,2022-01-13,2022-03-03
sz.002487,2022-03-28,2022-05-16
sh.600439,2024-04-01,2024-05-20
sz.300438,2022-10-14,2022-11-25
sz.002694,2022-01-12,2022-03-02
sz.300866,2023-04-12,2023-05-29
sz.300841,2021-03-03,2021-04-15
sz.000045,2024-01-26,2024-03-18
sh.600862,2022-01-17,2022-03-07
sh.688161,2022-10-26,2022-12-07
sh.600303,2022-12-05,2023-01-17
sz.300571,2023-04-14,2023-05-31
sz.300578,2022-01-19,2022-03-09
sh.603683,2021-04-13,2021-05-28
sz.002281,2022-04-12,2022-05-27
sz.300465,2023-05-05,2023-06-16
sz.002777,2024-04-02,2024-05-21
sz.002570,2024-05-22,2024-07-04
sz.300806,2024-11-08,2024-12-20
sh.605001,2022-04-14,2022-05-31
sh.688070,2024-06-13,2024-07-25
sh.603297,2024-11-11,2024-12-23
sz.000400,2022-03-30,2022-05-18
sz.002481,2022-01-14,2022-03-04
sz.300957,2021-07-19,2021-08-30
sh.688236,2024-01-23,2024-03-13
sh.601606,2021-01-25,2021-03-15
sh.603025,2021-09-27,2021-11-15
sz.000537,2021-12-21,2022-02-09
sz.301125,2024-01-22,2024-03-12
sh.600893,2021-01-21,2021-03-11
sh.605118,2024-01-29,2024-03-19
sh.603596,2021-02-24,2021-04-08
sz.301026,2022-03-02,2022-04-15
sz.002892,2024-07-01,2024-08-12
sz.002187,2024-01-23,2024-03-13
sz.300402,2022-03-30,2022-05-18
sh.603998,2022-05-16,2022-06-28
sh.600249,2024-01-23,2024-03-13
sz.300337,2022-01-24,2022-03-14
sz.301519,2024-01-29,2024-03-19
sz.300460,2022-04-20,2022-06-07
sz.300427,2023-04-19,2023-06-06
sz.300470,2021-03-31,2021-05-18
sz.000683,2021-10-21,2021-12-02
sh.600499,2022-03-30,2022-05-18
sh.600716,2022-09-19,2022-11-07
sz.002278,2021-01-21,2021-03-11
sz.300803,2024-11-11,2024-12-23
sh.605288,2022-02-23,2022-04-08
sz.003021,2024-01-10,2024-02-29
sz.003039,2021-04-15,2021-06-01
sh.688150,2024-01-24,2024-03-14
sz.300319,2021-01-22,2021-03-12
sz.002666,2024-01-24,2024-03-14
sz.300077,2021-07-29,2021-09-09
sh.688321,2024-11-12,2024-12-24
sz.002670,2021-01-20,2021-03-10
sh.603680,2024-01-22,2024-03-12
sz.300487,2021-01-22,2021-03-12
sh.603078,2021-09-15,2021-11-05
sz.300207,2022-02-24,2022-04-11
sz.301141,2024-04-09,2024-05-24
sh.600785,2024-04-29,2024-06-14
sz.002180,2024-11-12,2024-12-24
sz.000778,2022-04-07,2022-05-24
sz.002829,2024-01-22,2024-03-12
sz.002442,2024-01-16,2024-03-06
sh.603061,2024-01-18,2024-03-08
sh.605589,2021-09-08,2021-10-29
sz.002198,2022-04-14,2022-05-31
sz.300153,2021-08-18,2021-10-08
sh.605111,2024-01-26,2024-03-18
sh.603893,2022-04-19,2022-06-06
sh.605168,2022-10-14,2022-11-25
sh.688026,2021-03-12,2021-04-26
sh.603326,2024-01-19,2024-03-11
sz.002864,2024-01-17,2024-03-07
sh.688660,2024-04-03,2024-05-22
sh.600989,2022-04-11,2022-05-26
sz.300177,2024-04-01,2024-05-20
sh.603238,2021-04-22,2021-06-08
sz.001217,2022-08-19,2022-10-10
sh.603108,2023-12-08,2024-01-22
sz.000823,2023-04-12,2023-05-29
sh.605006,2024-01-24,2024-03-14
sh.600230,2021-03-15,2021-04-27
sz.002390,2022-07-01,2022-08-12
sh.688626,2022-01-07,2022-02-25
sh.600082,2024-03-29,2024-05-17
sz.000520,2024-06-04,2024-07-17
sz.002184,2022-08-23,2022-10-12
sh.603261,2022-08-22,2022-10-11
sz.301228,2023-09-04,2023-10-24
sz.300201,2024-03-29,2024-05-17
sz.300759,2021-12-07,2022-01-19
sh.605108,2024-09-30,2024-11-18
sh.688517,2022-03-23,2022-05-11
sh.603118,2021-01-21,2021-03-11
sh.688569,2023-07-28,2023-09-08
sz.300281,2024-04-02,2024-05-21
sh.603231,2024-01-16,2024-03-06
sz.300884,2024-04-02,2024-05-21
sz.002248,2023-09-28,2023-11-17
sh.688055,2022-04-13,2022-05-30
sh.600228,2023-06-19,2023-08-02
sh.600503,2023-05-18,2023-07-03
sz.300942,2022-12-13,2023-02-01
sh.600540,2021-10-12,2021-11-23
sh.688662,2023-06-28,2023-08-09
sz.300383,2022-04-20,2022-06-07
sh.688369,2024-04-03,2024-05-22
sz.300263,2021-09-23,2021-11-11
sz.300825,2024-04-03,2024-05-22
sh.603505,2022-03-02,2022-04-15
sz.300167,2024-04-12,2024-05-30
sz.300949,2022-04-13,2022-05-30
sh.603214,2022-10-18,2022-11-29
sh.600229,2023-12-12,2024-01-24
sh.688256,2021-07-09,2021-08-20
sz.002912,2022-01-13,2022-03-03
sh.600231,2024-05-31,2024-07-15
sh.600243,2021-09-14,2021-11-04
sh.688233,2021-01-26,2021-03-16
sh.600362,2021-06-01,2021-07-14
sz.002683,2024-01-19,2024-03-11
sh.605338,2023-04-10,2023-05-25
sh.600848,2021-07-16,2021-08-27
sz.300476,2021-01-18,2021-03-08
sz.300957,2023-10-11,2023-11-22
sh.688579,2023-06-28,2023-08-09
sz.000902,2022-04-08,2022-05-25
sz.300846,2023-12-12,2024-01-24
sz.002529,2022-03-17,2022-05-05
sh.688312,2022-04-19,2022-06-06
sz.300837,2022-03-01,2022-04-14
sz.300412,2022-04-11,2022-05-26
sh.605155,2024-01-22,2024-03-12
sh.688680,2023-02-27,2023-04-11
sz.301015,2022-04-08,2022-05-25
sz.002515,2024-01-25,2024-03-15
sz.300343,2022-02-23,2022-04-08
sh.600725,2024-07-23,2024-09-03
sh.600121,2021-03-17,2021-04-29
sz.300132,2022-04-11,2022-05-26
sh.601068,2022-03-03,2022-04-18
sz.300101,2024-01-24,2024-03-14
sz.000701,2024-01-03,2024-02-22
sz.002199,2024-04-08,2024-05-23
sz.300580,2022-01-17,2022-03-07
sz.002419,2021-04-12,2021-05-27
sh.600128,2023-12-11,2024-01-23
sz.003008,2024-01-26,2024-03-18
sh.603533,2024-03-21,2024-05-09
sh.600096,2021-12-16,2022-01-28
sz.000833,2022-01-11,2022-03-01
sh.600807,2024-04-02,2024-05-21
sz.000534,2024-03-29,2024-05-17
sz.300260,2022-12-09,2023-01-30
sz.002363,2022-04-18,2022-06-02
sz.300597,2022-04-06,2022-05-23
sz.300163,2024-05-16,2024-06-28
sz.300308,2021-02-26,2021-04-12
sz.000980,2022-12-20,2023-02-08
sh.688272,2021-12-10,2022-01-24
sz.300986,2024-05-22,2024-07-04
sz.000882,2024-06-07,2024-07-22
sz.002863,2024-01-19,2024-03-11
sh.603583,2022-02-25,2022-04-12
sh.600857,2021-06-29,2021-08-10
sz.001217,2022-09-08,2022-10-28
sh.688133,2024-01-23,2024-03-13
sz.002571,2021-04-21,2021-06-07
sh.603063,2022-03-24,2022-05-12
sz.300831,2021-04-28,2021-06-15
sz.300575,2021-09-14,2021-11-04
sz.300155,2024-01-26,2024-03-18
sz.300074,2022-04-12,2022-05-27
sh.603398,2022-08-18,2022-09-30
sz.000793,2024-05-24,2024-07-08
sz.002564,2022-08-19,2022-10-10
sz.300511,2024-06-11,2024-07-23
sh.688055,2022-04-18,2022-06-02
sh.600594,2024-05-23,2024-07-05
sh.688276,2022-04-06,2022-05-23
sz.002852,2022-04-26,2022-06-13
sh.601858,2023-08-29,2023-10-18
sz.000603,2023-04-26,2023-06-12
sz.301126,2024-01-25,2024-03-15
sz.300357,2021-02-22,2021-04-06
sh.603888,2023-05-11,2023-06-26
sh.600843,2024-01-23,2024-03-13
sz.301152,2022-09-16,2022-11-04
sz.301225,2023-08-14,2023-09-25
sh.688408,2021-12-16,2022-01-28
sh.600661,2021-07-13,2021-08-24
sh.603528,2024-04-03,2024-05-22
sz.301338,2024-01-29,2024-03-19
sz.003000,2021-04-21,2021-06-07
sh.603696,2022-09-01,2022-10-21
sz.301292,2024-09-05,2024-10-28
sz.300985,2022-04-08,2022-05-25
sh.688226,2023-02-24,2023-04-10
sh.601456,2022-03-31,2022-05-19
sz.002992,2024-01-23,2024-03-13
sh.688131,2022-09-05,2022-10-25
sh.603529,2022-08-22,2022-10-11
sz.002219,2021-07-21,2021-09-01
sz.002339,2022-08-23,2022-10-12
sz.002905,2022-09-15,2022-11-03
sh.688068,2021-04-28,2021-06-16
sz.300848,2024-01-24,2024-03-14
sz.002275,2021-01-22,2021-03-12
sz.002566,2024-01-17,2024-03-07
sh.603507,2022-12-07,2023-01-19
sz.300164,2024-01-24,2024-03-14
sh.603098,2024-04-03,2024-05-22
sh.600661,2024-03-12,2024-04-25
sh.688031,2023-12-12,2024-01-24
sz.300919,2021-12-23,2022-02-11
sz.000633,2024-04-10,2024-05-27
sz.300306,2022-03-23,2022-05-11
sz.300465,2022-04-06,2022-05-23
sz.301151,2024-05-22,2024-07-04
sz.002838,2021-01-22,2021-03-12
sz.002292,2022-04-19,2022-06-06
sh.603061,2023-04-21,2023-06-07
sz.301448,2024-01-29,2024-03-19
sz.301365,2024-01-18,2024-03-08
sh.600734,2024-06-18,2024-07-30
sz.300233,2022-01-14,2022-03-04
sh.688365,2021-03-01,2021-04-13
sh.688503,2024-11-08,2024-12-20
sz.002558,2022-01-13,2022-03-03
sz.002095,2022-12-27,2023-02-15
sh.603229,2022-07-15,2022-08-26
sh.688006,2022-04-06,2022-05-23
sz.002919,2022-04-14,2022-05-31
sh.688085,2021-07-21,2021-09-01
sz.300037,2021-07-12,2021-08-23
sz.001300,2024-01-18,2024-03-08
sz.300272,2021-01-18,2021-03-08
sz.300990,2022-02-28,2022-04-13
sz.002799,2024-01-26,2024-03-18
sh.688499,2023-04-27,2023-06-13
sz.300320,2022-03-30,2022-05-18
sz.301062,2024-01-26,2024-03-18
sh.600501,2022-04-13,2022-05-30
sh.688256,2023-04-20,2023-06-06
sh.603007,2022-09-20,2022-11-08
sh.603997,2022-01-17,2022-03-07
sz.300503,2022-03-01,2022-04-14
sz.002686,2022-01-13,2022-03-03
sh.688105,2022-12-14,2023-02-02
sh.600287,2024-01-26,2024-03-18
sz.300350,2021-07-16,2021-08-27
sz.002909,2024-01-26,2024-03-18
sh.601015,2021-03-10,2021-04-22
sz.300641,2024-01-24,2024-03-14
sh.688433,2024-01-22,2024-03-12
sz.002629,2022-03-02,2022-04-15
sh.603580,2023-04-26,2023-06-12
sz.300159,2024-05-21,2024-07-03
sh.600640,2022-01-18,2022-03-08
sz.002992,2023-07-12,2023-08-23
sz.002165,2022-04-13,2022-05-30
sh.688080,2022-04-12,2022-05-27
sz.300203,2022-04-14,2022-05-31
sh.601236,2022-04-19,2022-06-06
sz.000829,2021-07-14,2021-08-25
sz.001378,2024-04-11,2024-05-28
sh.688130,2023-04-11,2023-05-26
sh.600129,2023-10-09,2023-11-20
sz.002480,2024-05-23,2024-07-05
sh.600223,2021-06-01,2021-07-14
sh.601012,2023-08-09,2023-09-20
sh.688037,2021-12-08,2022-01-20
sh.688502,2023-12-22,2024-02-05
sh.605366,2024-04-09,2024-05-24
sz.300877,2024-01-26,2024-03-18
sh.688071,2022-01-18,2022-03-08
sz.300477,2021-09-24,2021-11-12
sz.300421,2022-01-10,2022-02-28
sz.002842,2021-09-17,2021-11-09
sh.600191,2022-05-30,2022-07-12
sh.605108,2022-04-19,2022-06-06
sz.301270,2023-06-19,2023-08-02
sz.002331,2021-07-09,2021-08-20
sz.002748,2021-09-16,2021-11-08
sz.300600,2021-08-18,2021-10-08
sz.300378,2024-03-29,2024-05-17
sz.300951,2024-01-04,2024-02-23
sz.002168,2021-01-20,2021-03-11
sh.600630,2024-01-18,2024-03-08
sh.688258,2024-03-22,2024-05-10
sz.300567,2024-03-25,2024-05-13
sz.300311,2023-04-14,2023-05-31
sh.603618,2022-04-12,2022-05-27
sz.002146,2023-06-15,2023-07-31
sz.300669,2021-03-30,2021-05-17
sz.301398,2024-04-01,2024-05-20
sh.600893,2021-03-03,2021-04-15
sh.603518,2021-07-05,2021-08-16
sh.688153,2022-12-15,2023-02-03
sz.300235,2022-04-07,2022-05-24
sh.600667,2022-08-18,2022-09-30
sz.002326,2022-03-30,2022-05-18
sz.003029,2024-05-23,2024-07-05
sz.000031,2022-04-06,2022-05-23
sz.002957,2022-04-11,2022-05-26
sz.300759,2021-02-10,2021-03-31
sz.000059,2021-09-13,2021-11-03
sz.000430,2022-04-15,2022-06-01
sh.688002,2024-03-26,2024-05-14
sh.603948,2024-01-25,2024-03-15
sz.002903,2024-01-04,2024-02-23
sh.603713,2022-10-17,2022-11-28
sz.002660,2023-12-29,2024-02-20
sh.600593,2021-07-27,2021-09-07
sz.002905,2023-09-28,2023-11-17
sz.002226,2021-09-27,2021-11-15
sz.002114,2024-01-25,2024-03-15
sh.600125,2022-04-14,2022-05-31
sz.300185,2022-04-11,2022-05-26
sz.000516,2022-01-12,2022-03-03
sz.300044,2024-05-23,2024-07-05
sz.002602,2022-04-14,2022-05-31
sz.300775,2021-01-22,2021-03-12
sz.002356,2024-06-07,2024-07-22
sz.000819,2022-01-13,2022-03-03
sz.300143,2022-04-12,2022-05-27
sz.000607,2023-06-16,2023-08-01
sh.603918,2023-09-05,2023-10-25
sz.002786,2021-04-26,2021-06-10
sh.605566,2024-01-23,2024-03-13
sh.688011,2021-10-19,2021-11-30
sz.002981,2024-01-05,2024-02-26
sz.300571,2021-01-27,2021-03-17
sh.688255,2024-01-18,2024-03-08
sh.600183,2021-03-05,2021-04-19
sz.002577,2024-03-29,2024-05-17
sz.000993,2021-10-25,2021-12-06
sh.688486,2024-01-19,2024-03-11
sz.002712,2023-12-20,2024-02-01
sh.603613,2024-05-09,2024-06-21
sz.300169,2024-01-19,2024-03-11
sh.605376,2022-02-28,2022-04-13
sz.002932,2022-01-18,2022-03-08
sh.688271,2023-08-11,2023-09-22
sz.300800,2024-01-22,2024-03-12
sh.600327,2021-07-23,2021-09-03
sz.002968,2024-01-26,2024-03-18
sz.300033,2021-02-24,2021-04-08
sz.301000,2022-09-09,2022-10-31
sz.002033,2022-11-10,2022-12-22
sz.300065,2021-12-23,2022-02-11
sh.688165,2024-01-18,2024-03-08
sz.301112,2022-08-16,2022-09-28
sh.603708,2024-01-18,2024-03-08
sh.688049,2023-07-14,2023-08-25
sh.688148,2022-03-17,2022-05-05
sz.002598,2021-09-09,2021-11-01
sz.301028,2022-04-14,2022-05-31
sh.688502,2024-03-28,2024-05-16
sz.002338,2022-04-14,2022-05-31
sz.301003,2024-01-25,2024-03-15
sh.603122,2024-03-29,2024-05-17
sh.688260,2022-08-22,2022-10-11
sz.300380,2022-04-11,2022-05-26
sz.002182,2022-02-22,2022-04-07
sz.300473,2024-03-29,2024-05-17
sz.002761,2022-07-20,2022-08-31
sh.600459,2022-03-01,2022-04-14
sz.002883,2022-05-30,2022-07-12
sh.600188,2023-05-24,2023-07-07
sh.688212,2024-06-20,2024-08-01
sz.002997,2024-07-11,2024-08-22
sh.600753,2021-10-13,2021-11-24
sh.601015,2022-04-13,2022-05-30
sz.002531,2022-04-18,2022-06-02
sh.603786,2022-01-25,2022-03-15
sh.603277,2024-07-11,2024-08-22
sh.688443,2024-09-05,2024-10-28
sh.688017,2023-06-29,2023-08-10
sz.000750,2024-11-08,2024-12-20
sz.300870,2024-01-25,2024-03-15
sh.603650,2024-07-22,2024-09-02
sz.002434,2022-04-14,2022-05-31
sz.000909,2022-06-08,2022-07-20
sh.605183,2021-01-28,2021-03-18
sz.300916,2022-08-19,2022-10-10
sh.688656,2024-01-29,2024-03-19
sh.603336,2022-04-11,2022-05-26
sh.688206,2024-06-24,2024-08-05
sz.300604,2024-04-02,2024-05-21
sz.002623,2022-03-28,2022-05-16
sh.603527,2022-04-11,2022-05-26
sh.688450,2024-06-20,2024-08-01
sh.603533,2022-01-07,2022-02-25
sz.002866,2024-01-19,2024-03-11
sh.601696,2021-06-30,2021-08-11
sh.688671,2024-01-18,2024-03-08
sz.300417,2024-01-16,2024-03-06
sz.300634,2023-06-20,2023-08-03
sh.688686,2024-06-21,2024-08-02
sh.600237,2022-04-12,2022-05-27
sz.002496,2024-08-08,2024-09-23
sh.600982,2021-01-07,2021-02-25
sz.000820,2022-12-20,2023-02-08
sh.688488,2024-06-18,2024-07-30
sh.600358,2024-01-29,2024-03-19
sh.688426,2024-01-16,2024-03-06
sz.000721,2022-04-12,2022-05-27
sz.300785,2024-01-24,2024-03-14
sz.300566,2024-01-24,2024-03-14
sz.002869,2024-01-22,2024-03-12
sz.301189,2022-04-12,2022-05-27
sz.000923,2021-05-12,2021-06-24
sh.688577,2022-03-01,2022-04-14
sz.300823,2022-04-14,2022-05-31
sh.605133,2021-03-02,2021-04-14
sz.000514,2024-01-24,2024-03-14
sh.603738,2023-04-18,2023-06-02
sh.601700,2022-01-12,2022-03-02
sz.002591,2022-05-11,2022-06-23
sh.600712,2024-01-18,2024-03-08
sz.300192,2022-01-11,2022-03-01
sz.002059,2022-04-08,2022-05-25
sh.600774,2024-01-17,2024-03-07
sz.301308,2024-07-16,2024-08-27
sz.300402,2021-12-20,2022-02-08
sh.688443,2024-11-04,2024-12-16
sh.605376,2022-08-19,2022-10-10
sz.002682,2021-01-19,2021-03-09
sz.301312,2022-09-27,2022-11-15
sz.300342,2024-01-25,2024-03-15
sz.300152,2024-01-23,2024-03-13
sz.300159,2022-04-14,2022-06-01
sz.002959,2021-01-25,2021-03-15
sh.603879,2024-03-20,2024-05-09
sz.300579,2022-01-20,2022-03-10
sz.300255,2024-01-08,2024-02-27
sz.002192,2024-01-22,2024-03-12
sz.301198,2023-05-29,2023-07-12
sz.002357,2022-04-25,2022-06-10
sh.605369,2023-03-02,2023-04-14
sz.301306,2024-05-10,2024-06-24
sh.603172,2024-04-09,2024-05-24
sh.600011,2021-10-28,2021-12-09
sh.600722,2021-10-19,2021-11-30
sh.688315,2024-01-23,2024-03-13
sz.300333,2023-04-13,2023-05-30
sz.300378,2022-01-19,2022-03-09
sz.300729,2024-01-22,2024-03-12
sh.688393,2024-04-01,2024-05-20
sh.600428,2022-12-07,2023-01-19
sz.002457,2023-12-26,2024-02-07
sh.603416,2021-08-17,2021-09-30
sz.300343,2021-01-25,2021-03-15
sz.002767,2024-01-29,2024-03-19
sh.688167,2024-03-22,2024-05-10
sh.603706,2021-10-08,2021-11-19
sz.300726,2022-08-18,2022-09-30
sh.600825,2021-06-01,2021-07-14
sh.688002,2024-01-03,2024-02-22
sh.600593,2022-04-15,2022-06-02
sh.600373,2022-04-12,2022-05-27
sh.600721,2024-04-09,2024-05-24
sz.300657,2022-04-12,2022-05-27
sz.300656,2022-04-12,2022-05-27
sz.002835,2024-01-09,2024-02-28
sh.688365,2024-01-17,2024-03-07
sz.002459,2021-08-05,2021-09-16
sh.688689,2022-03-02,2022-04-15
sz.000860,2021-07-14,2021-08-25
sz.002829,2022-03-24,2022-05-12
sz.002909,2024-01-29,2024-03-19
sh.603169,2021-12-22,2022-02-10
sz.300518,2023-06-16,2023-08-01
sh.688718,2021-09-15,2021-11-05
sz.002856,2024-01-29,2024-03-19
sz.300084,2022-03-03,2022-04-18
sh.688197,2024-01-17,2024-03-07
sh.600348,2022-11-04,2022-12-16
sz.002146,2022-07-01,2022-08-12
sz.300490,2021-09-16,2021-11-08
sh.605567,2021-10-18,2021-11-29
sz.300904,2024-01-24,2024-03-14
sz.002204,2022-04-18,2022-06-02
sh.603363,2024-01-26,2024-03-18
sz.300016,2022-01-13,2022-03-03
sz.002347,2024-01-16,2024-03-06
sh.603255,2023-03-03,2023-04-17
sh.600971,2021-10-27,2021-12-08
sz.000721,2022-11-18,2022-12-30
sz.002335,2024-01-19,2024-03-11
sh.688520,2022-11-24,2023-01-06
sz.002960,2024-08-09,2024-09-24
sh.601366,2024-01-30,2024-03-20
sz.002941,2023-05-08,2023-06-19
sz.002208,2022-03-01,2022-04-14
sh.603155,2022-04-08,2022-05-25
sz.300294,2021-08-09,2021-09-22
sh.600238,2024-04-03,2024-05-22
sh.688508,2024-03-29,2024-05-17
sz.300334,2024-01-09,2024-02-28
sh.688636,2022-01-21,2022-03-11
sz.300967,2024-03-29,2024-05-17
sz.300942,2022-01-13,2022-03-03
sz.002897,2024-01-22,2024-03-12
sh.603290,2023-04-12,2023-05-29
sz.300820,2023-08-10,2023-09-21
sh.688328,2024-01-18,2024-03-08
sz.002335,2022-08-23,2022-10-12
sz.002972,2024-04-01,2024-05-20
sh.688107,2024-03-14,2024-04-29
sh.603106,2024-01-25,2024-03-15
sh.605058,2024-01-26,2024-03-18
sh.603127,2021-06-22,2021-08-03
sh.601858,2023-06-07,2023-07-21
sz.002362,2022-04-12,2022-05-27
sz.002425,2021-07-23,2021-09-03
sz.003010,2022-05-19,2022-07-01
sz.300678,2023-06-20,2023-08-03
sz.301266,2023-11-23,2024-01-05
sz.300965,2022-04-11,2022-05-26
sz.002753,2022-08-22,2022-10-11
sz.300225,2023-11-30,2024-01-12
sz.300351,2022-09-07,2022-10-27
sz.002988,2024-01-18,2024-03-08
sz.300666,2024-01-19,2024-03-11
sh.600791,2022-04-06,2022-05-23
sz.002524,2021-07-15,2021-08-26
sz.300535,2022-12-09,2023-01-30
sh.603270,2023-09-25,2023-11-14
sh.688661,2022-02-24,2022-04-11
sh.603900,2024-01-09,2024-02-28
sz.002269,2022-01-13,2022-03-03
sz.000715,2022-09-22,2022-11-10
sh.600238,2021-08-13,2021-09-28
sh.603106,2022-12-13,2023-02-01
sh.601279,2021-06-01,2021-07-14
sz.300762,2023-11-22,2024-01-04
sh.603665,2021-07-27,2021-09-07
sh.688613,2021-07-15,2021-08-26
sz.300581,2021-01-20,2021-03-10
sz.300152,2022-01-13,2022-03-03
sh.603338,2021-09-07,2021-10-28
sz.300098,2022-04-08,2022-05-25
sh.688388,2022-04-08,2022-05-25
sz.002907,2024-01-19,2024-03-11
sh.600076,2021-07-16,2021-08-27
sh.600821,2022-09-08,2022-10-28
sh.688059,2021-07-26,2021-09-06
sh.603389,2024-05-23,2024-07-05
sz.300387,2024-01-25,2024-03-15
sz.300250,2022-02-28,2022-04-13
sz.300603,2022-01-19,2022-03-09
sh.688618,2022-09-20,2022-11-08
sz.001289,2022-09-13,2022-11-01
sh.688566,2023-09-27,2023-11-16
sh.603679,2024-01-19,2024-03-11
sz.300274,2022-04-08,2022-05-25
sh.601022,2024-01-22,2024-03-12
sh.601218,2024-01-18,2024-03-08
sz.002629,2024-05-27,2024-07-09
sh.600051,2024-01-22,2024-03-12
sh.605068,2024-01-18,2024-03-08
sz.002156,2024-11-12,2024-12-24
sz.300580,2024-01-12,2024-03-04
sh.688339,2021-12-27,2022-02-15
sz.002459,2021-02-23,2021-04-07
sh.600872,2021-08-17,2021-09-30
sz.002213,2022-01-13,2022-03-03
sz.300892,2022-04-20,2022-06-07
sz.300059,2022-01-24,2022-03-14
sh.600793,2021-01-20,2021-03-10
sz.300635,2024-01-19,2024-03-11
sh.600159,2024-05-20,2024-07-02
sz.002272,2021-09-24,2021-11-12
sh.605050,2022-04-14,2022-05-31
sh.603656,2024-01-19,2024-03-11
sz.300505,2021-12-06,2022-01-18
sz.000620,2023-08-15,2023-09-26
sz.300956,2024-03-28,2024-05-16
sh.603877,2022-01-14,2022-03-04
sz.000899,2022-08-04,2022-09-16
sz.300631,2021-09-16,2021-11-08
sh.601888,2024-10-08,2024-11-19
sz.300238,2023-05-31,2023-07-14
sz.000536,2024-11-04,2024-12-16
sz.002314,2022-04-14,2022-05-31
sz.002655,2022-01-17,2022-03-07
sz.300497,2022-05-13,2022-06-27
sz.002613,2022-04-06,2022-05-23
sz.300222,2024-01-22,2024-03-12
sz.300548,2022-02-23,2022-04-14
sz.300502,2023-10-18,2023-11-29
sz.002774,2022-04-15,2022-06-01
sz.300085,2023-08-22,2023-10-11
sz.301528,2024-03-22,2024-05-10
sz.002555,2023-12-18,2024-01-30
sz.002631,2024-01-09,2024-02-28
sz.000526,2021-06-21,2021-08-02
sz.300949,2022-04-19,2022-06-06
sh.688700,2024-01-09,2024-02-28
sh.603335,2021-12-13,2022-01-25
sz.300716,2023-04-13,2023-05-30
sz.300059,2024-06-18,2024-07-30
sz.002384,2023-08-07,2023-09-18
sz.300078,2023-04-07,2023-05-24
sz.300068,2024-01-26,2024-03-18
sz.301110,2024-01-29,2024-03-19
sz.300523,2022-04-14,2022-05-31
sh.605178,2021-11-10,2021-12-22
sz.301512,2024-01-17,2024-03-07
sz.300004,2024-01-30,2024-03-20
sz.300572,2023-07-19,2023-08-30
sh.688720,2024-01-02,2024-02-21
sh.688383,2022-07-04,2022-08-15
sz.000017,2024-04-10,2024-05-27
sz.002821,2021-08-04,2021-09-15
sh.600562,2021-01-18,2021-03-08
sz.300260,2023-04-17,2023-06-01
sh.603015,2024-01-24,2024-03-14
sz.300019,2024-01-22,2024-03-12
sh.688686,2024-03-29,2024-05-17
sh.600495,2022-04-19,2022-06-06
sz.300505,2024-01-29,2024-03-19
sz.301020,2022-04-18,2022-06-02
sz.301155,2024-01-24,2024-03-14
sh.603315,2022-11-02,2022-12-15
sz.300597,2022-04-07,2022-05-24
sz.002137,2022-04-11,2022-05-26
sh.600611,2024-08-05,2024-09-18
sh.603988,2022-01-20,2022-03-10
sz.000422,2021-12-06,2022-01-18
sz.000952,2022-04-11,2022-05-26
sz.300088,2024-01-18,2024-03-08
sz.002213,2022-09-07,2022-10-27
sz.002721,2021-01-21,2021-03-11
sh.600360,2022-04-12,2022-05-27
sz.002230,2021-01-22,2021-03-12
sz.300233,2024-08-12,2024-09-25
sh.605298,2024-01-09,2024-02-28
sz.301395,2023-08-11,2023-09-22
sh.688661,2023-07-20,2023-08-31
sz.002382,2024-01-19,2024-03-11
sh.603619,2021-11-02,2021-12-14
sh.603060,2024-01-25,2024-03-15
sz.300591,2022-01-17,2022-03-07
sz.300867,2024-01-25,2024-03-15
sz.002666,2024-01-09,2024-02-28
sz.002157,2022-07-11,2022-08-22
sh.688656,2022-01-18,2022-03-08
sh.600119,2024-03-29,2024-05-17
sh.688097,2024-01-18,2024-03-08
sh.688161,2021-07-16,2021-08-27
sz.001333,2022-12-14,2023-02-02
sz.300046,2024-06-13,2024-07-25
sh.603421,2024-05-24,2024-07-08
sh.688259,2022-01-25,2022-03-15
sh.688298,2022-04-20,2022-06-07
sz.300647,2024-04-09,2024-05-24
sz.300275,2022-03-25,2022-05-13
sh.603020,2021-05-31,2021-07-13
sz.300560,2024-05-24,2024-07-08
sh.688325,2022-09-15,2022-11-03
sz.300554,2022-04-13,2022-05-30
sz.003027,2022-09-29,2022-11-17
sz.300506,2023-04-03,2023-05-19
sz.300506,2024-03-29,2024-05-20
sh.688152,2022-12-08,2023-01-20
sh.688429,2024-01-26,2024-03-18
sz.002455,2024-01-26,2024-03-18
sz.300534,2022-04-11,2022-05-26
sz.300663,2024-01-16,2024-03-06
sz.300655,2024-01-23,2024-03-13
sz.301070,2024-01-18,2024-03-08
sz.300576,2022-04-12,2022-05-27
sh.600691,2021-10-27,2021-12-08
sh.603289,2024-01-26,2024-03-18
sh.688186,2022-04-14,2022-05-31
sh.603843,2024-01-10,2024-02-29
sh.688612,2023-10-16,2023-11-27
sz.000938,2023-09-28,2023-11-17
sz.300585,2023-09-07,2023-10-27
sz.002565,2022-01-11,2022-03-01
sh.600960,2024-01-25,2024-03-15
sz.300611,2021-01-21,2021-03-11
sh.688292,2023-05-11,2023-06-26
sz.300364,2023-12-11,2024-01-23
sh.688239,2023-12-07,2024-01-19
sz.002864,2022-07-20,2022-08-31
sh.688536,2022-08-19,2022-10-10
sh.605158,2024-01-22,2024-03-12
sz.301429,2024-01-17,2024-03-07
sz.000503,2022-01-07,2022-02-25
sz.002265,2022-02-23,2022-04-08
sz.000963,2023-04-10,2023-05-25
sh.688005,2022-09-23,2022-11-11
sz.300339,2021-04-20,2021-06-04
sz.300277,2024-01-18,2024-03-08
sz.300095,2021-01-21,2021-03-11
sz.300486,2022-04-20,2022-06-07
sz.002593,2024-03-29,2024-05-17
sh.603690,2021-01-22,2021-03-12
sz.002669,2024-01-19,2024-03-11
sz.300235,2024-01-17,2024-03-07
sh.601567,2022-01-04,2022-02-22
sh.605398,2021-02-01,2021-03-22
sh.601677,2021-09-13,2021-11-03
sz.002404,2024-01-18,2024-03-08
sh.688221,2024-06-21,2024-08-02
sh.600573,2022-04-15,2022-06-01
sh.600416,2021-01-21,2021-03-11
sz.000049,2022-01-26,2022-03-16
sh.688499,2023-04-20,2023-06-06
sh.688383,2024-01-18,2024-03-08
sz.002159,2023-01-05,2023-03-02
sh.688333,2024-01-09,2024-02-28
sz.300759,2021-02-24,2021-04-08
sh.603214,2024-01-18,2024-03-08
sz.002905,2024-01-23,2024-03-13
sh.603979,2024-07-09,2024-08-20
sz.301233,2024-01-17,2024-03-07
sh.600192,2021-01-20,2021-03-10
sh.600562,2021-01-20,2021-03-10
sh.688793,2024-01-10,2024-02-29
sh.600096,2021-09-22,2021-11-10
sz.301092,2022-03-28,2022-05-16
sh.688585,2022-03-28,2022-05-16
sh.601919,2021-01-18,2021-03-08
sz.000615,2023-03-31,2023-05-19
sh.688485,2024-04-03,2024-05-22
sz.000821,2022-08-18,2022-09-30
sh.603106,2024-03-20,2024-05-08
sz.301072,2022-03-18,2022-05-06
sz.000816,2024-04-10,2024-05-27
sz.002906,2023-12-29,2024-02-20
sh.688155,2022-12-08,2023-01-20
sh.600818,2024-01-08,2024-02-27
sz.002658,2024-01-10,2024-02-29
sh.600202,2024-01-17,2024-03-07
sz.002631,2024-01-29,2024-03-19
sh.603129,2021-07-15,2021-08-26
sz.000767,2021-01-25,2021-03-15
sz.301181,2022-03-01,2022-04-14
sz.000506,2024-01-29,2024-03-19
sz.002090,2022-08-30,2022-10-19
sz.002856,2022-04-15,2022-06-01
sh.603936,2024-04-02,2024-05-21
sh.688070,2021-03-02,2021-04-14
sz.301395,2024-06-18,2024-07-30
sz.301022,2021-07-06,2021-08-17
sh.688362,2024-01-15,2024-03-05
sz.301111,2024-01-17,2024-03-07
sz.002248,2023-04-18,2023-06-02
sh.603818,2024-04-02,2024-05-21
sh.600540,2021-12-27,2022-02-15
sz.002534,2022-03-17,2022-05-05
sh.688361,2024-01-22,2024-03-12
sh.688123,2024-07-19,2024-08-30
sh.600933,2022-02-24,2022-04-11
sz.300725,2024-01-23,2024-03-13
sz.300363,2021-10-20,2021-12-01
sh.688051,2023-04-20,2023-06-06
sz.002094,2024-04-02,2024-05-21
sz.300688,2024-03-28,2024-05-16
sh.605389,2024-01-18,2024-03-08
sz.301381,2023-08-17,2023-09-28
sh.601921,2023-06-13,2023-07-27
sz.002160,2022-04-15,2022-06-01
sh.688239,2024-08-06,2024-09-19
sh.603121,2024-01-19,2024-03-11
sz.002734,2024-04-11,2024-05-28
sz.000027,2021-10-08,2021-11-19
sz.002889,2023-11-06,2023-12-18
sz.002512,2024-06-19,2024-07-31
sh.600734,2022-05-23,2022-07-06
sz.300482,2021-08-12,2021-09-27
sz.002047,2024-05-29,2024-07-11
sz.000821,2021-12-07,2022-01-19
sz.301049,2024-05-27,2024-07-09
sz.002345,2023-04-10,2023-05-25
sz.300786,2021-12-01,2022-01-13
sz.002250,2022-03-01,2022-04-14
sh.605151,2022-01-13,2022-03-03
sz.300491,2024-01-18,2024-03-08
sz.300970,2024-01-29,2024-03-19
sz.301079,2024-04-11,2024-05-28
sh.688080,2024-01-16,2024-03-06
sz.300576,2024-11-08,2024-12-20
sh.605068,2022-06-15,2022-07-27
sz.002357,2024-01-17,2024-03-07
sz.300724,2023-05-25,2023-07-10
sz.300857,2022-09-01,2022-10-21
sh.603008,2023-04-12,2023-05-29
sz.002524,2024-01-23,2024-03-13
sz.002298,2021-04-26,2021-06-10
sz.002476,2024-04-09,2024-05-24
sz.300527,2022-01-12,2022-03-02
sz.301252,2024-01-26,2024-03-18
sh.688367,2024-04-02,2024-05-21
sh.603218,2021-04-19,2021-06-03
sz.002822,2024-09-19,2024-11-07
sz.301149,2022-04-14,2022-05-31
sh.601890,2021-09-24,2021-11-12
sz.300530,2024-01-16,2024-03-06
sz.002656,2022-09-21,2022-11-09
sz.300394,2022-04-12,2022-05-27
sz.002154,2021-07-06,2021-08-17
sz.002822,2022-04-15,2022-06-01
sz.300490,2022-03-28,2022-05-16
sz.002090,2022-04-18,2022-06-02
sz.300237,2024-01-17,2024-03-07
sh.603180,2024-05-17,2024-07-01
sz.000676,2022-01-13,2022-03-03
sz.002686,2024-01-09,2024-02-28
sh.600132,2021-08-18,2021-10-08
sh.688390,2021-08-25,2021-10-15
sh.601168,2022-03-02,2022-04-15
sh.600085,2021-05-31,2021-07-13
sh.688228,2024-01-24,2024-03-14
sh.605378,2022-03-24,2022-05-12
sz.301062,2024-08-30,2024-10-22
sh.601636,2022-10-17,2022-11-28
sz.000615,2023-04-13,2023-05-31
sz.301057,2024-01-24,2024-03-14
sz.300778,2021-10-08,2021-11-19
sz.002843,2024-03-19,2024-05-07
sh.600192,2021-01-18,2021-03-08
sh.600501,2024-03-29,2024-05-17
sz.002654,2022-04-07,2022-05-24
sz.300996,2022-03-01,2022-04-14
sz.301082,2024-01-29,2024-03-19
sh.688198,2021-12-22,2022-02-10
sz.300720,2022-03-01,2022-04-14
sz.002541,2024-03-14,2024-04-29
sz.002233,2022-04-08,2022-05-25
sz.002388,2024-11-11,2024-12-24
sz.001330,2023-04-28,2023-06-14
sz.002731,2023-09-15,2023-11-06
sh.688217,2022-01-10,2022-02-28
sh.688327,2024-07-31,2024-09-11
sh.601900,2023-08-30,2023-10-19
sz.002197,2024-05-15,2024-06-27
sz.002486,2024-05-24,2024-07-08
sz.002613,2022-01-13,2022-03-03
sz.301067,2024-01-26,2024-03-18
sz.000030,2022-03-01,2022-04-14
sz.300614,2024-05-30,2024-07-12
sz.300629,2022-03-02,2022-04-15
sz.002662,2021-01-27,2021-03-17
sh.601059,2024-01-26,2024-03-18
sh.603955,2024-04-01,2024-05-20
sh.603730,2022-03-24,2022-05-12
sh.603076,2022-03-04,2022-04-19
sh.600819,2024-05-23,2024-07-05
sz.300803,2021-09-16,2021-11-08
sh.603533,2024-01-23,2024-03-13
sz.300374,2021-01-21,2021-03-11
sh.688358,2023-02-16,2023-03-30
sz.300399,2024-04-01,2024-05-20
sz.300175,2024-05-16,2024-06-28
sz.300288,2023-06-14,2023-07-28
sz.002036,2024-01-12,2024-03-04
sz.002871,2021-01-21,2021-03-11
sz.300600,2024-01-24,2024-03-14
sz.300603,2023-04-04,2023-05-22
sh.603288,2021-08-30,2021-10-20
sh.688157,2022-08-17,2022-09-29
sh.688068,2021-06-29,2021-08-10
sz.300167,2023-12-08,2024-01-22
sh.688037,2023-09-06,2023-10-26
sz.300530,2023-12-26,2024-02-07
sz.002253,2022-04-11,2022-05-26
sz.000610,2023-01-04,2023-02-22
sh.603217,2024-01-18,2024-03-08
sz.300998,2023-09-20,2023-11-09
sz.300085,2022-04-08,2022-05-25
sz.300552,2022-01-19,2022-03-09
sz.002876,2022-02-24,2022-04-11
sz.301027,2024-01-23,2024-03-13
sz.301309,2024-01-24,2024-03-14
sz.000632,2022-05-17,2022-06-29
sz.301072,2023-07-07,2023-08-18
sz.002138,2022-09-19,2022-11-07
sh.600101,2024-06-12,2024-07-24
sh.603626,2021-01-21,2021-03-11
sh.600318,2024-01-23,2024-03-13
sz.002959,2023-06-21,2023-08-04
sh.688556,2021-12-16,2022-01-28
sz.301300,2022-12-08,2023-01-20
sh.601666,2022-06-09,2022-07-21
sz.301238,2024-10-08,2024-11-19
sh.600160,2021-06-10,2021-07-23
sh.688321,2023-04-27,2023-06-13
sh.688189,2024-01-24,2024-03-14
sh.603960,2022-04-13,2022-05-30
sh.688212,2022-04-19,2022-06-06
sz.300286,2024-04-01,2024-05-20
sh.688718,2022-04-13,2022-05-30
sz.301073,2023-09-22,2023-11-13
sh.603515,2021-03-04,2021-04-16
sz.301199,2023-10-09,2023-11-20
sz.000633,2023-05-22,2023-07-05
sh.688089,2023-03-13,2023-04-25
sz.300573,2022-01-19,2022-03-09
sz.300427,2021-02-24,2021-04-08
sh.603315,2024-05-29,2024-07-11
sz.300613,2023-04-17,2023-06-15
sh.603906,2021-08-13,2021-09-28
sh.688607,2024-03-29,2024-05-17
sz.300461,2022-04-15,2022-06-01
sz.002075,2022-04-13,2022-05-30
sh.688520,2024-01-11,2024-03-01
sh.688258,2024-01-18,2024-03-08
sz.002474,2022-03-30,2022-05-18
sz.300628,2023-03-30,2023-05-17
sh.688700,2023-07-21,2023-09-01
sh.603822,2022-12-08,2023-01-20
sh.600758,2022-04-14,2022-05-31
sz.000711,2021-07-29,2021-09-09
sh.600592,2024-01-09,2024-02-28
sz.002845,2024-03-29,2024-05-17
sz.300275,2022-03-29,2022-05-17
sh.688131,2022-04-01,2022-05-20
sz.000881,2024-01-22,2024-03-12
sz.002295,2021-09-09,2021-11-01
sz.002890,2024-01-22,2024-03-12
sh.688010,2024-01-25,2024-03-15
sh.605011,2022-04-14,2022-05-31
sz.002980,2022-04-08,2022-05-25
sz.300596,2023-08-09,2023-09-20
sz.300652,2022-01-13,2022-03-03
sz.300904,2024-08-05,2024-09-18
sz.300508,2022-04-18,2022-06-02
sz.300569,2022-04-19,2022-06-06
sh.688233,2023-04-20,2023-06-06
sh.603822,2024-01-19,2024-03-11
sz.002201,2022-03-01,2022-04-14
sh.603883,2024-06-24,2024-08-05
sz.003020,2021-07-14,2021-08-25
sh.603598,2023-05-10,2023-06-21
sz.300838,2024-01-26,2024-03-18
sz.000011,2022-07-04,2022-08-15
sh.600363,2022-01-14,2022-03-04
sz.301363,2023-08-09,2023-09-20
sz.300554,2024-01-26,2024-03-18
sz.002485,2024-01-26,2024-03-18
sz.300902,2021-04-26,2021-06-10
sz.300251,2022-09-16,2022-11-04
sh.688580,2022-08-15,2022-09-27
sz.301413,2024-01-09,2024-02-28
sz.300755,2022-10-14,2022-11-25
sz.300611,2024-03-29,2024-05-17
sh.603968,2021-09-24,2021-11-12
sz.000537,2024-06-14,2024-07-26
sh.688622,2021-09-22,2021-11-10
sz.002579,2024-01-23,2024-03-13
sh.603869,2021-03-10,2021-04-22
sz.002321,2021-01-20,2021-03-10
sz.002205,2021-01-21,2021-03-11
sz.301025,2021-10-13,2021-11-24
sz.000970,2024-01-19,2024-03-11
sz.002490,2024-04-08,2024-05-23
sz.300076,2024-01-17,2024-03-07
sz.300830,2024-01-29,2024-03-19
sz.301018,2022-11-02,2022-12-14
sh.600692,2024-05-22,2024-07-04
sh.688661,2023-04-19,2023-06-05
sz.300268,2023-01-16,2023-03-06
sh.600807,2021-01-19,2021-03-09
sz.300459,2024-05-23,2024-07-05
sh.603803,2023-12-07,2024-01-19
sh.603021,2024-05-31,2024-07-15
sh.603757,2021-08-25,2021-10-15
sz.301262,2024-04-02,2024-05-21
sz.301292,2024-01-29,2024-03-19
sz.301098,2022-05-12,2022-06-24
sz.002348,2021-01-21,2021-03-11
sh.600955,2022-04-13,2022-05-30
sz.300971,2024-01-22,2024-03-12
sz.300631,2022-04-08,2022-05-25
sz.002331,2021-07-12,2021-08-23
sz.002124,2024-06-11,2024-07-23
sh.688556,2023-11-30,2024-01-12
sh.688566,2023-07-26,2023-09-06
sz.300365,2022-12-07,2023-01-19
sz.300649,2021-07-13,2021-08-24
sh.600792,2024-01-08,2024-02-27
sz.300964,2023-07-04,2023-08-15
sh.688165,2023-05-26,2023-07-11
sh.603280,2024-01-08,2024-02-27
sz.301289,2023-08-14,2023-09-25
sz.301421,2024-06-17,2024-07-29
sz.002368,2023-05-09,2023-06-20
sz.002379,2022-03-03,2022-04-18
sh.601058,2022-10-13,2022-11-24
sz.300381,2024-05-10,2024-06-24
sh.601005,2021-09-14,2021-11-04
sz.001212,2024-04-03,2024-05-22
sz.002662,2021-01-26,2021-03-16
sh.600515,2021-12-14,2022-01-27
sz.002425,2022-01-17,2022-03-07
sz.002656,2024-01-25,2024-03-15
sz.300006,2022-01-13,2022-03-03
sh.688350,2023-04-19,2023-06-05
sh.688033,2022-01-21,2022-03-11
sz.002305,2024-05-27,2024-07-09
sh.603863,2024-05-22,2024-07-04
sz.300092,2024-01-10,2024-02-29
sz.002918,2022-07-01,2022-08-12
sz.000301,2021-11-01,2021-12-13
sh.605277,2022-04-14,2022-05-31
sz.301226,2024-01-24,2024-03-14
sz.301015,2024-06-13,2024-07-25
sh.603992,2024-01-19,2024-03-11
sz.300082,2022-07-07,2022-08-18
sz.002431,2022-05-27,2022-07-11
sz.300192,2023-05-09,2023-06-20
sz.002249,2022-03-01,2022-04-14
sz.002455,2024-05-27,2024-07-09
sh.603535,2024-01-19,2024-03-11
sz.002365,2024-01-26,2024-03-18
sh.603186,2024-01-18,2024-03-08
sh.603737,2022-07-07,2022-08-18
sh.600785,2024-07-12,2024-08-23
sh.601012,2023-05-24,2023-07-07
sh.600933,2022-03-23,2022-05-11
sh.688663,2022-11-28,2023-01-10
sz.002357,2022-04-20,2022-06-07
sz.000069,2021-10-21,2021-12-02
sz.301023,2024-01-15,2024-03-05
sz.300121,2023-04-11,2023-05-26
sh.600408,2022-10-17,2022-11-28
sz.300890,2024-04-03,2024-05-22
sz.002615,2023-05-31,2023-07-14
sh.603378,2021-07-15,2021-08-26
sh.688630,2024-01-22,2024-03-12
sh.601566,2024-01-30,2024-03-20
sh.600137,2024-01-18,2024-03-08
sh.603320,2024-01-29,2024-03-19
sh.688693,2023-09-06,2023-10-26
sz.300563,2024-08-27,2024-10-17
sz.300466,2024-01-09,2024-02-28
sh.605208,2021-06-02,2021-07-15
sh.603078,2021-09-14,2021-11-04
sh.603363,2023-12-20,2024-02-01
sz.300400,2022-08-11,2022-09-23
sz.301172,2024-01-25,2024-03-15
sh.688046,2024-01-12,2024-03-04
sz.301020,2022-04-11,2022-05-26
sh.688595,2024-04-01,2024-05-20
sz.002965,2024-01-24,2024-03-14
sz.000670,2024-01-23,2024-03-13
sz.002409,2022-09-14,2022-11-02
sh.600609,2021-11-30,2022-01-12
sh.688148,2024-04-01,2024-05-20
sz.002298,2024-03-29,2024-05-17
sh.600828,2022-04-13,2022-05-30
sh.688080,2022-04-20,2022-06-07
sh.688717,2024-01-17,2024-03-07
sz.002568,2021-02-22,2021-04-06
sz.002583,2024-11-12,2024-12-24
sh.600319,2024-01-15,2024-03-05
sh.600792,2024-01-23,2024-03-13
sh.600426,2021-03-01,2021-04-13
sh.688585,2022-03-31,2022-05-19
sz.002084,2022-04-20,2022-06-07
sh.603217,2024-01-17,2024-03-07
sz.300921,2022-03-24,2022-05-12
sz.000428,2024-01-29,2024-03-19
sz.000608,2024-01-30,2024-03-20
sh.688276,2024-03-18,2024-05-06
sz.001366,2024-01-22,2024-03-12
sz.000620,2022-12-29,2023-02-17
sh.603227,2021-09-22,2021-11-10
sh.600319,2024-01-11,2024-03-01
sz.002254,2022-03-01,2022-04-14
sz.002317,2021-11-30,2022-01-12
sz.003022,2022-09-27,2022-11-15
sh.688297,2024-11-05,2024-12-17
sh.603336,2024-01-26,2024-03-18
sh.600365,2021-07-02,2021-08-13
sh.600556,2024-01-23,2024-03-13
sz.300601,2021-02-19,2021-04-02
sh.600178,2023-12-28,2024-02-19
sz.002133,2024-01-26,2024-03-18
sz.300249,2024-01-09,2024-02-28
sz.002861,2024-01-18,2024-03-08
sz.300559,2022-04-06,2022-05-23
sh.603096,2022-01-13,2022-03-03
sz.300007,2023-04-19,2023-06-05
sz.002495,2024-04-08,2024-05-23
sh.600641,2024-01-17,2024-03-07
sh.603039,2022-02-23,2022-04-08
sh.603069,2022-04-18,2022-06-17
sh.600501,2022-01-12,2022-03-02
sz.300370,2021-01-25,2021-03-15
sz.001208,2022-04-14,2022-05-31
sh.600495,2024-01-24,2024-03-14
sh.603390,2022-05-13,2022-06-27
sz.300070,2022-09-08,2022-11-02
sz.002905,2024-08-09,2024-09-24
sh.603378,2024-01-22,2024-03-12
sz.300148,2023-12-12,2024-01-24
sh.600415,2023-05-10,2023-06-21
sz.300928,2023-11-29,2024-01-11
sh.688377,2024-04-08,2024-05-23
sz.301060,2024-03-29,2024-05-17
sz.300238,2022-08-22,2022-10-11
sh.600698,2022-01-06,2022-02-24
sz.002918,2022-04-08,2022-05-25
sz.000980,2022-12-15,2023-02-03
sz.300087,2021-01-06,2021-02-24
sz.300092,2022-04-20,2022-06-07
sz.000972,2021-06-23,2021-08-04
sz.300025,2021-01-26,2021-03-16
sz.300286,2021-01-21,2021-03-11
sz.002338,2022-03-24,2022-05-12
sh.603358,2022-08-24,2022-10-13
sz.300580,2022-02-28,2022-04-13
sz.300712,2021-02-04,2021-03-25
sh.601636,2022-09-20,2022-11-08
sz.002651,2022-03-02,2022-04-15
sz.300564,2021-04-21,2021-06-07
sz.300846,2022-04-14,2022-05-31
sz.002848,2021-01-06,2021-02-24
sh.688652,2024-01-25,2024-03-15
sz.301371,2024-01-08,2024-02-27
sh.600594,2022-04-19,2022-06-06
sh.603666,2022-04-15,2022-06-01
sh.600084,2024-01-19,2024-03-11
sz.301093,2022-04-12,2022-05-27
sz.300595,2021-02-05,2021-03-26
sh.688148,2022-08-17,2022-09-29
sz.300132,2021-10-20,2021-12-01
sz.300121,2024-11-04,2024-12-16
sz.000422,2022-03-01,2022-04-14
sz.300254,2021-01-21,2021-03-11
sz.002469,2022-08-26,2022-10-17
sz.300558,2021-02-24,2021-04-08
sz.000620,2022-09-21,2022-11-09
sz.002105,2024-06-24,2024-08-05
sh.605368,2021-10-08,2021-11-19
sz.300260,2023-03-15,2023-04-27
sz.300991,2024-01-29,2024-03-19
sh.688601,2022-04-08,2022-05-25
sz.000595,2022-06-16,2022-07-28
sh.605118,2022-01-21,2022-03-11
sz.300791,2022-08-31,2022-10-20
sz.300305,2024-01-16,2024-03-06
sz.000609,2024-05-27,2024-07-09
sz.300602,2022-08-24,2022-10-13
sz.002714,2023-09-28,2023-11-17
sh.688307,2023-04-18,2023-06-02
sh.603368,2021-08-10,2021-09-23
sh.688573,2024-08-13,2024-09-26
sh.688558,2024-01-17,2024-03-07
sz.300272,2024-01-26,2024-03-18
sh.603019,2021-01-18,2021-03-08
sz.002520,2022-03-03,2022-04-18
sz.300550,2022-01-17,2022-03-07
sh.688409,2024-11-11,2024-12-23
sz.300693,2021-08-18,2021-10-08
sz.000755,2022-03-02,2022-04-15
sh.688152,2023-04-13,2023-05-30
sz.300072,2021-03-11,2021-04-23
sh.603332,2022-07-18,2022-08-29
sh.688302,2024-03-19,2024-05-07
sz.001215,2024-01-19,2024-03-11
sz.002160,2021-09-22,2021-11-10
sh.603949,2023-12-07,2024-01-19
sz.300612,2022-01-14,2022-03-04
sh.688768,2023-10-10,2023-11-21
sz.002356,2021-10-15,2021-11-26
sz.301321,2022-09-16,2022-11-04
sh.688078,2024-01-18,2024-03-08
sh.603520,2021-06-11,2021-07-26
sh.605169,2024-01-25,2024-03-15
sz.300489,2022-04-15,2022-06-01
sz.002581,2021-01-20,2021-03-10
sh.600246,2024-01-23,2024-03-13
sz.000932,2021-05-10,2021-06-22
sh.600228,2023-06-15,2023-07-31
sz.300004,2022-09-15,2022-11-03
sh.603008,2023-08-10,2023-09-21
sz.002742,2022-01-13,2022-03-03
sz.300838,2022-09-14,2022-11-02
sh.600697,2024-01-25,2024-03-15
sz.002578,2024-01-30,2024-03-20
sz.002121,2021-09-17,2021-11-09
sz.000599,2024-03-21,2024-05-21
sh.600303,2024-01-29,2024-03-19
sh.600518,2021-01-20,2021-03-10
sh.601878,2024-10-08,2024-11-19
sh.605199,2021-07-01,2021-08-12
sz.002872,2024-05-27,2024-07-09
sz.000596,2021-04-20,2021-06-04
sh.600543,2022-04-13,2022-05-30
sh.688193,2024-05-23,2024-07-05
sh.600159,2024-05-23,2024-07-05
sh.600011,2022-07-11,2022-08-22
sz.002541,2022-04-12,2022-05-27
sz.300567,2021-01-25,2021-03-15
sz.002945,2021-01-22,2021-03-12
sh.688588,2021-04-29,2021-06-16
sz.300228,2022-03-02,2022-04-15
sh.603937,2024-01-16,2024-03-06
sh.688375,2024-08-30,2024-10-22
sz.300970,2022-04-14,2022-05-31
sh.605208,2023-02-27,2023-04-11
sz.002992,2023-02-24,2023-04-10
sh.605208,2021-04-07,2021-05-24
sh.688133,2022-09-14,2022-11-02
sz.301161,2022-11-16,2022-12-28
sh.600769,2021-09-13,2021-11-03
sh.603488,2021-01-21,2021-03-11
sz.300490,2021-09-15,2021-11-05
sz.003004,2021-04-27,2021-06-11
sz.001206,2021-05-25,2021-07-07
sz.000721,2022-04-13,2022-05-30
sh.688162,2022-02-25,2022-04-12
sh.688004,2021-04-23,2021-06-09
sh.600703,2023-06-07,2023-07-21
sh.603396,2021-10-22,2021-12-03
sh.688071,2024-06-19,2024-07-31
sh.603466,2022-04-14,2022-05-31
sz.002798,2024-01-30,2024-03-20
sz.300907,2024-01-30,2024-03-20
sh.600158,2021-10-14,2021-11-25
sh.688680,2024-03-21,2024-05-09
sz.300647,2024-11-05,2024-12-17
sh.603839,2024-08-16,2024-10-08
sh.600282,2021-09-14,2021-11-04
sz.002453,2022-09-14,2022-11-02
sz.003031,2023-06-19,2023-08-02
sh.601099,2023-08-16,2023-09-27
sz.300776,2021-12-29,2022-02-17
sz.000977,2023-08-07,2023-09-18
sz.300599,2024-08-15,2024-09-30
sz.300653,2024-01-17,2024-03-07
sz.300381,2021-01-22,2021-03-12
sz.002932,2023-04-14,2023-05-31
sz.300436,2022-05-11,2022-06-23
sh.600117,2022-04-14,2022-05-31
sh.605188,2023-11-30,2024-01-12
sz.002517,2023-09-05,2023-10-25
sz.300725,2022-03-30,2022-05-18
sz.300551,2023-10-09,2023-11-20
sh.603916,2021-09-14,2021-11-04
sz.300266,2023-05-12,2023-06-27
sz.301210,2024-01-19,2024-03-11
sh.688386,2022-08-18,2022-09-30
sh.603721,2023-12-15,2024-01-29
sz.300808,2022-01-17,2022-03-07
sz.300264,2024-04-03,2024-05-22
sh.600661,2021-07-16,2021-08-27
sh.600855,2024-08-01,2024-09-12
sh.688676,2022-01-24,2022-03-14
sz.002211,2022-04-12,2022-05-30
sh.688380,2022-09-16,2022-11-04
sh.600201,2021-08-17,2021-09-30
sz.300509,2024-01-19,2024-03-11
sz.002189,2024-03-29,2024-05-17
sz.300115,2022-09-16,2022-11-04
sz.300565,2022-03-21,2022-05-09
sh.605577,2021-09-14,2021-11-04
sz.002803,2022-02-10,2022-03-24
sz.001266,2022-03-15,2022-04-28
sz.300421,2021-12-31,2022-02-21
sh.688050,2022-01-12,2022-03-02
sh.603985,2022-08-23,2022-10-12
sh.688048,2024-03-22,2024-05-10
sz.300505,2021-08-12,2021-09-27
sh.688202,2024-04-01,2024-05-20
sz.300414,2024-01-25,2024-03-15
sz.301330,2024-03-29,2024-05-17
sh.605333,2022-09-20,2022-11-08
sh.600053,2021-09-13,2021-11-03
sh.603078,2022-08-17,2022-09-29
sh.605136,2022-04-14,2022-05-31
sh.603045,2024-04-11,2024-05-28
sh.600903,2022-06-10,2022-07-22
sz.300631,2024-01-26,2024-03-18
sh.600855,2022-04-14,2022-05-31
sh.600559,2021-02-23,2021-04-07
sh.688409,2022-12-09,2023-01-30
sz.002875,2022-03-07,2022-04-20
sz.300406,2022-04-08,2022-05-25
sz.300918,2022-09-09,2022-10-31
sh.688375,2024-01-08,2024-02-27
sh.688408,2021-04-22,2021-06-08
sz.300447,2024-08-07,2024-09-20
sz.300554,2022-08-22,2022-10-11
sz.002826,2024-01-17,2024-03-07
sh.688020,2024-04-02,2024-05-21
sz.000880,2024-08-12,2024-09-25
sz.002865,2023-12-06,2024-01-18
sh.688195,2021-09-10,2021-11-02
sh.600765,2021-02-23,2021-04-07
sh.688333,2024-06-17,2024-07-29
sz.002799,2022-01-17,2022-03-07
sz.002101,2022-11-04,2022-12-16
sh.688050,2022-01-13,2022-03-03
sz.002881,2024-01-18,2024-03-08
sh.603679,2024-08-12,2024-09-25
sh.600537,2021-01-26,2021-03-16
sh.601100,2021-08-09,2021-09-22
sz.002601,2021-09-16,2021-11-08
sz.002738,2021-12-10,2022-01-24
sz.300507,2022-09-09,2022-10-31
sz.002408,2021-10-21,2021-12-02
sz.002676,2022-04-13,2022-05-30
sz.300632,2024-01-17,2024-03-07
sz.300483,2022-03-02,2022-04-15
sh.605108,2024-01-22,2024-03-12
sz.300474,2022-09-09,2022-10-31
sh.603709,2024-01-18,2024-03-08
sh.688599,2022-03-28,2022-05-16
sh.600436,2021-02-10,2021-03-31
sz.000158,2024-11-08,2024-12-20
sz.300148,2022-04-12,2022-05-27
sz.002671,2022-04-14,2022-05-31
sh.603045,2022-09-14,2022-11-02
sz.300354,2022-01-13,2022-03-03
sz.300807,2022-04-13,2022-05-30
sh.600375,2022-04-13,2022-05-30
sh.601919,2021-01-25,2021-03-15
sz.300209,2022-08-02,2022-09-14
sz.300226,2023-10-09,2023-11-20
sz.300632,2022-01-14,2022-03-04
sh.601636,2022-04-07,2022-05-24
sh.688260,2022-03-30,2022-05-18
sz.000977,2023-08-14,2023-09-25
sz.002506,2021-01-20,2021-03-10
sh.600592,2024-01-18,2024-03-08
sz.001314,2023-10-11,2023-11-22
sh.688257,2022-02-25,2022-04-12
sz.002687,2021-08-20,2021-10-12
sz.002229,2022-04-12,2022-05-27
sz.002250,2021-01-22,2021-03-12
sz.300274,2021-02-10,2021-03-31
sz.300192,2021-07-16,2021-08-27
sh.688298,2022-12-12,2023-01-31
sz.002791,2021-02-22,2021-04-06
sh.605008,2022-04-12,2022-05-27
sz.000892,2023-12-21,2024-02-02
sz.002866,2024-01-23,2024-03-13
sh.600276,2022-04-13,2022-05-30
sz.300503,2021-05-07,2021-06-21
sz.300987,2023-05-08,2023-06-19
sz.002923,2024-01-18,2024-03-08
sz.300159,2021-08-18,2021-10-08
sh.603090,2024-04-02,2024-05-21
sz.301037,2024-04-08,2024-05-23
sz.000576,2024-04-03,2024-05-22
sz.300125,2022-09-02,2022-10-24
sh.688503,2023-11-28,2024-01-10
sz.000889,2022-04-21,2022-06-09
sh.688416,2024-06-24,2024-08-05
sh.688087,2021-12-29,2022-02-17
sz.300548,2024-03-19,2024-05-07
sh.688225,2023-04-14,2023-05-31
sz.300683,2024-01-25,2024-03-15
sh.600150,2021-09-22,2021-11-10
sz.000936,2023-06-28,2023-08-09
sh.688010,2024-01-04,2024-02-23
sz.001309,2023-12-29,2024-02-20
sz.300487,2021-09-17,2021-11-09
sz.301007,2023-09-26,2023-11-15
sz.300497,2021-10-29,2021-12-10
sh.688080,2023-04-28,2023-06-14
sz.301499,2023-09-21,2023-11-10
sh.603883,2024-06-11,2024-07-23
sh.688639,2024-05-21,2024-07-03
sz.300808,2022-03-01,2022-04-14
sz.002172,2021-09-13,2021-11-03
sh.688136,2022-05-18,2022-06-30
sz.300171,2021-08-30,2021-10-20
sh.603139,2024-01-26,2024-03-18
sh.600216,2021-07-26,2021-09-06
sz.002952,2024-04-01,2024-05-20
sz.301133,2024-03-29,2024-05-17
sh.600784,2024-01-23,2024-03-13
sh.600744,2021-04-16,2021-06-02
sh.600853,2023-04-28,2023-06-14
sz.300219,2022-01-14,2022-03-04
sh.600731,2022-04-11,2022-05-26
sz.002622,2024-04-03,2024-05-22
sh.688177,2024-01-25,2024-03-15
sz.301038,2024-01-26,2024-03-18
sz.000530,2024-01-16,2024-03-06
sz.301196,2024-01-19,2024-03-11
sz.300960,2024-07-24,2024-09-04
sz.002182,2021-09-16,2021-11-08
sz.300100,2024-01-26,2024-03-18
sh.688191,2022-08-12,2022-09-26
sh.603776,2021-07-16,2021-08-27
sz.002066,2024-01-19,2024-03-11
sz.000762,2022-02-28,2022-04-13
sh.600906,2022-04-11,2022-05-26
sh.601798,2024-03-29,2024-05-17
sz.000573,2022-09-15,2022-11-03
sh.600143,2021-02-22,2021-04-06
sz.000537,2022-04-06,2022-05-23
sz.002900,2022-01-11,2022-03-01
sz.000818,2024-04-02,2024-05-21
sz.300212,2022-12-06,2023-01-18
sh.688291,2024-01-18,2024-03-08
sh.688189,2022-03-01,2022-04-14
sz.301052,2024-03-28,2024-05-16
sh.601218,2022-04-18,2022-06-02
sz.000596,2024-08-30,2024-10-22
sh.603633,2022-03-02,2022-04-15
sh.600624,2022-12-12,2023-01-31
sh.688390,2024-04-12,2024-05-29
sz.300560,2022-04-12,2022-05-27
sh.600883,2024-01-30,2024-03-20
sz.300885,2024-03-29,2024-05-17
sz.000977,2023-10-11,2023-11-22
sh.688107,2022-08-19,2022-10-10
sz.300071,2023-04-13,2023-05-30
sh.600765,2023-09-21,2023-11-10
sh.600206,2022-08-17,2022-09-29
sz.002888,2024-05-22,2024-07-04
sh.600509,2024-01-03,2024-02-22
sz.300268,2021-07-22,2021-09-02
sh.688296,2024-01-18,2024-03-08
sh.688130,2022-09-14,2022-11-02
sh.688029,2022-08-12,2022-09-26
sz.002570,2021-01-22,2021-03-12
sz.301070,2024-03-29,2024-05-17
sz.002885,2024-01-19,2024-03-11
sz.300613,2023-04-20,2023-06-20
sz.300763,2021-08-31,2021-10-21
sh.605289,2022-12-08,2023-01-20
sz.300567,2024-01-22,2024-03-12
sz.300418,2023-06-14,2023-07-28
sh.603040,2021-10-19,2021-11-30
sz.002537,2024-01-22,2024-03-12
sh.688317,2022-05-24,2022-07-06
sh.600793,2024-01-25,2024-03-15
sz.000422,2021-07-23,2021-09-03
sz.000683,2021-10-25,2021-12-06
sz.301319,2024-01-18,2024-03-08
sz.003032,2023-06-14,2023-07-28
sz.300241,2024-04-03,2024-05-22
sh.603778,2023-07-19,2023-08-30
sh.600158,2022-04-12,2022-05-27
sz.002975,2021-07-14,2021-08-25
sh.601595,2024-04-29,2024-06-14
sz.001326,2024-01-12,2024-03-04
sz.300942,2024-04-02,2024-05-21
sh.600733,2024-08-01,2024-09-12
sz.300489,2021-01-07,2021-02-25
sh.688141,2024-06-21,2024-08-02
sh.605368,2021-02-02,2021-03-23
sz.300226,2024-10-18,2024-11-29
sh.688191,2021-12-21,2022-02-09
sh.603088,2021-11-30,2022-01-12
sh.603908,2021-10-25,2021-12-06
sh.603338,2021-09-06,2021-10-27
sz.000619,2022-04-14,2022-05-31
sz.002243,2024-10-31,2024-12-12
sz.300050,2022-04-14,2022-05-31
sz.300283,2024-01-26,2024-03-18
sz.300086,2024-05-23,2024-07-05
sz.002045,2022-09-16,2022-11-04
sz.300848,2024-01-16,2024-03-06
sz.002597,2021-02-19,2021-04-02
sz.300844,2022-04-14,2022-05-31
sz.300721,2024-01-16,2024-03-06
sz.001230,2024-01-17,2024-03-07
sh.600644,2022-08-18,2022-09-30
sz.300610,2024-01-22,2024-03-12
sz.300085,2022-04-15,2022-06-01
sz.002235,2024-01-25,2024-03-15
sh.688702,2024-03-20,2024-05-08
sz.002425,2024-01-26,2024-03-18
sh.600097,2022-04-13,2022-05-30
sh.600498,2023-10-18,2023-11-29
sh.688073,2024-01-17,2024-03-07
sh.688189,2022-11-17,2022-12-29
sz.301107,2024-01-26,2024-03-18
sh.600678,2023-12-14,2024-01-26
sz.301197,2024-01-25,2024-03-15
sz.000948,2022-04-18,2022-06-02
sh.603976,2024-01-18,2024-03-08
sh.603013,2023-05-26,2023-07-11
sz.300557,2024-01-19,2024-03-11
sh.688768,2022-01-19,2022-03-09
sh.603960,2022-03-01,2022-04-14
sz.002323,2021-04-29,2021-06-16
sz.002919,2024-03-21,2024-05-09
sz.000933,2021-09-15,2021-11-05
sh.603608,2021-01-27,2021-03-17
sz.300307,2024-01-22,2024-03-12
sz.301129,2024-04-01,2024-05-20
sz.300486,2024-03-29,2024-05-17
sz.300631,2021-09-15,2021-11-05
sz.000155,2022-03-30,2022-06-01
sh.603311,2022-12-14,2023-02-02
sz.301128,2021-12-24,2022-02-14
sz.300075,2022-01-20,2022-03-10
sh.600358,2022-06-28,2022-08-09
sz.300052,2022-04-19,2022-06-06
sz.300880,2024-01-17,2024-03-07
sz.002360,2024-01-29,2024-03-19
sz.002377,2023-03-22,2023-05-09
sz.000899,2021-04-13,2021-05-28
sh.603278,2024-01-26,2024-03-18
sz.300745,2024-01-26,2024-03-18
sz.002100,2021-07-14,2021-08-25
sz.300468,2022-12-05,2023-01-17
sh.603324,2021-04-19,2021-06-03
sh.603006,2022-08-18,2022-09-30
sz.002452,2022-04-11,2022-05-26
sh.600530,2022-04-14,2022-05-31
sz.300375,2024-03-29,2024-05-17
sz.002240,2022-03-28,2022-05-16
sz.000799,2021-02-22,2021-04-06
sh.600452,2021-12-24,2022-02-14
sz.001225,2024-01-18,2024-03-08
sz.301278,2022-11-03,2022-12-15
sz.002643,2021-02-19,2021-04-02
sz.300890,2024-05-09,2024-06-21
sz.301129,2024-07-02,2024-08-13
sh.688087,2022-03-01,2022-04-14
sz.301408,2024-01-26,2024-03-18
sz.002199,2022-08-16,2022-09-28
sh.605111,2021-12-03,2022-01-17
sh.688378,2024-06-19,2024-07-31
sz.000530,2022-01-17,2022-03-07
sh.603676,2024-01-22,2024-03-12
sh.603658,2021-08-11,2021-09-24
sh.600322,2022-10-11,2022-11-22
sz.300139,2024-05-20,2024-07-02
sz.002650,2024-04-30,2024-06-17
sz.000539,2022-03-01,2022-04-14
sh.688179,2024-01-19,2024-03-11
sz.300499,2022-03-01,2022-04-14
sh.600663,2021-07-13,2021-08-24
sz.002985,2022-08-01,2022-09-13
sz.000655,2022-04-14,2022-05-31
sz.002748,2021-11-23,2022-01-05
sz.301201,2022-03-25,2022-05-13
sz.000630,2021-09-13,2021-11-03
sh.688173,2024-01-17,2024-03-07
sz.002565,2022-01-18,2022-03-08
sz.002289,2024-01-26,2024-03-18
sz.301152,2023-04-12,2023-05-29
sz.002475,2021-01-14,2021-03-04
sh.688686,2021-10-15,2021-11-26
sh.600322,2024-05-20,2024-07-02
sh.688368,2023-08-02,2023-09-13
sz.301092,2024-01-26,2024-03-18
sz.000737,2021-10-25,2021-12-06
sh.605599,2021-09-14,2021-11-04
sz.002991,2022-02-23,2022-04-08
sz.000617,2024-11-08,2024-12-20
sz.300499,2022-03-22,2022-05-10
sz.002224,2024-01-25,2024-03-15
sh.605168,2024-03-21,2024-05-09
sz.000009,2022-09-09,2022-10-31
sz.300081,2021-04-29,2021-06-16
sz.000608,2024-05-23,2024-07-05
sh.688286,2022-04-13,2022-05-30
sz.000586,2022-03-01,2022-04-14
sz.300290,2022-04-15,2022-06-01
sz.002369,2024-04-08,2024-05-23
sz.301037,2022-04-13,2022-05-30
sz.300763,2024-06-13,2024-07-25
sz.300254,2024-01-23,2024-03-13
sh.603230,2023-12-20,2024-02-01
sh.688147,2024-06-13,2024-07-25
sh.600227,2024-04-11,2024-05-28
sh.603936,2024-04-01,2024-05-20
sh.600577,2021-09-17,2021-11-09
sh.601801,2023-12-13,2024-01-25
sz.002603,2022-04-07,2022-05-24
sh.600246,2023-04-11,2023-05-26
sz.300631,2021-09-23,2021-11-11
sh.603116,2024-01-26,2024-03-18
sz.002372,2024-08-14,2024-09-27
sh.601969,2021-09-22,2021-11-10
sz.000703,2021-02-23,2021-04-07
sh.688080,2022-01-17,2022-03-07
sz.000504,2024-03-28,2024-05-16
sh.688309,2024-04-08,2024-05-23
sz.300250,2023-06-13,2023-07-27
sh.603648,2024-01-24,2024-03-14
sz.002980,2024-01-24,2024-03-14
sh.688131,2024-01-23,2024-03-13
sz.002759,2021-03-04,2021-04-16
sh.600026,2021-10-18,2021-11-29
sh.600416,2021-04-08,2021-05-25
sz.300415,2021-07-14,2021-08-25
sz.301052,2024-05-22,2024-07-04
sz.002786,2021-04-20,2021-06-04
sz.002021,2022-09-09,2022-10-31
sz.002607,2024-08-07,2024-09-20
sz.002709,2021-02-03,2021-03-24
sz.002857,2024-01-18,2024-03-08
sz.300427,2023-03-14,2023-04-26
sh.600449,2024-08-02,2024-09-13
sz.002812,2021-02-04,2021-03-25
sz.301218,2023-04-12,2023-05-29
sz.002146,2022-04-13,2022-05-30
sh.600367,2022-04-13,2022-05-30
sz.300659,2022-01-18,2022-03-08
sz.002557,2021-02-08,2021-03-29
sh.688026,2024-01-22,2024-03-12
sh.600388,2021-09-23,2021-11-11
sh.603806,2022-04-11,2022-05-26
sz.300613,2023-04-18,2023-06-16
sz.002119,2022-08-10,2022-09-22
sh.603538,2021-10-15,2021-11-26
sz.002167,2021-09-15,2021-11-05
sh.600722,2022-03-01,2022-04-14
sz.301161,2022-09-22,2022-11-10
sz.002723,2024-01-25,2024-03-15
sh.688089,2022-01-17,2022-03-07
sz.301125,2024-01-25,2024-03-15
sz.000509,2024-03-29,2024-05-17
sz.300300,2023-09-13,2023-11-02
sz.300242,2021-01-21,2021-03-11
sh.605389,2022-08-19,2022-10-10
sz.300308,2023-10-11,2023-11-22
sz.000903,2024-01-23,2024-03-13
sz.301038,2021-10-15,2021-11-26
sz.002270,2024-09-03,2024-10-24
sz.300404,2022-01-11,2022-03-01
sz.300048,2022-04-07,2022-05-24
sh.688348,2023-03-10,2023-04-24
sh.688687,2023-07-06,2023-08-17
sh.688217,2024-01-19,2024-03-11
sz.300339,2021-12-14,2022-01-26
sz.002371,2021-12-30,2022-02-18
sh.600113,2022-04-12,2022-05-27
sh.600882,2022-06-30,2022-08-25
sz.002951,2022-09-22,2022-11-10
sh.688062,2022-04-06,2022-05-23
sz.002923,2024-01-23,2024-03-13
sz.001300,2024-01-04,2024-02-23
sz.300053,2024-08-01,2024-09-12
sz.000881,2022-04-21,2022-06-08
sh.688707,2022-07-29,2022-09-09
sz.000619,2024-01-17,2024-03-07
sh.688498,2024-01-15,2024-03-05
sh.603613,2022-12-05,2023-01-17
sz.002800,2023-04-24,2023-06-09
sh.603261,2022-04-15,2022-06-01
sz.002414,2022-03-04,2022-04-19
sh.601689,2021-02-23,2021-04-07
sz.000990,2022-05-13,2022-06-27
sh.688601,2024-06-20,2024-08-01
sz.001298,2024-01-08,2024-02-27
sz.000510,2024-01-22,2024-03-12
sh.688329,2021-08-18,2021-10-08
sh.688426,2024-08-09,2024-09-24
sh.600812,2022-05-17,2022-06-29
sh.600998,2021-10-14,2021-11-25
sh.688716,2024-01-25,2024-03-15
sz.301027,2022-05-19,2022-07-01
sh.688711,2021-12-27,2022-02-15
sz.300180,2021-01-19,2021-03-09
sz.300580,2022-02-25,2022-04-12
sz.000868,2022-09-27,2022-11-15
sz.301578,2024-01-25,2024-03-15
sz.002820,2024-01-19,2024-03-11
sz.300671,2024-03-22,2024-05-10
sz.002738,2024-01-18,2024-03-08
sz.300380,2023-08-28,2023-10-17
sz.300165,2024-01-10,2024-02-29
sz.300950,2024-01-25,2024-03-15
sh.603258,2024-03-21,2024-05-09
sz.300598,2024-03-13,2024-04-26
sh.605128,2023-02-27,2023-04-11
sh.600172,2022-09-28,2022-11-16
sz.300709,2023-04-25,2023-06-09
sh.688368,2022-12-07,2023-01-19
sh.600166,2022-04-12,2022-05-27
sz.300951,2024-01-12,2024-03-04
sh.603706,2022-03-02,2022-04-15
sz.300256,2021-08-20,2021-10-13
sz.000615,2023-10-11,2023-11-22
sh.603709,2022-04-14,2022-05-31
sz.301072,2022-09-14,2022-11-02
sz.000815,2021-01-21,2021-03-11
sz.300152,2022-09-22,2022-11-10
sz.302132,2023-03-06,2023-04-18
sh.600409,2021-05-07,2021-06-21
sz.300867,2022-04-18,2022-06-02
sh.605189,2024-01-26,2024-03-18
sh.688680,2024-03-13,2024-04-26
sz.300999,2021-10-14,2021-11-25
sh.688515,2024-06-21,2024-08-02
sz.000510,2024-01-18,2024-03-08
sz.000807,2021-10-25,2021-12-06
sz.002586,2023-04-17,2023-06-02
sh.605122,2022-04-08,2022-05-25
sh.603055,2021-11-19,2021-12-31
sz.001234,2022-10-14,2022-11-25
sz.000756,2022-07-13,2022-08-24
sz.300328,2024-04-01,2024-05-20
sz.002241,2023-04-10,2023-05-25
sh.688068,2021-08-04,2021-09-15
sh.688260,2024-05-22,2024-07-04
sh.600101,2024-01-09,2024-02-28
sz.300537,2021-08-25,2021-10-15
sz.000739,2022-04-12,2022-05-27
sh.600883,2022-04-11,2022-05-26
sz.300935,2022-04-12,2022-05-27
sh.603029,2023-01-05,2023-02-23
sz.002611,2022-08-19,2022-10-10
sh.600425,2023-06-19,2023-08-02
sz.002021,2022-09-13,2022-11-01
sh.603090,2021-01-21,2021-03-11
sz.300084,2021-10-11,2021-11-22
sz.300569,2022-03-31,2022-05-19
sh.603236,2023-04-17,2023-06-01
sz.301162,2024-01-23,2024-03-13
sh.603186,2024-01-17,2024-03-07
sh.603880,2024-01-25,2024-03-15
sh.603768,2024-01-23,2024-03-13
sz.301157,2023-04-13,2023-05-30
sz.002398,2024-01-19,2024-03-11
sz.002439,2023-12-28,2024-02-19
sz.300565,2022-04-19,2022-06-06
sz.002052,2023-10-09,2023-11-20
sz.301092,2023-10-09,2023-11-20
sz.300466,2024-03-19,2024-05-07
sz.300790,2022-01-10,2022-02-28
sz.300034,2022-03-25,2022-05-13
sh.600280,2022-04-14,2022-05-31
sh.603232,2023-09-12,2023-11-01
sh.603992,2021-09-02,2021-10-25
sz.300638,2022-02-28,2022-04-13
sz.301087,2022-12-09,2023-01-30
sh.688707,2023-08-11,2023-09-22
sh.600381,2022-01-17,2022-03-07
sh.688277,2024-03-20,2024-05-08
sh.600828,2024-01-19,2024-03-11
sz.301208,2024-01-26,2024-03-18
sz.300576,2023-07-06,2023-08-17
sh.603879,2024-05-09,2024-06-21
sz.300657,2022-08-12,2022-09-26
sz.300020,2022-01-19,2022-03-09
sz.300225,2022-02-24,2022-04-11
sh.600367,2022-04-18,2022-06-02
sz.300854,2022-04-15,2022-06-01
sh.600753,2024-01-10,2024-02-29
sz.002905,2021-07-22,2021-09-02
sz.300887,2024-05-08,2024-06-20
sz.301230,2024-01-22,2024-03-12
sh.688188,2022-08-09,2022-09-21
sh.603660,2023-12-15,2024-01-29
sz.301027,2024-08-28,2024-10-18
sz.300612,2022-01-04,2022-02-22
sz.301011,2022-03-30,2022-05-18
sz.300567,2022-03-28,2022-05-16
sz.002453,2022-04-20,2022-06-07
sz.002150,2024-10-08,2024-11-19
sh.601636,2021-09-02,2021-10-25
sh.603667,2024-03-13,2024-04-26
sz.002474,2022-04-19,2022-06-06
sz.000056,2023-11-13,2023-12-25
sz.300691,2022-04-14,2022-05-31
sh.688365,2021-04-21,2021-06-07
sz.002881,2023-04-13,2023-05-30
sz.300042,2023-08-08,2023-09-19
sz.300610,2022-01-07,2022-02-25
sz.301285,2022-12-15,2023-02-03
sh.600107,2024-01-24,2024-03-14
sz.002905,2024-01-22,2024-03-12
sz.300821,2023-04-21,2023-06-07
sz.002717,2022-04-19,2022-06-06
sz.300224,2022-03-01,2022-04-14
sz.300080,2024-08-15,2024-09-30
sh.603050,2024-01-23,2024-03-13
sh.600676,2022-04-13,2022-05-30
sz.300277,2024-03-29,2024-05-17
sz.000610,2023-09-28,2023-11-17
sz.002631,2024-01-18,2024-03-08
sh.688597,2022-01-12,2022-03-02
sz.002915,2024-01-26,2024-03-18
sh.600633,2022-04-14,2022-05-31
sz.300198,2021-08-11,2021-09-24
sz.300269,2022-04-12,2022-05-27
sh.600812,2022-04-13,2022-05-30
sz.002140,2022-01-14,2022-03-04
sh.600876,2022-08-17,2022-09-29
sh.688221,2024-01-19,2024-03-11
sh.688373,2024-01-08,2024-02-27
sh.601999,2022-04-19,2022-06-06
sz.300542,2024-01-24,2024-03-14
sh.600026,2021-10-19,2021-11-30
sz.002157,2023-04-27,2023-06-14
sz.301030,2024-10-31,2024-12-12
sh.688271,2023-08-16,2023-09-27
sh.688375,2024-01-22,2024-03-12
sz.002134,2024-11-13,2024-12-25
sh.600557,2023-10-10,2023-11-21
sz.300382,2021-09-16,2021-11-08
sz.002044,2021-06-02,2021-07-15
sz.300890,2022-10-17,2022-11-28
sz.300437,2024-01-16,2024-03-06
sh.603336,2022-04-21,2022-06-08
sh.688060,2022-08-18,2022-09-30
sh.603709,2021-03-29,2021-05-14
sh.600706,2021-04-20,2021-06-04
sh.688533,2022-01-18,2022-03-08
sz.301071,2021-12-30,2022-02-18
sh.688521,2022-08-11,2022-09-23
sz.002443,2024-01-24,2024-03-14
sz.300120,2024-10-18,2024-11-29
sz.000719,2023-06-20,2023-08-03
sh.603683,2024-01-18,2024-03-08
sz.301031,2021-08-24,2021-10-14
sz.300802,2024-03-29,2024-05-17
sz.300387,2022-04-14,2022-05-31
sz.002727,2024-06-05,2024-07-18
sh.600622,2023-08-29,2023-10-18
sh.600331,2021-10-25,2021-12-06
sh.688307,2024-01-29,2024-03-19
sz.300198,2024-05-24,2024-07-08
sz.002623,2021-09-17,2021-11-09
sh.688798,2023-04-17,2023-06-01
sz.301011,2022-04-15,2022-06-01
sz.301487,2024-01-17,2024-03-07
sh.603507,2022-02-28,2022-04-13
sh.688275,2023-09-25,2023-11-14
sh.688639,2021-09-16,2021-11-08
sh.603214,2022-10-14,2022-11-25
sz.002885,2022-03-28,2022-05-16
sh.603276,2024-01-26,2024-03-18
sh.603040,2023-02-27,2023-04-11
sh.600531,2022-04-13,2022-05-30
sh.688448,2024-04-08,2024-05-23
sh.603380,2022-02-24,2022-04-11
sh.688260,2022-04-12,2022-05-27
sz.301307,2024-01-24,2024-03-14
sz.002112,2022-03-21,2022-05-09
sz.002527,2021-09-13,2021-11-03
sz.002796,2024-01-26,2024-03-18
sz.300229,2023-12-12,2024-01-24
sz.301398,2023-10-13,2023-11-24
sh.688200,2021-03-12,2021-04-26
sh.688282,2023-11-27,2024-01-09
sz.300328,2024-01-25,2024-03-15
sz.000547,2021-01-25,2021-03-15
sh.600397,2021-10-27,2021-12-08
sh.600861,2022-04-08,2022-05-25
sh.600358,2024-04-12,2024-05-29
sh.688232,2024-03-21,2024-05-09
sh.605162,2024-01-22,2024-03-12
sh.600130,2024-04-01,2024-05-20
sz.002529,2022-03-24,2022-05-12
sh.688596,2022-04-11,2022-05-26
sz.002887,2022-05-19,2022-07-01
sh.603038,2022-01-24,2022-03-14
sz.300233,2024-08-07,2024-09-20
sz.002064,2022-03-01,2022-04-14
sz.003004,2024-06-26,2024-08-07
sh.688390,2022-08-26,2022-10-17
sh.688595,2022-08-17,2022-09-29
sz.000670,2022-09-06,2022-10-26
sz.300366,2024-01-18,2024-03-08
sh.688172,2023-08-10,2023-09-21
sz.300450,2022-11-08,2022-12-20
sz.300045,2021-01-20,2021-03-10
sz.300094,2024-01-25,2024-03-15
sz.300698,2024-01-22,2024-03-12
sz.300869,2021-08-10,2021-09-23
sz.301069,2021-11-25,2022-01-07
sz.003010,2023-06-09,2023-07-25
sh.688626,2021-06-29,2021-08-10
sz.002063,2023-04-13,2023-05-30
sh.688093,2023-04-14,2023-05-31
sz.000421,2022-04-20,2022-06-07
sz.300916,2022-09-07,2022-10-27
sz.300175,2021-01-27,2021-03-17
sz.300457,2022-10-18,2022-11-29
sz.300763,2024-01-19,2024-03-11
sz.300638,2024-07-24,2024-09-04
sh.688098,2022-04-13,2022-05-30
sh.600076,2024-01-24,2024-03-14
sz.300964,2024-01-17,2024-03-07
sz.300505,2022-08-25,2022-10-14
sz.002745,2021-01-22,2021-03-12
sz.000546,2023-06-06,2023-07-21
sh.603076,2022-08-24,2022-10-13
sz.000521,2024-05-14,2024-06-26
sz.002045,2023-05-11,2023-06-26
sz.301489,2024-01-16,2024-03-06
sz.300772,2022-04-07,2022-05-24
sz.002208,2022-04-12,2022-05-27
sh.688256,2024-03-25,2024-05-13
sh.688156,2024-04-01,2024-05-20
sz.002603,2022-12-23,2023-02-13
sz.002171,2022-10-17,2022-11-28
sz.002656,2024-09-13,2024-11-05
sz.300987,2021-06-22,2021-08-03
sz.301322,2024-01-24,2024-03-14
sh.600088,2023-05-11,2023-06-26
sh.603650,2024-01-22,2024-03-12
sz.000738,2021-02-25,2021-04-09
sh.605366,2021-09-14,2021-11-04
sh.600644,2024-01-22,2024-03-12
sz.300935,2021-01-22,2021-03-12
sz.000159,2021-09-13,2021-11-03
sh.600333,2022-10-17,2022-11-28
sh.603683,2021-04-14,2021-05-31
sh.605033,2024-01-17,2024-03-07
sh.688448,2024-01-29,2024-03-19
sz.000419,2024-01-24,2024-03-14
sh.603818,2022-07-01,2022-08-12
sh.688109,2024-01-26,2024-03-18
sz.300299,2024-08-20,2024-10-10
sh.688380,2022-08-11,2022-09-23
sz.002632,2024-04-03,2024-05-22
sh.688348,2023-03-08,2023-04-20
sh.688680,2024-01-15,2024-03-05
sh.600744,2023-05-25,2023-07-10
sh.688008,2022-03-22,2022-05-10
sh.603813,2024-01-24,2024-03-14
sz.300212,2022-12-12,2023-01-31
sh.605289,2024-10-22,2024-12-03
sh.600630,2024-02-01,2024-03-22
sz.300049,2022-05-09,2022-06-21
sh.688181,2021-01-22,2021-03-12
sh.600543,2024-10-29,2024-12-10
sh.603505,2021-03-11,2021-04-23
sz.001217,2024-01-12,2024-03-04
sh.688628,2022-04-13,2022-05-30
sz.000012,2022-04-15,2022-06-01
sh.688668,2024-01-16,2024-03-06
sh.688300,2022-04-14,2022-05-31
sz.300607,2024-01-19,2024-03-11
sz.300373,2023-08-10,2023-09-21
sh.600351,2021-09-17,2021-11-09
sz.300575,2023-10-19,2023-11-30
sh.603077,2021-07-23,2021-09-03
sh.603979,2024-07-10,2024-08-21
sh.688192,2022-11-08,2022-12-20
sh.688125,2022-11-03,2022-12-15
sh.600337,2024-05-31,2024-07-15
sz.301067,2024-01-29,2024-03-19
sh.600970,2024-06-28,2024-08-09
sz.301101,2024-01-17,2024-03-07
sz.300370,2021-04-12,2021-05-28
sz.002471,2022-08-17,2022-09-29
sh.688230,2023-04-17,2023-06-01
sz.000711,2022-04-14,2022-05-31
sz.002245,2024-01-19,2024-03-11
sz.301270,2024-03-25,2024-05-13
sh.688379,2024-01-29,2024-03-19
sh.600559,2021-12-23,2022-02-11
sh.688303,2024-06-13,2024-07-25
sh.603008,2022-09-29,2022-11-17
sz.300302,2024-04-09,2024-05-24
sz.300462,2021-10-18,2021-11-29
sz.000153,2022-01-13,2022-03-03
sz.300212,2024-03-20,2024-05-08
sz.002119,2022-04-11,2022-05-26
sz.000868,2024-01-22,2024-03-12
sz.000931,2022-09-09,2022-10-31
sz.300811,2024-01-22,2024-03-12
sh.688226,2024-06-18,2024-07-30
sz.300510,2022-04-12,2022-05-27
sz.001202,2021-08-16,2021-09-29
sz.300329,2022-02-28,2022-04-13
sh.603869,2023-12-12,2024-01-24
sz.300385,2021-01-22,2021-03-12
sh.600130,2022-04-14,2022-05-31
sz.300571,2023-04-18,2023-06-02
sz.002951,2023-07-13,2023-08-25
sh.600711,2024-07-23,2024-09-04
sh.603168,2024-01-17,2024-03-07
sz.300810,2024-01-25,2024-03-15
sh.688239,2021-08-30,2021-10-20
sz.300663,2023-04-11,2023-05-26
sz.002279,2024-04-01,2024-05-20
sz.301022,2024-01-24,2024-03-14
sh.601811,2023-04-28,2023-06-14
sz.300911,2021-07-20,2021-08-31
sh.603063,2022-09-06,2022-10-26
sz.002074,2021-09-10,2021-11-02
sh.688161,2022-10-21,2022-12-02
sh.600740,2021-09-13,2021-11-03
sz.002660,2024-01-08,2024-02-27
sz.000545,2022-04-19,2022-06-06
sh.600525,2022-04-11,2022-05-26
sh.688702,2024-06-18,2024-07-30
sh.688606,2024-04-26,2024-06-13
sz.002527,2024-04-02,2024-05-21
sz.300626,2021-01-26,2021-03-16
sz.300141,2022-08-19,2022-10-10
sz.001313,2024-01-23,2024-03-13
sh.603366,2024-01-22,2024-03-12
sh.688082,2022-04-14,2022-05-31
sh.688610,2024-06-26,2024-08-07
sz.301028,2024-01-10,2024-02-29
sz.300648,2024-04-01,2024-05-20
sz.300836,2024-04-03,2024-05-22
sz.000750,2024-11-07,2024-12-19
sh.605398,2022-04-14,2022-05-31
sh.603869,2021-03-05,2021-04-19
sz.002315,2023-10-09,2023-11-20
sh.603815,2022-04-07,2022-05-24
sz.300122,2022-04-01,2022-05-20
sz.001227,2022-04-06,2022-05-23
sh.603085,2023-03-02,2023-04-14
sz.300554,2024-03-13,2024-04-26
sz.300235,2024-01-19,2024-03-11
sh.605199,2024-01-23,2024-03-13
sh.688433,2024-01-18,2024-03-08
sh.600764,2024-01-03,2024-02-22
sz.300187,2022-04-12,2022-05-27
sz.301205,2024-03-19,2024-05-07
sz.300757,2024-01-17,2024-03-07
sh.688167,2024-03-21,2024-05-09
sh.600375,2024-01-15,2024-03-05
sh.688390,2021-02-22,2021-04-06
sz.000156,2023-05-12,2023-06-27
sh.603656,2021-07-14,2021-08-25
sz.300871,2022-04-19,2022-06-06
sz.002274,2022-04-18,2022-06-02
sz.000688,2021-09-16,2021-11-08
sz.000026,2024-01-19,2024-03-11
sh.600121,2021-03-12,2021-04-26
sh.601086,2022-10-14,2022-11-25
sh.603218,2022-04-14,2022-05-31
sz.002933,2024-01-29,2024-03-19
sz.002356,2022-01-05,2022-02-23
sh.688670,2023-07-03,2023-08-14
sz.002451,2023-08-18,2023-10-09
sh.600499,2021-02-03,2021-03-24
sz.300423,2022-01-12,2022-03-02
sz.002200,2021-01-21,2021-03-11
sz.300618,2021-03-02,2021-04-14
sh.688616,2024-01-17,2024-03-07
sh.600476,2024-01-25,2024-03-15
sz.000707,2021-10-22,2021-12-03
sz.002084,2022-10-18,2022-11-29
sz.300261,2022-03-23,2022-05-11
sz.002778,2022-08-25,2022-10-14
sz.002175,2024-01-24,2024-03-14
sz.000733,2022-04-11,2022-05-26
sz.002331,2024-01-26,2024-03-18
sz.002378,2021-09-16,2021-11-08
sz.300725,2021-10-19,2021-11-30
sh.601100,2022-02-24,2022-04-11
sz.300266,2022-04-15,2022-06-01
sz.300477,2022-08-23,2022-10-12
sh.600933,2022-06-27,2022-08-08
sz.300602,2021-12-02,2022-01-14
sz.002213,2022-09-06,2022-10-26
sz.002272,2024-04-01,2024-05-20
sz.300916,2024-04-17,2024-06-03
sz.000153,2022-01-11,2022-03-01
sz.300074,2024-01-23,2024-03-13
sz.300209,2024-01-15,2024-03-05
sh.688582,2024-01-18,2024-03-08
sh.688359,2022-01-12,2022-03-02
sz.300782,2024-01-22,2024-03-12
sh.600316,2021-06-21,2021-08-02
sh.688167,2022-03-23,2022-05-11
sh.600080,2024-01-23,2024-03-13
sz.300595,2021-08-20,2021-10-12
sh.600561,2024-01-26,2024-03-18
sz.002059,2024-01-19,2024-03-11
sh.688518,2022-11-14,2022-12-26
sh.603179,2022-01-19,2022-03-09
sz.000601,2022-08-17,2022-10-10
sz.002850,2023-08-25,2023-10-16
sh.600830,2022-04-20,2022-06-07
sz.300679,2022-01-24,2022-03-14
sh.600072,2021-01-20,2021-03-10
sh.603000,2022-04-12,2022-05-27
sz.300739,2024-06-24,2024-08-05
sz.301166,2022-03-23,2022-05-11
sh.600829,2022-04-12,2022-05-27
sz.300448,2024-01-22,2024-03-12
sz.300320,2021-12-28,2022-02-16
sz.301103,2024-03-29,2024-05-17
sz.301519,2023-10-25,2023-12-06
sh.603790,2024-01-26,2024-03-18
sz.301525,2023-09-26,2023-11-15
sh.605567,2024-01-17,2024-03-07
sz.002483,2024-01-19,2024-03-11
sh.603799,2021-08-30,2021-10-20
sh.601137,2022-09-19,2022-11-07
sz.300681,2021-12-02,2022-01-14
sh.600305,2021-02-09,2021-03-30
sz.300236,2022-04-11,2022-05-26
sh.600250,2023-12-13,2024-01-25
sz.301539,2024-07-11,2024-08-22
sz.300076,2022-12-13,2023-02-01
sz.300793,2022-04-13,2022-05-30
sh.688237,2024-04-02,2024-05-21
sz.300600,2021-03-01,2021-04-13
sz.002358,2021-04-21,2021-06-08
sh.688350,2024-01-23,2024-03-13
sz.300447,2023-04-24,2023-06-08
sh.600985,2022-10-17,2022-11-28
sh.688343,2023-04-20,2023-06-06
sz.002275,2022-12-08,2023-01-20
sz.002369,2024-09-02,2024-10-23
sh.688668,2023-12-04,2024-01-16
sz.300054,2022-09-22,2022-11-10
sz.002567,2022-04-13,2022-05-30
sz.002865,2022-12-02,2023-01-16
sh.688348,2022-12-02,2023-01-16
sz.301315,2024-06-21,2024-08-02
sz.001210,2024-01-25,2024-03-15
sh.688301,2021-03-05,2021-04-19
sz.300763,2021-02-09,2021-03-30
sz.300359,2021-07-16,2021-08-27
sh.603005,2022-08-16,2022-09-28
sz.300543,2022-08-17,2022-09-29
sz.002846,2022-04-06,2022-05-23
sz.300260,2024-03-25,2024-05-13
sh.600505,2024-04-09,2024-05-24
sz.300871,2022-04-12,2022-05-27
sh.600228,2021-04-19,2021-06-03
sz.000586,2024-03-01,2024-04-16
sh.688388,2022-01-18,2022-03-08
sh.603959,2024-05-24,2024-07-08
sz.300141,2022-04-08,2022-05-25
sz.300232,2024-01-16,2024-03-06
sh.603936,2023-04-21,2023-06-07
sz.000936,2021-09-15,2021-11-05
sz.300113,2022-08-19,2022-10-10
sz.301133,2022-01-13,2022-03-03
sh.603026,2022-04-07,2022-05-24
sh.601811,2023-05-05,2023-06-16
sz.300670,2024-01-22,2024-03-12
sz.300522,2022-03-02,2022-04-15
sh.688302,2024-03-18,2024-05-06
sz.000999,2022-12-08,2023-01-20
sh.601689,2023-09-28,2023-11-17
sz.300981,2024-01-17,2024-03-07
sz.002165,2022-04-14,2022-05-31
sz.300752,2022-06-27,2022-08-08
sh.600615,2024-04-10,2024-05-27
sh.605122,2021-07-16,2021-08-27
sz.301028,2021-09-16,2021-11-08
sh.688095,2022-04-12,2022-05-27
sh.688579,2024-01-25,2024-03-15
sh.603858,2022-01-17,2022-03-07
sh.600399,2022-01-07,2022-02-25
sz.002873,2024-01-09,2024-03-13
sz.300857,2022-09-05,2022-10-25
sz.002873,2022-03-23,2022-05-11
sh.600927,2022-01-13,2022-03-03
sz.002649,2022-04-01,2022-05-20
sh.603272,2024-05-24,2024-07-08
sz.300681,2024-01-15,2024-03-05
sh.603160,2022-04-18,2022-06-02
sz.300926,2022-03-02,2022-04-15
sz.000796,2023-04-21,2023-06-08
sz.002550,2022-01-20,2022-03-10
sz.300150,2024-04-01,2024-05-20
sh.600333,2021-01-26,2021-03-16
sh.688202,2022-01-21,2022-03-11
sz.002868,2024-01-25,2024-03-15
sz.300507,2024-01-23,2024-03-13
sz.000985,2022-09-05,2022-10-25
sh.688039,2023-04-17,2023-06-01
sz.002595,2022-03-03,2022-04-18
sh.600365,2024-01-26,2024-03-18
sh.600333,2024-01-24,2024-03-14
sz.300165,2022-04-15,2022-06-01
sz.300270,2024-01-30,2024-03-20
sz.000980,2024-01-22,2024-03-12
sz.000069,2024-10-08,2024-11-19
sz.002576,2021-09-17,2021-11-09
sz.300751,2021-08-25,2021-10-15
sh.600775,2024-03-18,2024-05-06
sz.002508,2021-08-19,2021-10-11
sh.688733,2022-03-30,2022-05-18
sz.002219,2024-08-05,2024-09-18
sz.300892,2024-08-06,2024-09-19
sz.002456,2021-03-08,2021-04-20
sz.300696,2024-03-29,2024-05-17
sz.000026,2024-01-25,2024-03-15
sz.002150,2023-02-28,2023-04-12
sh.605028,2022-09-09,2022-10-31
sz.301019,2024-01-29,2024-03-19
sh.600707,2022-01-13,2022-03-03
sh.688652,2024-01-10,2024-02-29
sz.300965,2022-08-18,2022-09-30
sz.000931,2024-01-26,2024-03-18
sz.300517,2023-01-10,2023-02-28
sz.000755,2022-07-15,2022-09-02
sh.600820,2024-08-19,2024-10-09
sh.603192,2022-01-18,2022-03-08
sz.002229,2024-03-25,2024-05-13
sh.603931,2024-04-02,2024-05-21
sh.600660,2021-03-11,2021-04-23
sz.000701,2024-05-24,2024-07-08
sh.600239,2021-01-22,2021-03-12
sh.688083,2023-10-10,2023-11-21
sh.688560,2024-01-17,2024-03-07
sz.003025,2024-01-25,2024-03-15
sz.002951,2024-06-26,2024-08-07
sh.603258,2024-01-23,2024-03-13
sz.002514,2022-12-09,2023-01-30
sz.002772,2021-07-22,2021-09-02
sz.002534,2021-09-24,2021-11-12
sz.002990,2022-04-11,2022-05-26
sz.300712,2021-06-10,2021-07-23
sh.600844,2024-01-18,2024-03-08
sz.301591,2024-03-21,2024-05-09
sh.601339,2022-03-02,2022-04-15
sh.603843,2024-08-19,2024-10-09
sz.002777,2022-03-04,2022-04-19
sh.688049,2023-04-07,2023-05-24
sz.002886,2022-09-01,2022-10-21
sz.000886,2024-05-23,2024-07-05
sz.301550,2024-01-03,2024-02-22
sh.601127,2023-03-28,2023-05-15
sh.688100,2021-12-23,2022-02-11
sz.301377,2022-12-08,2023-01-20
sz.301106,2024-01-26,2024-03-18
sz.301230,2023-10-12,2023-11-23
sh.688047,2024-03-13,2024-04-26
sh.603616,2024-04-01,2024-05-20
sh.603917,2022-04-12,2022-05-27
sz.002230,2022-04-14,2022-05-31
sz.000757,2024-01-26,2024-03-18
sz.002105,2024-01-17,2024-03-07
sz.002300,2022-04-14,2022-05-31
sh.688526,2022-04-11,2022-05-26
sz.002115,2024-04-03,2024-05-22
sh.688003,2022-08-18,2022-09-30
sh.688499,2023-07-13,2023-08-24
sh.688100,2021-12-27,2022-02-15
sz.300364,2023-06-20,2023-08-03
sz.000065,2023-09-28,2023-11-17
sz.300548,2024-03-21,2024-05-09
sh.603978,2021-12-15,2022-01-27
sz.300579,2021-01-22,2021-03-12
sh.605277,2022-04-12,2022-05-27
sz.300916,2024-11-08,2024-12-20
sz.300746,2024-01-24,2024-03-14
sh.603213,2024-01-26,2024-03-18
sz.002578,2024-01-08,2024-02-27
sh.601162,2024-06-05,2024-07-18
sh.600756,2024-01-22,2024-03-12
sz.000531,2021-09-24,2021-11-12
sh.603613,2022-04-11,2022-05-26
sz.002805,2024-01-22,2024-03-12
sh.603032,2022-08-18,2022-09-30
sz.002876,2022-03-28,2022-05-16
sz.002955,2023-03-28,2023-05-15
sz.300729,2024-01-25,2024-03-15
sz.000599,2024-01-18,2024-03-08
sz.300902,2022-04-20,2022-06-07
sh.688720,2024-03-29,2024-05-17
sh.601068,2023-04-28,2023-06-14
sz.001217,2022-08-16,2022-09-28
sz.000889,2022-04-15,2022-06-02
sz.300327,2023-04-07,2023-05-24
sz.002329,2022-08-26,2022-10-17
sz.000049,2021-12-24,2022-02-14
sh.601162,2022-04-13,2022-05-30
sz.002836,2024-01-25,2024-03-15
sz.002279,2022-03-29,2022-05-17
sh.688767,2022-01-14,2022-03-04
sz.002492,2024-01-29,2024-03-19
sz.300075,2024-01-08,2024-02-27
sz.002410,2024-11-12,2024-12-24
sh.603887,2024-05-24,2024-07-08
sz.300286,2022-02-28,2022-04-13
sz.300215,2022-04-11,2022-05-26
sz.002283,2021-11-26,2022-01-10
sz.000626,2022-03-21,2022-05-09
sh.600559,2021-02-05,2021-03-26
sh.688282,2024-01-08,2024-02-27
sh.688670,2021-08-04,2021-09-15
sh.688301,2024-01-18,2024-03-08
sh.600851,2022-09-01,2022-10-21
sz.300961,2021-04-08,2021-05-25
sh.600255,2024-01-09,2024-02-28
sz.300684,2024-01-02,2024-02-21
sz.301308,2023-12-25,2024-02-06
sh.688286,2024-04-02,2024-05-21
sz.002062,2022-02-22,2022-04-07
sz.300963,2024-04-08,2024-05-23
sz.002529,2024-05-23,2024-07-05
sh.688588,2021-04-21,2021-06-07
sz.300996,2022-04-20,2022-06-07
sz.300237,2024-10-08,2024-11-19
sz.002550,2022-12-14,2023-02-02
sz.300988,2024-01-10,2024-02-29
sh.603959,2023-10-10,2023-11-21
sh.600773,2022-04-12,2022-05-27
sz.300781,2022-04-13,2022-05-30
sz.301053,2021-09-17,2021-11-09
sh.688148,2024-04-02,2024-05-21
sz.002690,2021-02-08,2021-03-29
sh.605598,2024-01-25,2024-03-15
sh.601368,2024-01-25,2024-03-15
sz.300840,2024-05-24,2024-07-08
sz.002534,2021-09-30,2021-11-18
sz.300567,2021-04-26,2021-06-10
sz.002687,2024-01-17,2024-03-07
sz.301558,2024-05-27,2024-07-09
sz.301060,2022-01-11,2022-03-01
sz.300726,2021-01-21,2021-03-11
sh.605376,2022-02-25,2022-04-12
sz.002908,2024-01-24,2024-03-14
sz.301215,2022-06-28,2022-08-09
sh.600763,2021-09-28,2021-11-16
sh.688255,2022-09-19,2022-11-07
sz.301095,2022-08-19,2022-10-10
sh.600699,2021-03-05,2021-04-19
sz.002915,2022-03-24,2022-05-12
sh.688066,2023-12-12,2024-01-24
sh.600509,2022-09-16,2022-11-04
sz.300971,2022-04-13,2022-05-30
sz.002713,2022-04-07,2022-05-24
sz.300407,2021-01-21,2021-03-11
sz.300928,2022-01-21,2022-03-11
sh.603863,2024-11-07,2024-12-19
sh.688585,2024-01-30,2024-03-20
sh.603908,2023-04-13,2023-05-30
sh.600732,2024-01-24,2024-03-14
sh.600663,2021-07-14,2021-08-25
sh.601226,2022-04-08,2022-05-25
sh.688648,2024-01-25,2024-03-15
sh.688772,2022-08-26,2022-10-17
sz.002996,2024-04-01,2024-05-20
sh.603608,2024-03-29,2024-05-20
sh.600151,2021-03-19,2021-05-06
sh.605286,2024-01-16,2024-03-06
sh.688512,2023-06-19,2023-08-02
sh.600633,2022-01-18,2022-03-08
sz.300382,2022-02-28,2022-04-13
sh.603107,2024-01-25,2024-03-15
sh.600785,2022-05-12,2022-06-24
sz.300397,2021-01-12,2021-03-02
sh.688232,2024-01-02,2024-02-21
sh.688686,2024-03-25,2024-05-13
sz.002796,2022-04-14,2022-05-31
sh.689009,2021-03-01,2021-04-13
sz.300360,2022-11-24,2023-01-06
sh.603533,2023-05-05,2023-06-16
sz.300159,2021-09-09,2021-11-01
sz.300536,2024-01-23,2024-03-13
sh.688621,2024-01-19,2024-03-11
sh.603511,2022-03-07,2022-04-20
sz.300678,2024-03-21,2024-05-09
sz.002111,2021-10-15,2021-11-26
sz.300953,2021-07-13,2021-08-24
sz.301421,2023-09-14,2023-11-03
sh.605228,2021-01-27,2021-03-17
sh.600624,2024-05-28,2024-07-10
sh.600895,2023-10-18,2023-11-29
sh.600706,2022-04-19,2022-06-06
sh.688173,2024-01-22,2024-03-12
sh.600589,2024-04-03,2024-05-22
sh.600408,2021-10-27,2021-12-08
sh.688093,2022-03-01,2022-04-14
sh.603096,2022-04-12,2022-05-27
sh.600399,2023-03-10,2023-04-24
sz.001209,2022-12-20,2023-02-08
sh.600153,2022-10-18,2022-11-29
sz.002564,2023-04-20,2023-08-02
sz.300931,2021-07-15,2021-08-26
sh.688320,2023-04-07,2023-05-24
sz.001212,2022-04-13,2022-05-30
sz.000159,2024-01-22,2024-03-12
sh.605300,2021-07-23,2021-09-03
sz.002810,2024-01-08,2024-02-27
sz.002350,2024-01-19,2024-03-11
sh.688021,2024-01-17,2024-03-07
sz.000620,2021-01-21,2021-03-11
sz.000716,2022-04-19,2022-06-06
sz.000301,2022-10-19,2022-11-30
sh.688599,2022-03-29,2022-05-17
sz.000603,2024-11-01,2024-12-13
sh.688612,2024-08-01,2024-09-12
sz.002321,2021-01-19,2021-03-09
sh.600831,2024-01-26,2024-03-18
sh.603168,2023-10-17,2023-11-28
sz.300261,2021-01-21,2021-03-11
sz.000926,2024-01-25,2024-03-15
sz.300088,2022-01-21,2022-03-11
sz.300923,2022-04-13,2022-05-30
sz.300157,2021-09-30,2021-11-18
sz.300778,2023-06-14,2023-07-28
sz.002695,2021-02-26,2021-04-12
sh.600149,2024-05-23,2024-07-05
sz.002868,2021-04-19,2021-06-03
sz.002943,2022-01-19,2022-03-09
sz.002309,2022-04-19,2022-06-07
sz.300672,2022-03-24,2022-05-12
sh.688559,2024-01-23,2024-03-13
sz.301165,2023-04-24,2023-06-08
sz.000788,2022-03-23,2022-05-11
sz.300961,2021-09-10,2021-11-02
sh.688348,2024-04-01,2024-05-20
sz.300763,2021-10-26,2021-12-07
sh.605222,2023-03-03,2023-04-17
sz.002817,2022-04-07,2022-05-24
sh.688229,2024-10-08,2024-11-19
sh.600280,2023-04-24,2023-06-08
sz.300417,2021-03-18,2021-04-30
sh.688633,2024-01-23,2024-03-13
sh.603985,2022-08-17,2022-09-29
sz.000631,2024-01-25,2024-03-15
sh.600883,2024-01-29,2024-03-19
sz.300355,2022-04-13,2022-05-30
sz.301518,2024-01-30,2024-03-20
sh.688066,2021-12-30,2022-02-18
sz.002190,2022-12-30,2023-02-20
sz.300792,2021-06-01,2021-07-14
sh.688701,2024-01-29,2024-03-19
sh.603002,2021-09-16,2021-11-08
sz.300170,2024-01-18,2024-03-08
sz.002747,2022-03-29,2022-05-17
sz.000537,2022-03-29,2022-05-17
sz.002296,2024-01-22,2024-03-12
sh.688600,2021-09-13,2021-11-03
sh.688251,2022-08-18,2022-09-30
sz.002768,2021-01-25,2021-03-15
sz.301071,2023-03-09,2023-04-21
sh.603489,2024-01-09,2024-02-28
sz.300438,2021-12-13,2022-01-25
sz.301273,2024-01-29,2024-03-19
sh.688517,2022-03-28,2022-05-16
sz.002605,2023-06-28,2023-08-09
sh.603038,2024-04-02,2024-05-21
sh.688021,2022-12-08,2023-01-20
sz.301065,2022-01-21,2022-03-11
sh.603489,2021-10-18,2021-11-29
sh.688519,2024-07-12,2024-08-23
sz.300925,2021-07-15,2021-08-26
sh.605018,2021-02-09,2021-03-30
sz.300190,2022-04-14,2022-05-31
sz.301073,2023-09-20,2023-11-09
sh.603861,2023-12-06,2024-01-18
sz.300321,2024-01-29,2024-03-19
sz.300150,2022-04-14,2022-05-31
sz.300521,2024-01-17,2024-03-07
sh.603938,2022-04-07,2022-05-24
sz.001266,2022-03-03,2022-04-18
sh.600201,2022-02-22,2022-04-07
sz.300634,2024-08-01,2024-09-12
sz.300505,2023-04-17,2023-06-01
sz.300500,2024-01-23,2024-03-13
sh.600663,2021-07-16,2021-08-27
sh.600801,2024-08-08,2024-09-23
sz.300242,2024-01-18,2024-03-08
sz.300757,2023-12-21,2024-02-02
sz.000880,2024-08-07,2024-09-20
sh.603882,2024-04-12,2024-05-29
sz.301013,2023-09-13,2023-11-02
sz.300786,2022-04-20,2022-06-07
sz.003027,2022-11-30,2023-01-12
sz.300671,2022-04-08,2022-05-25
sz.300735,2024-11-11,2024-12-23
sh.688559,2024-04-01,2024-05-20
sz.002026,2022-03-30,2022-05-18
sh.688004,2024-03-28,2024-05-16
sz.002292,2024-01-08,2024-02-27
sh.603810,2024-01-24,2024-03-14
sz.300773,2022-04-01,2022-05-20
sh.600548,2024-08-15,2024-09-30
sz.300546,2024-03-29,2024-05-17
sz.002918,2021-09-09,2021-11-01
sh.605300,2022-01-14,2022-03-04
sz.002760,2024-01-24,2024-03-14
sh.688697,2023-04-10,2023-05-25
sz.002174,2021-01-22,2021-03-12
sh.688529,2022-08-15,2022-09-27
sz.300962,2021-04-19,2021-06-03
sz.300284,2024-06-21,2024-08-02
sz.300331,2021-12-28,2022-02-16
sh.688095,2023-03-24,2023-05-11
sz.002111,2021-10-14,2021-11-25
sz.300084,2022-04-12,2022-05-27
sz.300162,2024-01-23,2024-03-13
sz.300828,2024-01-18,2024-03-08
sh.600084,2021-07-01,2021-08-12
sh.688025,2022-09-22,2022-11-10
sh.688228,2022-04-14,2022-05-31
sz.002284,2024-01-19,2024-03-11
sh.603990,2021-03-23,2021-05-10
sz.301515,2024-01-19,2024-03-11
sz.002996,2021-09-22,2021-11-10
sh.603165,2024-01-23,2024-03-13
sz.300889,2022-09-15,2022-11-03
sz.002620,2024-05-22,2024-07-04
sz.301272,2023-08-14,2023-09-25
sz.002078,2021-02-24,2021-04-08
sz.002584,2022-01-20,2022-03-10
sh.605177,2024-01-22,2024-03-12
sz.301361,2024-01-09,2024-02-28
sz.300887,2021-01-25,2021-03-15
sh.688303,2024-06-14,2024-07-26
sh.600939,2022-02-16,2022-03-30
sz.002024,2022-04-19,2022-06-07
sh.600966,2021-09-24,2021-11-12
sz.002009,2022-04-08,2022-05-25
sh.603616,2022-02-22,2022-04-07
sz.300840,2024-10-08,2024-11-19
sz.002777,2022-04-12,2022-05-27
sz.300460,2023-04-12,2023-06-05
sh.688668,2023-04-19,2023-06-05
sz.003026,2024-03-29,2024-05-17
sz.300786,2024-06-24,2024-08-05
sz.300432,2022-03-24,2022-05-12
sz.002229,2024-04-02,2024-05-21
sz.300571,2024-01-19,2024-03-11
sz.002871,2021-01-06,2021-02-24
sz.300364,2024-04-01,2024-05-20
sz.301235,2022-11-29,2023-01-11
sz.300947,2024-01-23,2024-03-13
sz.002232,2021-12-16,2022-01-28
sh.600807,2022-04-18,2022-06-02
sz.002538,2021-09-24,2021-11-12
sz.002390,2022-01-17,2022-03-07
sz.002424,2021-03-18,2021-04-30
sz.300951,2024-01-25,2024-03-15
sz.300533,2023-06-20,2023-08-03
sz.301159,2022-01-14,2022-03-04
sz.002864,2022-04-12,2022-05-27
sz.002959,2021-04-23,2021-06-09
sz.000752,2022-04-08,2022-05-25
sz.000928,2022-01-07,2022-02-25
sz.300112,2021-08-27,2021-10-19
sz.301129,2024-07-29,2024-09-09
sh.600829,2022-01-13,2022-03-03
sz.300846,2022-01-13,2022-03-03
sz.300903,2024-01-22,2024-03-12
sz.002702,2022-04-20,2022-06-07
sh.600530,2024-11-11,2024-12-23
sh.601001,2021-01-20,2021-03-10
sh.600590,2024-05-24,2024-07-08
sh.600203,2024-01-29,2024-03-19
sh.601231,2023-04-25,2023-06-09
sh.688065,2022-03-01,2022-04-14
sh.600392,2021-09-23,2021-11-11
sz.000037,2024-04-10,2024-05-27
sz.300578,2024-04-01,2024-05-20
sh.600587,2022-04-11,2022-05-26
sz.301049,2022-04-14,2022-05-31
sh.600706,2022-04-12,2022-05-27
sz.301045,2024-01-22,2024-03-12
sz.301080,2024-01-09,2024-02-28
sz.000058,2024-01-25,2024-03-15
sz.000430,2022-02-14,2022-03-28
sz.002666,2022-08-17,2022-09-29
sz.000610,2024-04-11,2024-05-28
sh.688022,2024-01-22,2024-03-12
sz.002103,2024-03-28,2024-05-16
sh.688593,2024-04-01,2024-05-20
sz.301080,2022-10-14,2022-11-25
sh.605069,2024-04-03,2024-05-22
sz.300528,2024-08-09,2024-09-24
sz.301345,2024-01-17,2024-03-07
sz.300255,2024-03-28,2024-05-16
sz.000902,2021-03-18,2021-04-30
sz.301210,2024-01-15,2024-03-05
sh.600506,2024-04-01,2024-05-20
sz.300716,2023-04-11,2023-05-26
sh.603236,2021-07-15,2021-08-26
sz.002395,2024-01-08,2024-02-27
sh.688066,2023-12-11,2024-01-23
sz.300403,2024-01-09,2024-02-28
sz.301157,2024-01-24,2024-03-14
sh.603719,2022-06-30,2022-08-11
sh.600229,2023-12-19,2024-01-31
sz.300986,2024-01-24,2024-03-14
sh.600505,2022-09-08,2022-10-28
sh.605011,2022-03-21,2022-05-09
sz.300046,2022-04-15,2022-06-01
sh.688626,2024-04-03,2024-05-22
sz.300187,2022-07-22,2022-09-02
sz.002689,2022-04-12,2022-05-27
sz.301568,2024-01-08,2024-02-27
sz.300132,2021-09-30,2021-11-18
sz.002012,2024-04-08,2024-05-23
sh.688195,2024-01-16,2024-03-06
sz.301009,2021-09-14,2021-11-04
sh.688737,2024-01-17,2024-03-07
sh.600936,2022-04-14,2022-05-31
sz.301162,2023-04-24,2023-06-08
sz.002331,2024-04-02,2024-05-21
sz.300229,2022-09-14,2022-11-02
sh.603866,2023-08-11,2023-09-22
sh.603331,2022-04-19,2022-06-06
sh.603970,2021-01-21,2021-03-11
sh.603638,2022-03-02,2022-04-15
sz.002825,2022-10-18,2022-11-29
sz.300536,2022-01-12,2022-03-02
sz.002055,2024-03-26,2024-05-14
sh.600538,2022-01-13,2022-03-03
sh.600706,2024-01-19,2024-03-11
sz.300321,2024-01-26,2024-03-18
sz.301118,2022-03-24,2022-05-12
sz.002846,2024-03-29,2024-05-17
sh.600716,2022-05-31,2022-07-13
sz.301235,2022-11-28,2023-01-10
sh.601678,2022-01-13,2022-03-03
sz.002706,2024-01-19,2024-03-11
sz.002508,2022-03-01,2022-04-14
sz.002385,2022-04-20,2022-06-07
sz.002676,2024-06-07,2024-07-22
sz.300925,2024-11-15,2024-12-27
sh.603319,2024-01-22,2024-03-12
sh.603317,2021-07-16,2021-08-27
sh.688600,2024-01-23,2024-03-13
sh.688130,2024-11-07,2024-12-19
sz.002602,2024-01-22,2024-03-12
sh.688355,2022-04-20,2022-06-07
sz.300939,2022-01-14,2022-03-04
sz.002333,2024-01-22,2024-03-12
sh.600722,2024-01-10,2024-02-29
sz.002829,2022-03-29,2022-05-17
sz.000615,2023-04-21,2023-06-08
sz.002617,2022-04-18,2022-06-02
sz.300261,2024-04-01,2024-05-20
sh.605218,2024-09-09,2024-10-30
sh.603799,2021-08-31,2021-10-21
sz.000570,2021-01-12,2021-03-02
sh.688021,2021-04-12,2021-05-27
sh.603023,2024-04-08,2024-05-24
sz.300769,2021-02-02,2021-03-23
sz.301298,2024-01-22,2024-03-12
sh.605398,2024-01-22,2024-03-12
sh.603917,2022-10-17,2022-11-28
sz.301199,2022-04-11,2022-05-26
sz.002553,2024-03-22,2024-05-10
sh.603398,2024-08-06,2024-09-19
sz.301270,2022-09-14,2022-11-02
sh.600844,2021-06-01,2021-07-14
sz.002008,2021-04-20,2021-06-04
sh.688358,2024-04-02,2024-05-21
sz.000301,2022-02-24,2022-04-11
sz.300160,2024-01-24,2024-03-14
sz.300428,2022-03-02,2022-04-15
sz.002671,2022-04-08,2022-05-25
sh.605166,2024-07-15,2024-08-26
sz.300157,2024-01-26,2024-03-18
sh.600738,2023-04-17,2023-06-01
sz.301129,2022-04-14,2022-05-31
sh.688083,2024-06-26,2024-08-07
sh.603665,2021-01-25,2021-03-15
sh.601162,2024-05-27,2024-07-09
sz.002242,2021-08-18,2021-10-08
sh.605016,2022-01-14,2022-03-04
sh.600537,2021-01-28,2021-03-18
sh.688733,2022-10-19,2022-11-30
sh.688601,2022-06-30,2022-08-11
sz.000777,2021-01-28,2021-03-18
sh.603667,2022-04-14,2022-05-31
sz.000776,2022-03-01,2022-04-14
sz.300486,2024-01-10,2024-02-29
sz.301192,2024-01-18,2024-03-08
sh.600844,2024-04-10,2024-05-27
sh.600593,2021-07-28,2021-09-08
sh.600318,2021-01-22,2021-03-12
sz.002335,2022-03-28,2022-05-16
sz.000928,2021-07-21,2021-09-01
sz.300875,2023-08-28,2023-10-17
sz.300648,2024-01-15,2024-03-05
sh.600136,2023-10-16,2023-11-27
sz.300460,2024-01-25,2024-03-15
sh.600257,2021-01-21,2021-03-11
sz.300324,2024-01-22,2024-03-12
sh.600458,2022-03-02,2022-04-15
sz.300939,2024-03-20,2024-05-08
sz.002319,2021-12-08,2022-01-21
sz.002149,2024-01-18,2024-03-08
sz.300474,2022-03-28,2022-05-16
sh.603677,2024-01-18,2024-03-08
sz.002125,2021-09-23,2021-11-11
sz.000510,2024-05-24,2024-07-08
sz.002772,2021-10-08,2021-11-19
sh.688401,2022-11-15,2022-12-27
sz.002821,2022-04-18,2022-06-02
sh.603136,2023-09-18,2023-11-07
sh.600409,2022-04-14,2022-05-31
sz.300177,2022-04-11,2022-05-26
sh.600992,2023-03-09,2023-04-21
sh.603097,2022-08-19,2022-10-10
sz.300778,2023-06-16,2023-08-01
sh.688678,2022-09-07,2022-10-27
sz.000061,2021-01-07,2021-02-25
sh.688292,2024-01-19,2024-03-11
sh.688179,2021-08-16,2021-09-29
sh.688702,2024-06-20,2024-08-01
sh.688183,2022-04-12,2022-05-27
sh.600308,2021-09-23,2021-11-11
sz.300614,2021-09-30,2021-11-18
sh.603308,2021-02-23,2021-04-07
sz.300380,2023-12-07,2024-01-19
sz.002431,2024-04-03,2024-05-22
sz.300394,2023-08-04,2023-09-15
sh.600051,2024-01-18,2024-03-08
sz.002412,2022-03-31,2022-05-19
sz.000612,2024-05-31,2024-07-15
sz.300174,2022-12-09,2023-01-30
sz.300035,2021-11-02,2021-12-14
sz.300886,2024-04-08,2024-05-23
sh.688598,2023-08-08,2023-09-19
sh.603527,2022-08-18,2022-09-30
sz.000021,2023-06-09,2023-07-25
sz.001202,2024-01-29,2024-03-19
sz.300605,2022-03-16,2022-04-29
sh.600452,2021-08-16,2021-09-29
sh.605258,2024-06-18,2024-07-30
sz.002599,2021-08-30,2021-10-20
sz.002636,2021-05-07,2021-06-21
sh.603109,2024-01-17,2024-03-07
sh.603877,2024-04-10,2024-05-27
sz.001316,2022-06-30,2022-08-11
sh.688233,2022-08-18,2022-09-30
sz.000957,2022-09-08,2022-10-28
sh.600276,2021-08-17,2021-09-30
sz.300829,2021-02-24,2021-04-08
sz.300245,2023-04-13,2023-05-30
sh.600596,2021-09-22,2021-11-10
sz.002825,2024-01-30,2024-03-20
sh.603236,2021-07-14,2021-08-25
sh.605020,2022-03-24,2022-05-12
sh.603589,2022-03-01,2022-04-14
sh.600491,2024-01-25,2024-03-15
sh.688011,2024-01-26,2024-03-18
sh.688313,2024-01-24,2024-03-14
sz.000007,2023-04-19,2023-06-06
sz.300846,2022-03-01,2022-04-14
sh.601133,2023-04-13,2023-05-30
sh.688622,2024-05-27,2024-07-09
sz.300831,2022-04-14,2022-05-31
sz.000695,2021-10-21,2021-12-02
sz.001339,2022-09-06,2022-10-26
sz.300936,2021-04-26,2021-06-10
sz.003026,2021-01-15,2021-03-05
sz.000665,2022-02-10,2022-03-24
sz.002968,2024-01-24,2024-03-14
sz.300967,2024-01-30,2024-03-20
sz.301201,2022-03-14,2022-04-27
sh.600234,2024-05-17,2024-07-01
sz.002899,2022-04-13,2022-05-30
sz.002165,2022-04-19,2022-06-06
sh.688699,2023-04-07,2023-05-24
sz.300212,2024-10-18,2024-11-29
sz.301266,2024-05-24,2024-07-08
sh.688668,2022-01-26,2022-03-16
sh.603586,2024-06-26,2024-08-07
sh.603883,2024-06-26,2024-08-07
sh.688661,2023-07-24,2023-09-04
sz.300870,2024-03-29,2024-05-17
sz.002239,2024-01-19,2024-03-11
sz.300076,2021-06-17,2021-07-29
sh.600586,2022-03-01,2022-04-14
sz.301379,2024-01-25,2024-03-15
sh.688207,2024-03-20,2024-05-08
sz.002696,2024-05-23,2024-07-05
sh.688652,2024-01-29,2024-03-19
sz.300996,2024-07-02,2024-08-13
sz.301232,2024-01-19,2024-03-11
sz.300582,2023-04-18,2023-06-02
sh.688515,2023-04-20,2023-06-06
sz.002324,2024-01-18,2024-03-08
sz.300853,2022-08-18,2022-09-30
sh.603068,2022-03-01,2022-04-14
sz.300266,2024-04-01,2024-05-20
sz.002811,2024-06-04,2024-07-17
sz.301215,2022-03-30,2022-05-18
sz.000514,2022-09-19,2022-11-07
sz.300477,2022-08-26,2022-10-17
sz.002313,2022-04-20,2022-06-08
sz.300896,2024-08-15,2024-09-30
sz.301111,2022-01-19,2022-03-09
sz.300748,2021-09-15,2021-11-05
sh.600303,2022-10-14,2022-11-30
sz.002490,2024-03-21,2024-05-10
sh.603657,2021-07-15,2021-08-26
sz.300822,2024-01-15,2024-03-05
sh.600188,2023-05-16,2023-06-29
sz.300882,2023-07-18,2023-08-29
sh.688061,2023-04-13,2023-05-30
sh.688182,2022-08-16,2022-09-28
sz.300700,2022-03-03,2022-04-18
sh.605168,2024-01-22,2024-03-12
sz.000400,2021-12-23,2022-02-11
sh.688292,2022-09-09,2022-10-31
sz.300041,2024-01-17,2024-03-07
sh.605289,2022-04-06,2022-05-23
sz.300688,2021-11-09,2021-12-21
sz.001367,2023-08-11,2023-09-22
sz.002862,2021-07-13,2021-08-24
sz.000936,2023-10-10,2023-11-21
sz.301568,2024-01-11,2024-03-01
sz.300310,2024-01-25,2024-03-15
sz.002837,2023-04-21,2023-06-07
sz.300684,2021-09-09,2021-11-01
sh.600011,2021-12-23,2022-02-11
sz.301065,2024-01-19,2024-03-11
sz.300826,2024-04-01,2024-05-20
sz.002218,2022-04-14,2022-05-31
sh.603223,2022-09-13,2022-11-01
sh.600280,2023-04-20,2023-06-06
sz.002523,2022-02-14,2022-03-28
sz.301329,2024-01-25,2024-03-15
sh.600750,2021-07-02,2021-08-13
sh.601222,2021-09-24,2021-11-12
sh.688162,2022-01-18,2022-03-08
sz.300929,2022-04-08,2022-05-25
sz.300249,2023-04-14,2023-05-31
sh.603283,2021-07-29,2021-09-09
sz.300490,2024-04-12,2024-05-29
sz.300966,2021-09-13,2021-11-03
sz.002398,2022-04-14,2022-05-31
sh.688101,2022-04-13,2022-05-30
sh.601186,2023-05-08,2023-06-19
sz.300010,2022-04-14,2022-05-31
sz.300813,2022-01-06,2022-02-24
sz.300130,2024-11-12,2024-12-24
sh.688651,2023-09-06,2023-10-26
sz.000860,2022-04-20,2022-06-07
sz.300688,2022-06-28,2022-08-09
sz.300039,2022-04-14,2022-05-31
sz.301421,2024-03-29,2024-05-17
sz.301311,2024-01-25,2024-03-15
sz.300504,2024-01-23,2024-03-13
sh.603042,2024-03-28,2024-05-16
sh.603856,2022-10-14,2022-11-25
sz.300805,2023-09-07,2023-10-27
sz.300030,2021-10-15,2021-11-26
sh.688526,2024-01-17,2024-03-07
sh.688680,2021-03-04,2021-04-16
sz.301115,2024-08-28,2024-10-18
sz.000721,2024-01-17,2024-03-07
sh.600198,2024-03-28,2024-05-16
sh.603569,2022-09-23,2022-11-11
sz.002660,2024-01-03,2024-02-22
sz.300830,2021-04-21,2021-06-07
sz.300438,2024-09-02,2024-10-23
sz.002161,2022-08-17,2022-09-29
sh.688718,2024-01-18,2024-03-08
sz.000810,2022-03-29,2022-05-17
sz.001896,2021-12-15,2022-01-27
sz.300706,2024-04-01,2024-05-20
sz.000061,2022-04-13,2022-05-30
sz.002902,2024-03-29,2024-05-17
sz.002630,2022-06-09,2022-07-21
sz.000863,2022-11-16,2022-12-28
sh.600038,2022-01-18,2022-03-08
sz.300712,2021-12-13,2022-01-25
sh.600026,2022-01-13,2022-03-03
sh.600707,2024-07-15,2024-08-26
sz.002659,2023-12-12,2024-01-24
sz.300690,2022-09-07,2022-10-27
sh.603678,2021-03-03,2021-04-15
sh.603439,2022-12-08,2023-01-20
sz.300868,2021-04-23,2021-06-09
sz.300598,2023-04-17,2023-06-01
sz.002856,2024-01-25,2024-03-15
sz.002876,2022-02-21,2022-04-06
sz.002154,2024-06-27,2024-08-08
sh.688082,2022-08-10,2022-09-22
sz.300705,2022-04-11,2022-05-26
sz.300275,2021-09-22,2021-11-10
sh.688622,2022-11-17,2022-12-29
sz.003002,2024-01-19,2024-03-11
sh.600989,2022-03-03,2022-04-18
sz.300937,2021-03-08,2021-04-20
sh.688686,2024-03-27,2024-05-15
sz.300292,2022-04-15,2022-06-01
sz.002099,2021-05-13,2021-06-25
sz.300585,2024-04-09,2024-05-24
sh.688191,2024-01-26,2024-03-18
sh.688221,2021-10-12,2021-11-23
sz.301004,2024-01-22,2024-03-12
sh.600353,2024-01-23,2024-03-13
sz.300157,2024-05-23,2024-07-05
sh.688308,2022-08-11,2022-09-23
sz.300990,2022-04-12,2022-05-27
sh.600396,2022-03-28,2022-05-16
sh.600689,2024-04-09,2024-05-24
sh.605366,2021-09-15,2021-11-05
sz.002574,2021-10-15,2021-11-26
sz.300595,2021-08-25,2021-10-15
sh.603600,2022-01-13,2022-03-03
sz.002171,2022-10-18,2022-11-29
sh.603375,2024-08-14,2024-09-27
sz.301486,2024-01-17,2024-03-07
sh.601127,2021-12-15,2022-01-27
sz.002198,2024-01-22,2024-03-12
sz.300565,2024-01-16,2024-03-06
sz.002124,2022-04-12,2022-05-27
sz.002907,2022-04-06,2022-05-23
sz.002769,2022-09-15,2022-11-03
sz.300839,2024-06-04,2024-07-17
sz.301486,2023-07-14,2023-08-25
sz.300887,2021-06-28,2021-08-09
sz.300815,2024-01-19,2024-03-11
sz.002208,2022-04-08,2022-05-25
sz.003032,2023-04-04,2023-05-22
sz.002179,2024-01-02,2024-02-21
sz.301231,2023-06-07,2023-07-21
sz.000717,2021-09-09,2021-11-01
sz.002682,2024-04-10,2024-05-27
sz.002560,2022-09-19,2022-11-07
sh.688202,2024-05-09,2024-06-21
sz.300081,2024-04-01,2024-05-20
sz.002564,2024-01-23,2024-03-13
sh.600455,2024-04-03,2024-05-22
sh.688022,2024-01-23,2024-03-13
sh.688707,2024-10-08,2024-11-19
sz.000995,2024-01-17,2024-03-07
sz.002919,2023-12-21,2024-02-02
sz.002769,2022-12-09,2023-01-30
sz.001287,2023-10-10,2023-11-21
sz.000926,2024-01-23,2024-03-13
sz.000733,2023-09-25,2023-11-14
sz.002217,2024-01-24,2024-03-14
sh.688110,2024-06-20,2024-08-01
sz.002085,2022-04-14,2022-05-31
sh.600826,2022-04-20,2022-06-07
sz.300772,2021-11-04,2021-12-16
sz.002652,2022-01-13,2022-03-03
sh.603110,2021-02-23,2021-04-07
sz.002742,2023-05-18,2023-07-03
sh.600302,2023-12-11,2024-01-23
sz.300899,2021-10-08,2021-11-19
sh.603657,2022-04-19,2022-06-06
sz.300724,2022-03-31,2022-05-19
sh.688148,2022-03-28,2022-05-16
sz.002892,2021-12-30,2022-02-18
sz.301525,2024-01-18,2024-03-08
sh.688228,2022-03-28,2022-05-16
sz.300111,2024-04-03,2024-05-22
sz.300843,2024-05-24,2024-07-08
sh.600133,2021-10-22,2021-12-03
sh.688619,2024-01-22,2024-03-12
sz.002577,2024-01-25,2024-03-15
sh.688151,2022-04-19,2022-06-06
sh.603477,2023-04-19,2023-06-05
sh.601700,2022-01-14,2022-03-04
sh.603326,2024-01-24,2024-03-14
sh.603260,2024-05-30,2024-07-12
sz.301568,2024-08-16,2024-10-08
sz.001378,2024-05-23,2024-07-05
sz.301099,2022-02-28,2022-04-13
sz.300009,2022-01-17,2022-03-07
sz.002717,2024-05-16,2024-06-28
sh.600114,2023-04-17,2023-06-01
sh.688408,2022-03-31,2022-05-19
sh.600892,2022-09-07,2022-10-27
sh.688230,2022-03-30,2022-05-18
sh.603059,2024-01-23,2024-03-13
sz.300150,2021-01-22,2021-03-12
sz.300209,2021-03-05,2021-04-19
sz.002256,2022-01-05,2022-02-23
sz.002436,2024-01-18,2024-03-08
sz.002976,2022-04-11,2022-05-26
sz.300956,2024-06-17,2024-07-29
sz.301211,2023-03-03,2023-04-17
sz.300819,2024-05-27,2024-07-09
sz.300335,2024-01-23,2024-03-13
sh.601101,2021-10-25,2021-12-06
sh.688190,2022-08-16,2022-09-28
sz.300398,2024-03-12,2024-04-25
sh.603063,2022-03-17,2022-05-05
sz.000561,2024-01-26,2024-03-18
sh.688511,2024-01-18,2024-03-08
sz.300942,2022-12-12,2023-01-31
sh.603021,2024-01-24,2024-03-14
sz.000595,2022-03-03,2022-04-18
sz.002331,2024-01-30,2024-03-20
sh.688373,2023-04-20,2023-06-06
sz.002733,2022-03-01,2022-04-14
sz.300979,2022-03-01,2022-04-14
sz.002155,2022-03-01,2022-04-14
sh.600609,2021-11-24,2022-01-06
sz.300106,2021-01-27,2021-03-17
sh.603700,2022-09-20,2022-11-08
sz.002602,2024-01-17,2024-03-07
sh.688073,2024-01-24,2024-03-14
sh.688176,2024-01-15,2024-03-05
sz.300449,2024-01-19,2024-03-11
sz.300031,2021-09-16,2021-11-08
sz.300857,2024-01-19,2024-03-11
sz.300518,2024-01-22,2024-03-12
sh.688219,2021-08-30,2021-10-20
sz.300267,2022-01-21,2022-03-11
sh.688378,2024-08-12,2024-09-25
sz.002470,2024-01-22,2024-03-12
sz.000007,2021-01-07,2021-02-25
sh.603660,2024-01-18,2024-03-08
sh.605186,2022-01-18,2022-03-08
sz.002054,2024-03-29,2024-05-17
sh.688301,2024-05-15,2024-06-27
sz.002733,2022-04-08,2022-05-25
sz.000796,2022-05-13,2022-06-27
sh.600405,2024-01-26,2024-03-18
sz.002968,2024-01-18,2024-03-08
sz.300725,2024-01-17,2024-03-07
sz.000889,2024-04-02,2024-05-21
sz.300957,2023-10-12,2023-11-23
sz.300582,2022-03-30,2022-05-18
sz.002623,2022-03-24,2022-05-12
sz.002069,2022-04-22,2022-06-10
sz.002452,2022-02-23,2022-04-08
sz.002602,2022-04-07,2022-05-24
sz.002248,2022-04-15,2022-06-01
sz.300785,2022-10-17,2022-11-28
sh.603110,2023-08-16,2023-09-27
sz.300528,2024-01-17,2024-03-07
sh.688033,2024-01-23,2024-03-13
sh.603955,2022-04-12,2022-05-27
sh.688152,2024-01-29,2024-03-19
sh.603324,2024-01-23,2024-03-13
sz.002148,2022-09-08,2022-10-28
sz.300430,2022-04-01,2022-05-20
sz.300590,2022-03-31,2022-05-19
sh.688077,2021-09-16,2021-11-08
sz.002210,2022-12-16,2023-02-06
sz.002955,2022-01-17,2022-03-07
sh.688458,2024-01-16,2024-03-06
sz.002730,2024-01-29,2024-03-19
sz.000868,2024-08-15,2024-09-30
sz.301221,2022-08-09,2022-09-21
sz.002140,2021-08-19,2021-10-11
sh.600966,2021-02-22,2021-04-06
sz.301348,2024-06-18,2024-07-30
sz.300970,2024-01-24,2024-03-14
sz.002313,2024-03-19,2024-05-07
sz.300785,2024-03-21,2024-05-09
sh.603277,2021-10-26,2021-12-07
sh.688066,2023-12-13,2024-01-25
sz.300565,2024-11-14,2024-12-26
sz.000096,2022-03-03,2022-04-18
sz.300506,2024-01-26,2024-03-18
sh.688518,2022-11-07,2022-12-19
sz.300889,2023-04-12,2023-05-29
sz.002458,2023-05-24,2023-07-07
sh.601858,2023-06-20,2023-08-03
sz.300592,2021-09-09,2021-11-01
sh.603863,2021-04-21,2021-06-08
sz.301177,2022-04-11,2022-05-26
sz.300962,2021-09-14,2021-11-04
sh.600845,2021-02-19,2021-04-02
sz.002956,2024-01-18,2024-03-08
sz.300219,2022-01-12,2022-03-02
sz.300850,2021-03-03,2021-04-15
sz.300538,2022-04-08,2022-05-25
sz.002134,2022-07-15,2022-08-26
sz.301228,2022-02-23,2022-04-08
sz.002759,2022-04-14,2022-05-31
sh.603698,2021-01-22,2021-03-12
sh.603897,2022-03-29,2022-05-17
sz.003027,2022-04-12,2022-05-27
sh.688595,2023-04-12,2023-05-29
sh.688217,2022-01-14,2022-03-04
sh.688665,2021-03-03,2021-04-15
sz.000799,2023-09-28,2023-11-17
sz.300987,2021-10-20,2021-12-01
sh.688509,2024-04-03,2024-05-22
sz.000547,2021-01-29,2021-03-19
sz.000759,2023-12-14,2024-01-26
sh.600557,2023-07-04,2023-08-15
sz.000837,2024-01-23,2024-03-13
sz.300254,2024-01-19,2024-03-11
sz.300725,2021-10-21,2021-12-02
sh.688322,2022-09-09,2022-10-31
sz.300137,2024-01-09,2024-02-28
sz.002773,2022-01-17,2022-03-07
sz.301136,2022-01-18,2022-03-08
sz.300022,2021-03-05,2021-04-19
sz.301040,2024-04-09,2024-05-24
sz.002099,2021-05-26,2021-07-08
sz.300313,2024-03-18,2024-05-06
sh.603275,2023-09-26,2023-11-15
sz.002212,2024-01-19,2024-03-11
sz.002211,2021-09-17,2021-11-09
sz.300118,2021-01-19,2021-03-09
sz.300085,2024-01-19,2024-03-11
sz.002177,2022-04-20,2022-06-08
sz.002803,2022-09-20,2022-11-08
sh.688800,2024-01-16,2024-03-06
sz.300654,2023-12-12,2024-01-24
sz.000716,2024-04-09,2024-05-24
sh.600908,2022-10-19,2022-11-30
sh.688059,2024-01-19,2024-03-11
sz.000002,2022-10-20,2022-12-01
sz.300338,2023-12-13,2024-01-25
sz.300876,2024-01-18,2024-03-08
sz.300099,2024-03-29,2024-05-17
sz.300672,2022-04-21,2022-06-08
sz.002456,2023-12-01,2024-01-15
sz.002451,2023-08-17,2023-09-28
sz.000803,2024-01-29,2024-03-19
sh.688143,2023-07-10,2023-08-21
sz.300942,2021-10-14,2021-11-25
sh.688127,2021-09-17,2021-11-09
sh.603863,2021-01-20,2021-03-10
sz.002246,2024-05-23,2024-07-05
sh.600391,2021-01-25,2021-03-15
sz.002151,2024-03-26,2024-05-14
sz.002093,2024-01-19,2024-03-11
sh.603118,2023-04-10,2023-05-25
sh.688068,2021-10-25,2021-12-06
sz.301208,2022-12-02,2023-01-16
sz.301172,2024-01-23,2024-03-13
sh.600720,2022-05-18,2022-06-30
sz.002423,2022-04-21,2022-06-08
sh.600847,2021-01-22,2021-03-12
sz.002199,2024-01-25,2024-03-15
sz.300556,2024-03-13,2024-04-26
sz.002591,2024-01-22,2024-03-12
sh.601900,2023-06-12,2023-07-26
sz.002766,2022-02-23,2022-04-08
sz.002374,2024-05-31,2024-07-15
sh.603032,2024-01-10,2024-02-29
sh.603228,2023-04-20,2023-06-06
sz.301459,2024-01-25,2024-03-15
sz.002637,2022-03-01,2022-04-14
sz.300346,2024-11-11,2024-12-23
sz.002273,2023-04-12,2023-05-29
sh.603881,2022-04-08,2022-05-25
sh.605180,2021-07-14,2021-08-25
sh.688321,2023-04-17,2023-06-01
sh.601001,2022-04-18,2022-06-02
sh.601020,2021-09-14,2021-11-04
sh.600828,2024-04-09,2024-05-24
sz.000504,2022-04-18,2022-06-02
sz.300986,2022-02-23,2022-04-08
sz.001255,2024-01-26,2024-03-18
sz.000547,2022-02-22,2022-04-07
sh.688256,2022-03-10,2022-04-25
sz.002346,2024-01-24,2024-03-14
sh.688610,2023-08-14,2023-09-25
sz.002318,2021-04-23,2021-06-09
sz.301030,2022-03-02,2022-04-15
sz.301026,2022-04-22,2022-06-09
sz.300927,2021-09-15,2021-11-05
sh.600059,2021-01-08,2021-02-26
sz.002742,2023-04-17,2023-06-01
sh.603206,2022-05-12,2022-06-24
sz.000419,2022-02-10,2022-03-24
sz.002606,2022-04-07,2022-05-24
sz.002805,2024-01-25,2024-03-15
sh.600287,2023-12-12,2024-01-24
sh.688567,2023-08-10,2023-09-21
sh.603988,2021-11-23,2022-01-05
sh.688208,2022-03-01,2022-04-14
sz.002316,2024-03-25,2024-05-13
sz.003016,2021-10-14,2021-11-25
sh.601636,2021-02-23,2021-04-07
sz.000677,2024-01-26,2024-03-18
sh.688315,2021-06-30,2021-08-11
sz.300469,2024-04-09,2024-05-24
sz.300809,2024-01-15,2024-03-05
sz.002193,2022-12-20,2023-02-08
sz.300769,2021-12-17,2022-02-07
sz.301128,2023-11-17,2023-12-29
sz.301315,2024-01-24,2024-03-14
sz.300546,2022-04-08,2022-05-25
sh.603286,2024-04-08,2024-05-23
sh.688115,2024-01-16,2024-03-06
sz.300157,2021-01-20,2021-03-10
sh.605128,2024-01-16,2024-03-06
sh.688280,2024-04-01,2024-05-20
sz.002204,2022-07-22,2022-09-02
sz.300749,2024-01-17,2024-03-07
sz.300444,2021-08-16,2021-09-29
sz.000815,2024-01-08,2024-02-27
sh.688127,2021-03-10,2021-04-22
sz.300042,2024-03-19,2024-05-07
sz.300707,2024-01-19,2024-03-11
sz.300558,2023-05-16,2023-06-29
sz.300168,2022-04-11,2022-05-26
sz.002211,2021-09-13,2021-11-03
sz.000901,2024-08-08,2024-09-23
sh.600333,2021-01-27,2021-03-17
sh.688002,2021-10-13,2021-11-24
sh.603278,2022-03-01,2022-04-14
sz.002888,2024-09-02,2024-10-23
sz.301591,2024-03-13,2024-04-26
sh.603169,2024-01-22,2024-03-12
sz.000672,2022-09-15,2022-11-03
sz.002532,2021-03-12,2021-04-26
sz.301009,2024-01-19,2024-03-11
sh.600268,2024-01-19,2024-03-11
sz.002100,2022-10-14,2022-11-25
sz.002545,2022-04-15,2022-06-01
sz.301229,2022-03-03,2022-04-18
sz.301005,2024-06-26,2024-08-07
sh.688390,2023-08-11,2023-09-22
sh.603017,2022-04-12,2022-05-27
sz.300181,2024-08-29,2024-10-21
sh.600191,2024-01-18,2024-03-08
sz.300790,2022-01-04,2022-02-22
sh.603163,2023-09-12,2023-11-01
sz.300919,2022-12-08,2023-01-20
sz.300787,2022-03-24,2022-05-12
sz.300616,2021-08-20,2021-10-12
sz.300161,2022-08-22,2022-10-11
sz.002856,2024-04-03,2024-05-22
sh.605376,2021-09-13,2021-11-03
sz.301234,2024-01-19,2024-03-11
sh.688588,2024-11-11,2024-12-23
sz.300536,2024-08-02,2024-09-13
sh.688311,2023-07-17,2023-08-28
sh.605018,2022-09-14,2022-11-02
sz.300482,2022-12-16,2023-02-06
sz.002090,2022-07-21,2022-09-01
sh.600229,2023-05-04,2023-06-15
sh.688217,2021-05-24,2021-07-06
sh.603650,2022-09-08,2022-10-28
sh.600027,2022-10-17,2022-11-28
sz.002119,2022-03-28,2022-05-16
sz.300365,2024-01-19,2024-03-11
sz.300276,2022-04-20,2022-06-07
sz.000929,2024-05-23,2024-07-05
sh.600725,2024-07-24,2024-09-04
sz.300412,2024-04-01,2024-05-20
sz.002033,2022-09-19,2022-11-07
sh.603185,2023-04-20,2023-06-06
sh.603171,2021-10-19,2021-11-30
sz.002234,2024-06-26,2024-08-07
sz.002358,2021-01-19,2021-03-09
sh.688269,2024-01-22,2024-03-12
sz.002492,2022-04-13,2022-05-30
sh.600641,2022-09-19,2022-11-07
sh.688691,2024-08-09,2024-09-24
sh.600883,2022-04-07,2022-05-24
sh.600121,2022-04-21,2022-06-08
sz.002824,2022-04-14,2022-05-31
sh.688007,2024-01-08,2024-02-27
sz.301279,2022-04-15,2022-06-01
sh.603970,2024-07-04,2024-08-15
sz.000801,2021-01-20,2021-03-10
sz.300852,2022-04-15,2022-06-01
sz.000820,2024-01-25,2024-03-15
sh.688626,2024-04-02,2024-05-21
sz.301036,2024-01-26,2024-03-18
sh.603920,2021-04-23,2021-06-09
sh.600106,2024-01-24,2024-03-14
sz.000698,2021-03-18,2021-04-30
sz.300674,2022-04-13,2022-05-30
sh.605567,2022-04-15,2022-06-01
sz.300576,2023-09-14,2023-11-03
sh.600759,2021-10-19,2021-11-30
sz.002723,2023-10-10,2023-11-21
sh.688595,2023-04-07,2023-05-24
sz.002015,2023-01-05,2023-02-23
sz.002530,2022-03-31,2022-05-19
sz.301273,2024-04-03,2024-05-22
sh.603322,2021-04-16,2021-06-02
sz.301525,2024-01-12,2024-03-04
sz.300827,2024-06-05,2024-07-18
sz.300782,2024-10-21,2024-12-02
sh.600428,2021-09-30,2021-11-18
sh.688148,2024-01-29,2024-03-19
sz.300131,2021-08-30,2021-10-20
sz.300464,2024-01-17,2024-03-07
sz.300846,2024-01-18,2024-03-08
sz.003028,2021-01-08,2021-02-26
sh.603037,2024-01-19,2024-03-11
sh.603189,2024-05-14,2024-06-26
sh.688179,2021-02-23,2021-04-07
sz.002528,2024-04-29,2024-06-17
sh.688017,2022-09-29,2022-11-17
sh.600381,2022-10-14,2022-11-25
sh.601238,2021-01-18,2021-03-08
sh.688111,2023-10-18,2023-11-29
sz.000672,2021-09-13,2021-11-03
sh.688630,2023-07-14,2023-08-25
sz.002638,2024-04-03,2024-05-22
sh.603666,2024-01-02,2024-02-21
sz.300292,2024-04-09,2024-05-24
sz.000688,2022-09-15,2022-11-03
sh.688328,2024-01-29,2024-03-19
sh.601921,2024-08-21,2024-10-11
sz.002866,2022-12-07,2023-01-19
sz.300735,2021-04-23,2021-06-09
sh.688528,2024-01-23,2024-03-13
sz.300989,2024-01-30,2024-03-20
sz.300422,2022-01-12,2022-03-02
sh.688103,2022-03-30,2022-05-18
sz.000668,2021-01-11,2021-03-01
sz.002897,2024-01-16,2024-03-06
sz.300318,2024-01-29,2024-03-19
sh.601949,2024-03-21,2024-05-09
sz.300558,2023-05-18,2023-07-03
sh.600493,2022-04-18,2022-06-02
sh.688680,2023-07-06,2023-08-17
sz.300506,2024-03-20,2024-05-09
sz.300405,2022-04-12,2022-05-27
sz.002337,2024-01-23,2024-03-13
sz.002607,2024-01-19,2024-03-11
sz.002114,2021-09-15,2021-11-05
sh.688339,2022-01-27,2022-03-17
sh.600281,2024-05-27,2024-07-09
sz.002208,2022-04-01,2022-05-20
sz.300491,2021-11-26,2022-01-10
sz.300340,2024-01-19,2024-03-11
sz.002713,2024-07-03,2024-08-14
sz.002389,2021-03-03,2021-04-15
sh.688133,2024-01-24,2024-03-14
sz.301306,2024-01-17,2024-03-07
sz.300096,2024-05-23,2024-07-05
sh.600561,2024-08-01,2024-09-12
sh.688549,2024-11-08,2024-12-20
sh.603738,2022-03-21,2022-05-09
sh.605056,2021-07-27,2021-09-07
sh.600227,2024-05-22,2024-07-04
sh.603822,2024-01-26,2024-03-18
sz.002763,2022-04-14,2022-05-31
sz.301509,2023-10-13,2023-11-24
sh.600250,2024-05-22,2024-07-18
sh.688628,2022-08-23,2022-10-12
sz.300928,2024-07-23,2024-09-03
sh.601127,2021-12-23,2022-02-11
sh.600318,2022-11-10,2022-12-22
sz.002278,2022-09-14,2022-11-02
sh.688067,2024-01-24,2024-03-14
sh.600129,2023-06-29,2023-08-10
sz.300932,2024-01-10,2024-02-29
sz.000676,2021-09-14,2021-11-04
sh.601929,2023-11-27,2024-01-09
sh.688662,2022-04-19,2022-06-06
sz.301169,2023-04-11,2023-05-26
sz.002346,2022-08-22,2022-10-11
sh.601858,2023-05-11,2023-06-26
sz.002830,2021-01-25,2021-03-15
sh.600259,2021-12-13,2022-01-25
sz.300789,2022-10-18,2022-11-29
sz.002437,2021-01-21,2021-03-11
sh.601890,2022-07-22,2022-09-02
sh.600682,2024-05-30,2024-07-12
sz.300319,2021-08-26,2021-10-18
sh.601678,2022-01-11,2022-03-01
sz.002091,2021-09-16,2021-11-08
sz.002199,2024-05-22,2024-07-04
sh.603658,2021-07-14,2021-08-25
sz.300055,2024-01-22,2024-03-12
sz.002109,2021-10-19,2021-11-30
sh.600348,2021-09-22,2021-11-10
sh.605006,2021-09-17,2021-11-09
sz.300255,2022-01-13,2022-03-03
sh.600538,2024-07-03,2024-08-14
sz.002997,2022-04-13,2022-05-30
sz.300576,2024-01-22,2024-03-12
sz.000960,2024-07-15,2024-08-26
sh.605069,2023-08-24,2023-10-13
sz.301033,2024-01-19,2024-03-11
sz.301082,2021-11-25,2022-01-07
sz.300311,2021-08-04,2021-09-15
sh.600769,2023-12-29,2024-02-20
sz.002793,2024-01-24,2024-03-14
sh.688629,2023-07-12,2023-08-23
sz.002587,2022-01-17,2022-03-07
sz.300158,2022-12-14,2023-02-02
sz.300557,2024-01-09,2024-02-28
sh.603105,2024-01-23,2024-03-13
sz.300727,2023-04-20,2023-06-06
sh.603163,2023-09-07,2023-10-27
sz.300411,2024-01-17,2024-03-07
sz.002850,2023-08-29,2023-10-18
sh.688269,2021-07-13,2021-08-24
sz.000761,2021-09-14,2021-11-04
sh.688023,2022-12-28,2023-02-16
sh.688052,2024-11-11,2024-12-23
sz.002150,2022-03-02,2022-04-15
sh.600965,2022-01-20,2022-03-10
sh.605277,2021-01-15,2021-03-05
sh.603527,2024-04-02,2024-05-21
sz.002453,2022-07-26,2022-09-06
sz.002772,2024-01-22,2024-03-12
sz.000928,2021-07-22,2021-09-02
sh.600743,2024-11-11,2024-12-23
sz.300772,2022-04-01,2022-05-20
sz.002963,2024-01-24,2024-03-14
sz.002349,2022-11-14,2022-12-26
sz.300869,2021-01-26,2021-03-16
sh.600561,2022-04-19,2022-06-06
sh.688109,2023-05-11,2023-06-26
sz.301040,2023-03-02,2023-04-14
sz.003037,2021-04-16,2021-06-02
sz.000596,2021-12-30,2022-02-18
sz.002316,2022-04-18,2022-06-06
sh.603366,2022-04-12,2022-05-27
sh.600476,2022-04-14,2022-05-31
sz.300928,2022-03-01,2022-04-14
sz.300790,2022-04-11,2022-05-26
sh.600226,2021-09-09,2021-11-01
sh.688528,2023-04-20,2023-06-06
sz.002821,2021-12-27,2022-02-15
sh.600624,2024-01-29,2024-03-19
sh.688308,2022-08-12,2022-09-26
sz.301377,2024-01-24,2024-03-14
sh.688386,2021-01-20,2021-03-10
sh.600802,2022-04-19,2022-06-06
sz.300079,2022-04-01,2022-05-20
sz.002639,2022-04-19,2022-06-06
sh.688326,2024-07-12,2024-08-23
sz.300505,2023-08-07,2023-09-18
sh.688239,2024-06-11,2024-07-23
sz.300264,2021-06-21,2021-08-02
sz.300807,2024-01-30,2024-03-20
sh.688068,2024-01-18,2024-03-08
sh.603959,2024-03-29,2024-05-20
sz.300157,2024-04-09,2024-05-24
sz.002868,2023-02-09,2023-03-23
sz.300642,2022-01-14,2022-03-04
sz.300443,2022-11-08,2022-12-20
sh.600281,2024-04-11,2024-05-28
sh.603657,2022-04-20,2022-06-07
sz.300176,2021-01-20,2021-03-10
sz.300507,2024-01-18,2024-03-08
sz.300225,2022-02-25,2022-04-12
sz.300730,2022-02-21,2022-04-06
sh.688310,2024-06-26,2024-08-07
sh.603613,2023-04-21,2023-06-07
sz.000683,2021-09-16,2021-11-08
sh.603879,2024-06-13,2024-07-25
sh.601956,2024-01-24,2024-03-14
sh.600756,2022-04-12,2022-05-27
sh.603912,2021-09-13,2021-11-03
sz.301030,2022-04-19,2022-06-06
sz.300006,2021-10-12,2021-11-23
sz.300050,2024-08-27,2024-10-17
sz.301226,2022-08-18,2022-09-30
sh.688680,2022-04-12,2022-05-27
sz.002529,2021-01-27,2021-03-17
sz.300811,2022-02-23,2022-04-08
sz.300107,2024-10-31,2024-12-12
sz.300842,2022-08-17,2022-09-29
sh.605155,2021-02-01,2021-03-22
sh.688379,2022-08-17,2022-09-29
sz.000960,2022-04-20,2022-06-07
sh.688607,2022-09-09,2022-10-31
sz.000909,2022-04-08,2022-05-25
sz.001300,2022-11-16,2022-12-28
sz.002813,2022-08-17,2022-09-29
sz.003028,2021-07-01,2021-08-12
sz.002149,2021-03-01,2021-04-13
sz.000498,2022-07-25,2022-09-05
sh.688798,2024-06-20,2024-08-01
sh.603556,2022-09-09,2022-10-31
sz.300600,2021-07-14,2021-08-25
sz.300586,2024-01-24,2024-03-14
sz.000758,2021-09-17,2021-11-09
sz.300961,2022-03-24,2022-05-12
sh.601238,2021-09-15,2021-11-05
sh.688171,2024-05-23,2024-07-05
sh.688381,2023-04-21,2023-06-07
sh.688257,2022-02-28,2022-04-13
sz.002981,2022-05-17,2022-06-29
sh.603167,2022-04-19,2022-06-06
sz.000739,2021-10-13,2021-11-24
sh.688025,2022-02-23,2022-04-08
sz.002006,2021-09-10,2021-11-02
sz.002161,2024-01-26,2024-03-18
sz.300732,2022-04-07,2022-05-24
sh.688289,2021-09-07,2021-10-28
sz.300807,2024-01-17,2024-03-07
sh.688123,2024-01-17,2024-03-07
sz.002551,2024-01-29,2024-03-19
sz.300916,2022-08-22,2022-10-11
sz.301041,2023-07-18,2023-08-29
sz.002349,2022-12-16,2023-02-06
sh.600569,2022-04-22,2022-06-09
sz.300690,2022-09-09,2022-10-31
sz.002166,2022-04-12,2022-05-27
sz.300040,2024-07-03,2024-08-14
sz.300204,2024-01-17,2024-03-07
sh.688185,2022-03-22,2022-05-10
sh.688668,2023-08-10,2023-09-21
sz.300839,2022-03-02,2022-04-15
sh.688314,2024-01-16,2024-03-06
sz.002141,2024-01-18,2024-03-08
sz.300752,2021-01-13,2021-03-03
sz.000407,2024-01-29,2024-03-19
sh.603976,2021-01-27,2021-03-17
sh.688029,2022-01-04,2022-02-22
sz.300651,2022-04-19,2022-06-06
sz.300180,2024-05-23,2024-07-05
sh.600784,2024-01-25,2024-03-15
sz.300071,2023-02-07,2023-03-21
sz.002873,2022-01-17,2022-03-07
sz.000510,2024-01-23,2024-03-13
sh.600088,2023-06-19,2023-08-02
sz.300212,2023-12-13,2024-01-25
sz.301309,2024-01-23,2024-03-13
sz.300673,2024-07-11,2024-08-22
sh.688699,2023-04-13,2023-05-30
sh.600841,2024-08-01,2024-09-12
sz.300161,2023-12-29,2024-02-20
sz.002603,2022-12-13,2023-02-01
sh.603020,2021-01-25,2021-03-15
sh.688389,2022-04-11,2022-05-26
sz.002568,2021-02-08,2021-03-29
sz.001282,2024-01-17,2024-03-07
sh.688819,2022-03-01,2022-04-14
sz.000949,2021-02-23,2021-04-07
sh.688258,2023-12-11,2024-01-23
sz.300751,2021-08-30,2021-10-20
sz.301391,2024-04-09,2024-05-24
sz.001223,2024-01-26,2024-03-18
sz.002713,2024-05-27,2024-07-09
sh.600019,2022-03-01,2022-04-14
sz.300044,2022-01-17,2022-03-07
sz.003004,2024-01-16,2024-03-06
sz.300820,2021-11-02,2021-12-14
sh.605011,2022-04-12,2022-05-27
sh.688012,2021-01-20,2021-03-10
sz.000703,2024-07-16,2024-08-27
sh.603110,2023-08-11,2023-09-22
sh.603138,2023-10-09,2023-11-20
sh.603095,2024-04-03,2024-05-22
sh.688095,2024-05-22,2024-07-04
sz.301228,2024-04-03,2024-05-22
sh.601155,2022-07-01,2022-08-12
sz.301336,2024-03-29,2024-05-17
sh.603317,2021-03-05,2021-04-19
sh.600791,2021-01-22,2021-03-12
sh.600110,2022-04-14,2022-05-31
sz.301270,2022-09-20,2022-11-08
sz.001332,2023-04-18,2023-06-02
sz.002256,2024-05-27,2024-07-09
sz.301161,2024-01-22,2024-03-12
sz.300654,2024-04-02,2024-05-21
sz.300065,2021-12-16,2022-01-28
sz.002553,2024-01-18,2024-03-08
sh.603825,2024-04-01,2024-05-20
sz.002292,2022-09-16,2022-11-04
sz.300684,2024-01-23,2024-03-13
sz.300671,2024-11-08,2024-12-20
sz.301199,2022-08-16,2022-09-28
sh.600234,2024-01-18,2024-03-08
sz.000668,2024-05-21,2024-07-03
sh.603155,2024-01-24,2024-03-14
sh.603379,2024-07-15,2024-08-26
sh.600822,2024-01-24,2024-03-14
sz.301025,2023-06-14,2023-07-28
sh.600108,2021-01-25,2021-03-15
sz.300034,2021-01-22,2021-03-12
sh.688048,2024-06-24,2024-08-05
sh.688093,2021-08-24,2021-10-14
sz.002316,2022-02-22,2022-04-07
sh.600141,2021-10-22,2021-12-03
sz.301013,2022-01-13,2022-03-03
sh.600589,2022-04-13,2022-05-30
sz.300457,2023-08-29,2023-10-18
sz.002085,2024-08-06,2024-09-19
sz.002842,2024-01-08,2024-02-27
sh.600151,2022-09-08,2022-10-28
sz.301469,2024-08-06,2024-09-19
sz.300106,2023-09-28,2023-11-17
sz.000980,2024-03-20,2024-05-08
sz.300452,2022-01-18,2022-03-08
sh.688215,2024-01-29,2024-03-19
sz.300123,2021-08-12,2021-09-27
sz.300249,2024-04-01,2024-05-20
sz.002239,2024-01-22,2024-03-12
sh.600340,2024-01-29,2024-03-19
sz.000737,2024-04-09,2024-05-24
sh.605088,2022-08-19,2022-10-10
sz.300970,2022-04-11,2022-05-26
sz.300050,2024-08-30,2024-10-22
sz.300738,2024-03-26,2024-05-14
sz.000967,2022-04-12,2022-05-27
sz.301149,2022-01-13,2022-03-03
sz.002397,2024-04-01,2024-05-20
sh.603666,2023-04-11,2023-05-26
sh.688210,2024-01-19,2024-03-11
sz.002584,2022-03-29,2022-05-17
sh.605033,2024-01-26,2024-03-18
sz.000533,2022-08-18,2022-09-30
sz.300947,2024-01-25,2024-03-15
sz.300537,2022-01-13,2022-03-03
sh.600594,2022-04-15,2022-06-01
sz.300528,2024-01-29,2024-03-19
sz.301033,2022-01-17,2022-03-07
sh.688535,2023-09-15,2023-11-06
sz.300589,2021-01-22,2021-03-12
sz.301306,2023-07-18,2023-08-29
sz.300056,2021-08-16,2021-09-29
sh.600508,2021-10-27,2021-12-08
sz.002956,2024-08-20,2024-10-10
sz.002107,2022-04-14,2022-05-31
sz.000815,2023-04-04,2023-05-22
sh.688280,2024-01-24,2024-03-14
sz.300193,2022-08-17,2022-09-29
sh.688091,2022-07-06,2022-08-17
sz.300210,2024-11-12,2024-12-24
sz.002354,2022-01-13,2022-03-03
sz.001322,2023-08-10,2023-09-21
sz.300965,2024-04-01,2024-05-21
sz.000856,2024-01-24,2024-03-14
sh.600173,2022-01-11,2022-03-01
sh.603444,2023-10-16,2023-11-27
sh.688609,2021-08-18,2021-10-08
sz.002721,2024-01-23,2024-03-13
sz.002453,2022-04-15,2022-06-01
sz.300537,2021-01-22,2021-03-12
sz.000636,2022-01-18,2022-03-08
sz.002555,2022-09-21,2022-11-09
sz.002357,2023-01-06,2023-02-24
sh.603228,2024-07-10,2024-08-21
sh.688355,2021-10-14,2021-11-25
sh.600088,2023-05-10,2023-06-21
sz.301310,2024-01-24,2024-03-14
sz.300721,2021-01-21,2021-03-11
sh.688025,2023-04-12,2023-05-29
sh.603439,2022-01-17,2022-03-07
sz.002901,2022-04-11,2022-05-26
sz.300745,2021-12-14,2022-01-26
sz.300604,2024-01-08,2024-02-27
sz.002269,2021-07-14,2021-08-25
sz.002445,2021-09-13,2021-11-03
sz.002289,2023-04-20,2023-06-07
sh.603106,2024-01-26,2024-03-18
sz.002319,2024-04-09,2024-05-24
sh.688409,2022-12-07,2023-01-19
sh.603855,2022-03-04,2022-04-19
sz.002004,2021-09-24,2021-11-12
sz.000831,2021-12-22,2022-02-10
sh.605358,2021-01-19,2021-03-09
sz.301327,2024-01-18,2024-03-08
sz.003025,2024-01-05,2024-02-26
sz.301333,2024-11-11,2024-12-23
sz.300537,2021-01-21,2021-03-11
sh.603938,2022-04-08,2022-05-25
sz.002454,2024-01-25,2024-03-15
sh.600715,2023-12-13,2024-01-25
sz.300931,2021-04-16,2021-06-02
sz.301095,2022-12-09,2023-01-30
sh.688065,2022-04-11,2022-05-26
sh.688006,2022-04-11,2022-05-26
sz.002659,2021-07-14,2021-08-25
sz.301591,2024-06-20,2024-08-01
sz.300952,2024-06-04,2024-07-17
sh.688568,2021-01-25,2021-03-15
sz.300582,2024-03-29,2024-05-17
sz.300866,2021-07-01,2021-08-12
sz.300880,2024-01-26,2024-03-18
sz.002333,2022-04-11,2022-05-26
sz.301007,2022-04-14,2022-05-31
sz.002949,2021-01-21,2021-03-11
sh.600223,2021-07-12,2021-08-23
sz.002245,2022-12-09,2023-01-30
sh.603260,2021-09-15,2021-11-05
sh.688300,2023-04-20,2023-06-06
sz.301328,2023-11-30,2024-01-12
sz.002641,2024-01-22,2024-03-12
sz.300648,2021-02-23,2021-04-07
sz.001205,2024-01-25,2024-03-15
sz.300665,2022-04-14,2022-05-31
sz.300586,2024-04-10,2024-05-27
sz.003038,2022-11-04,2022-12-16
sz.300710,2021-06-15,2021-07-27
sh.603985,2022-10-24,2022-12-05
sz.000839,2022-03-01,2022-04-14
sh.603363,2022-04-08,2022-05-25
sh.688195,2021-11-30,2022-01-12
sz.301357,2024-03-29,2024-05-17
sz.002057,2021-09-16,2021-11-08
sz.300532,2022-09-09,2022-10-31
sh.603396,2021-12-28,2022-02-16
sh.603168,2024-01-18,2024-03-08
sz.300378,2021-03-03,2021-04-15
sz.002871,2022-04-14,2022-05-31
sh.605303,2024-05-21,2024-07-03
sz.002208,2024-01-30,2024-03-20
sz.301326,2024-05-24,2024-07-08
sz.300190,2024-05-23,2024-07-05
sz.002620,2022-01-17,2022-03-07
sz.301159,2022-03-21,2022-05-09
sz.300378,2021-04-21,2021-06-07
sh.688161,2022-01-11,2022-03-01
sh.605488,2024-01-22,2024-03-12
sh.605337,2022-01-11,2022-03-01
sh.600733,2021-05-21,2021-07-05
sz.000656,2023-08-11,2023-09-22
sh.688418,2021-07-12,2021-08-23
sh.688609,2024-03-19,2024-05-07
sh.688585,2022-04-01,2022-05-20
sh.688137,2024-06-20,2024-08-01
sz.301326,2024-01-24,2024-03-14
sz.301117,2024-05-10,2024-06-24
sz.002349,2022-04-07,2022-05-24
sh.600287,2024-04-08,2024-05-23
sh.603979,2021-09-13,2021-11-03
sh.600745,2022-03-29,2022-05-17
sz.003001,2024-01-29,2024-03-19
sz.300740,2024-01-17,2024-03-07
sz.301502,2024-02-06,2024-03-27
sz.300546,2022-08-12,2022-09-26
sz.000921,2022-03-02,2022-04-15
sh.600500,2021-10-21,2021-12-02
sz.301185,2023-12-11,2024-01-23
sz.002326,2022-03-31,2022-05-19
sz.300204,2022-12-22,2023-02-10
sh.688305,2022-03-07,2022-04-20
sh.603010,2022-04-12,2022-05-27
sh.688560,2021-09-17,2021-11-09
sz.000959,2021-09-16,2021-11-08
sh.603266,2022-04-21,2022-06-08
sh.688595,2023-08-07,2023-09-18
sz.002051,2023-05-05,2023-06-16
sz.000930,2022-04-13,2022-05-30
sz.002766,2024-01-22,2024-03-12
sh.688202,2023-04-24,2023-06-08
sz.300688,2022-04-13,2022-05-30
sh.688293,2023-04-18,2023-06-02
sz.300163,2024-05-21,2024-07-03
sz.002911,2022-07-29,2022-09-09
sz.000825,2022-04-21,2022-06-08
sz.300936,2024-01-26,2024-03-18
sh.688367,2024-01-22,2024-03-12
sz.300825,2024-01-19,2024-03-11
sz.002807,2022-10-18,2022-11-29
sh.600399,2022-02-28,2022-04-13
sh.603501,2021-02-23,2021-04-07
sh.600258,2021-07-22,2021-09-02
sh.603580,2024-01-31,2024-03-21
sh.688511,2024-01-25,2024-03-15
sz.002596,2022-04-15,2022-06-01
sh.603960,2022-03-02,2022-04-15
sz.300477,2022-08-29,2022-10-18
sh.688719,2024-01-12,2024-03-04
sh.688135,2021-03-01,2021-04-13
sz.300580,2022-04-21,2022-06-08
sz.300118,2022-04-08,2022-05-25
sz.002881,2023-04-14,2023-05-31
sz.301418,2023-09-26,2023-11-15
sz.301041,2024-01-18,2024-03-08
sz.300659,2022-01-24,2022-03-14
sz.002036,2021-08-06,2021-09-17
sh.688113,2024-03-26,2024-05-14
sh.600151,2024-01-23,2024-03-13
sh.600162,2024-05-31,2024-07-15
sh.600455,2024-05-23,2024-07-05
sh.688067,2022-04-12,2022-05-27
sz.300281,2024-01-22,2024-03-12
sz.300466,2022-08-17,2022-09-29
sh.688596,2022-11-21,2023-01-03
sh.688256,2023-10-20,2023-12-01
sh.603008,2022-03-01,2022-04-14
sh.600531,2022-04-18,2022-06-02
sh.603333,2022-05-31,2022-07-13
sz.002513,2022-09-08,2022-10-28
sz.000017,2022-06-27,2022-08-08
sz.301047,2022-04-07,2022-05-24
sz.300842,2022-09-19,2022-11-07
sz.002953,2022-04-12,2022-05-27
sh.688173,2024-04-02,2024-05-21
sh.600590,2022-04-11,2022-05-26
sh.688628,2022-08-16,2022-09-28
sz.002309,2021-12-16,2022-01-28
sz.002229,2024-05-21,2024-07-03
sh.603377,2024-03-21,2024-05-10
sz.300333,2024-05-24,2024-07-08
sz.002640,2021-09-09,2021-11-01
sz.002050,2024-06-19,2024-07-31
sh.688071,2024-01-12,2024-03-04
sz.002122,2023-06-14,2023-07-28
sz.301446,2024-01-29,2024-03-19
sh.688252,2024-01-22,2024-03-12
sz.002124,2021-03-31,2021-05-18
sz.300788,2022-04-07,2022-05-24
sh.688227,2024-01-22,2024-03-12
sh.603786,2022-03-03,2022-04-18
sh.688277,2022-01-24,2022-03-14
sz.002708,2023-12-06,2024-01-18
sz.300169,2023-12-08,2024-01-22
sh.688157,2023-04-13,2023-05-30
sz.002923,2021-11-25,2022-01-07
sz.002455,2024-01-24,2024-03-14
sh.688106,2022-04-08,2022-05-25
sz.002802,2021-07-22,2021-09-02
sh.603196,2022-04-15,2022-06-01
sh.600935,2024-01-22,2024-03-12
sh.603995,2022-02-28,2022-04-13
sh.603466,2022-04-08,2022-05-25
sh.603332,2022-07-12,2022-08-23
sh.688502,2023-09-07,2023-10-27
sh.600960,2021-04-21,2021-06-07
sz.003038,2021-09-15,2021-11-05
sh.688518,2022-04-08,2022-05-25
sz.300514,2024-01-22,2024-03-12
sz.300436,2022-11-21,2023-01-03
sz.300072,2022-02-23,2022-04-08
sz.000533,2024-03-29,2024-05-17
sz.300550,2024-04-02,2024-05-21
sh.600704,2021-06-23,2021-08-04
sz.002099,2022-04-07,2022-05-24
sz.301391,2024-08-16,2024-10-08
sh.603530,2022-04-14,2022-05-31
sz.000656,2021-10-22,2021-12-03
sh.600714,2024-01-23,2024-03-13
sh.600218,2021-08-18,2021-10-08
sh.603701,2024-01-17,2024-03-07
sh.688552,2024-01-24,2024-03-14
sz.002092,2021-10-21,2021-12-02
sh.688733,2024-01-19,2024-03-11
sz.002554,2024-01-26,2024-03-18
sh.688156,2022-04-20,2022-06-07
sh.600712,2024-04-03,2024-05-22
sz.300052,2022-04-06,2022-05-23
sz.300655,2024-01-17,2024-03-07
sh.600135,2024-01-18,2024-03-08
sz.301069,2024-04-12,2024-05-29
sh.600118,2022-04-12,2022-05-27
sh.603838,2024-01-18,2024-03-08
sz.002528,2022-10-20,2022-12-01
sh.605196,2021-07-13,2021-08-24
sz.300961,2022-03-01,2022-04-14
sz.300597,2022-04-08,2022-05-25
sh.688702,2024-01-19,2024-03-11
sh.688716,2024-01-19,2024-03-11
sh.688598,2021-12-27,2022-02-15
sz.002988,2022-03-02,2022-04-15
sz.002747,2022-04-06,2022-05-23
sh.688328,2024-01-11,2024-03-01
sz.301586,2024-09-02,2024-10-23
sh.600533,2022-10-20,2022-12-01
sh.600121,2022-06-20,2022-08-01
sh.601133,2024-01-24,2024-03-14
sh.600119,2024-04-02,2024-05-21
sz.300094,2022-04-20,2022-06-07
sz.300774,2024-01-19,2024-03-11
sz.300500,2021-08-05,2021-09-16
sz.300347,2023-05-23,2023-07-06
sz.301008,2022-04-14,2022-05-31
sh.688286,2023-02-17,2023-03-31
sz.300313,2021-01-19,2021-03-09
sz.301387,2024-05-31,2024-07-15
sh.689009,2022-04-12,2022-05-27
sz.300600,2021-07-06,2021-08-17
sh.600892,2024-01-02,2024-02-21
sz.300808,2022-04-18,2022-06-02
sz.300556,2022-04-14,2022-05-31
sh.601699,2021-09-22,2021-11-10
sz.002724,2022-03-01,2022-04-14
sh.600282,2021-09-17,2021-11-09
sh.603619,2024-10-08,2024-11-19
sz.300394,2023-10-23,2023-12-04
sh.600051,2022-04-18,2022-06-02
sz.002625,2022-09-14,2022-11-02
sh.688580,2022-08-11,2022-09-23
sz.300302,2023-12-12,2024-01-24
sz.300357,2023-05-23,2023-07-06
sz.301185,2024-10-08,2024-11-19
sz.002511,2021-08-23,2021-10-13
sz.000520,2024-05-31,2024-07-15
sz.000985,2022-09-02,2022-10-24
sz.300359,2022-04-12,2022-05-27
sh.688002,2022-08-11,2022-09-23
sz.002935,2021-01-21,2021-03-11
sz.300228,2022-04-18,2022-06-02
sz.300311,2024-05-27,2024-07-09
sz.301372,2023-08-28,2023-10-17
sz.000421,2022-07-29,2022-09-09
sz.300987,2021-10-15,2021-11-26
sz.002094,2024-04-03,2024-05-22
sh.688595,2022-08-12,2022-09-26
sh.688239,2024-08-02,2024-09-13
sz.301419,2023-07-07,2023-08-18
sh.600847,2021-12-13,2022-02-15
sh.603212,2024-01-12,2024-03-04
sh.601038,2022-03-01,2022-04-14
sz.002869,2024-01-19,2024-03-11
sh.601778,2023-08-18,2023-10-09
sz.000938,2023-04-24,2023-06-08
sh.605088,2022-08-17,2022-09-29
sz.002348,2024-01-23,2024-03-13
sh.603239,2024-01-17,2024-03-07
sz.300613,2022-01-20,2022-03-10
sz.300922,2024-05-24,2024-07-08
sz.300290,2024-01-23,2024-03-13
sh.600538,2024-07-10,2024-08-21
sz.002235,2024-01-23,2024-03-13
sh.600521,2022-04-08,2022-05-25
sz.300816,2024-07-11,2024-08-22
sh.688183,2024-07-22,2024-09-02
sh.688187,2024-08-19,2024-10-09
sh.688551,2022-01-24,2022-03-14
sh.600331,2021-09-15,2021-11-05
sz.002981,2024-01-22,2024-03-12
sz.002590,2023-09-13,2023-11-02
sz.000695,2021-10-28,2021-12-09
sz.001332,2024-01-22,2024-03-12
sz.300593,2022-03-28,2022-05-16
sz.300565,2023-04-18,2023-06-02
sz.002644,2022-04-07,2022-05-24
sz.003008,2021-12-21,2022-02-09
sz.300062,2021-07-20,2021-08-31
sh.603002,2021-09-24,2021-11-12
sz.300493,2021-01-21,2021-03-11
sz.300014,2023-08-11,2023-09-22
sh.688680,2023-04-10,2023-05-25
sh.600933,2022-01-24,2022-03-14
sz.002883,2022-04-11,2022-05-26
sh.600307,2021-10-22,2021-12-03
sz.300601,2022-07-21,2022-09-01
sz.300948,2024-04-02,2024-05-21
sz.003042,2024-01-25,2024-03-15
sh.603126,2021-06-02,2021-07-15
sz.300443,2022-01-06,2022-02-24
sh.600022,2021-09-23,2021-11-11
sz.300778,2023-08-01,2023-09-12
sz.001299,2022-12-07,2023-01-19
sz.000007,2021-01-27,2021-03-17
sh.601002,2024-05-23,2024-07-05
sz.002488,2024-03-29,2024-05-17
sz.002374,2024-05-27,2024-07-09
sh.603863,2022-04-13,2022-05-31
sh.603596,2022-03-21,2022-05-09
sz.300892,2024-01-19,2024-03-11
sh.603458,2024-01-17,2024-03-07
sz.001387,2024-01-17,2024-03-07
sz.300994,2022-04-06,2022-05-23
sh.603978,2024-01-09,2024-02-28
sh.603318,2022-01-13,2022-03-03
sz.003011,2024-01-29,2024-03-19
sh.603042,2024-01-29,2024-03-19
sh.605117,2023-05-25,2023-07-10
sz.001319,2022-05-20,2022-07-04
sz.000807,2024-07-11,2024-08-22
sh.605299,2024-01-24,2024-03-14
sz.300025,2022-04-13,2022-05-30
sz.002313,2024-01-29,2024-03-19
sz.300040,2022-04-12,2022-05-27
sh.688636,2021-12-30,2022-02-18
sh.603666,2023-04-12,2023-05-29
sz.300713,2024-01-30,2024-03-20
sh.688606,2021-09-14,2021-11-04
sz.301258,2024-05-09,2024-06-21
sh.605198,2024-01-17,2024-03-07
sz.300997,2021-10-12,2021-11-23
sh.600201,2022-03-02,2022-04-15
sh.603207,2024-08-28,2024-10-18
sz.300423,2024-03-22,2024-05-10
sz.301159,2024-01-22,2024-03-12
sh.600118,2021-01-22,2021-03-12
sz.002841,2023-10-17,2023-11-28
sz.000737,2022-03-07,2022-04-20
sz.300203,2022-03-22,2022-05-10
sh.688189,2021-01-25,2021-03-15
sz.300368,2024-05-24,2024-07-08
sh.603396,2024-07-11,2024-08-22
sh.603258,2023-04-25,2023-06-09
sh.688273,2022-08-17,2022-09-29
sh.603021,2024-01-25,2024-03-15
sh.688004,2024-01-25,2024-03-15
sz.300439,2022-04-11,2022-05-26
sh.688175,2022-03-22,2022-05-10
sz.300245,2022-04-14,2022-05-31
sz.002570,2024-05-23,2024-07-05
sz.300373,2023-08-07,2023-09-18
sh.688699,2022-04-01,2022-05-20
sh.688400,2023-06-20,2023-08-03
sh.688359,2024-01-30,2024-03-20
sh.601086,2024-01-29,2024-03-19
sz.300886,2022-07-01,2022-08-26
sz.301128,2021-12-20,2022-02-08
sz.002645,2022-08-19,2022-10-10
sz.000020,2022-06-22,2022-08-03
sh.688202,2022-09-09,2022-10-31
sh.603716,2022-01-25,2022-03-15
sz.300607,2023-04-14,2023-05-31
sz.002620,2022-03-31,2022-05-19
sz.000987,2024-11-11,2024-12-23
sh.603926,2024-04-01,2024-05-20
sz.002264,2024-05-16,2024-06-28
sz.301212,2024-01-29,2024-03-19
sh.600569,2021-09-17,2021-11-09
sh.605136,2022-02-28,2022-04-13
sz.300314,2022-04-14,2022-05-31
sz.300239,2022-01-13,2022-03-03
sz.300634,2022-04-13,2022-05-30
sz.002903,2022-08-22,2022-10-11
sh.603055,2022-03-01,2022-04-14
sz.002716,2022-04-15,2022-06-01
sz.003026,2024-01-17,2024-03-07
sz.300814,2024-03-29,2024-05-17
sz.300486,2024-01-11,2024-03-01
sz.300368,2023-04-13,2023-05-30
sz.300205,2021-09-15,2021-11-05
sz.002148,2022-04-14,2022-05-31
sz.300040,2024-06-11,2024-07-23
sh.603797,2024-01-25,2024-03-15
sh.603345,2024-06-04,2024-07-17
sz.300609,2022-04-20,2022-06-07
sh.688630,2023-07-17,2023-08-28
sh.603895,2024-02-29,2024-04-15
sz.300385,2024-01-19,2024-03-11
sz.300978,2021-12-24,2022-02-14
sz.000550,2022-03-02,2022-04-15
sh.603230,2022-03-09,2022-04-22
sh.603536,2022-01-17,2022-03-07
sh.605018,2021-01-27,2021-03-17
sh.603208,2024-05-22,2024-07-04
sz.000863,2022-09-27,2022-11-15
sz.000925,2024-01-26,2024-03-18
sz.001298,2024-01-04,2024-02-23
sz.300713,2021-01-20,2021-03-10
sz.002591,2024-04-01,2024-05-20
sh.601869,2021-01-20,2021-03-10
sz.301306,2024-01-26,2024-03-18
sz.002159,2024-01-25,2024-03-15
sz.002895,2021-09-13,2021-11-03
sz.300486,2024-01-18,2024-03-08
sz.002513,2024-01-26,2024-03-18
sz.000548,2024-01-25,2024-03-15
sh.600605,2024-01-22,2024-03-12
sz.300018,2024-01-17,2024-03-07
sh.603937,2022-04-13,2022-05-30
sh.605188,2023-07-31,2023-09-11
sz.300329,2024-01-26,2024-03-18
sz.300088,2022-03-30,2022-05-18
sz.003018,2024-01-29,2024-03-19
sz.300576,2023-07-07,2023-08-18
sz.301517,2024-03-29,2024-05-17
sz.002728,2022-04-12,2022-05-27
sz.002453,2022-01-19,2022-03-09
sz.000014,2022-09-14,2022-11-02
sz.300774,2024-04-09,2024-05-24
sh.603108,2022-05-09,2022-06-21
sh.688032,2024-10-10,2024-11-21
sz.002337,2024-01-26,2024-03-18
sz.002221,2022-03-03,2022-04-18
sh.688519,2024-01-11,2024-03-01
sh.688383,2024-11-11,2024-12-23
sz.300836,2022-08-18,2022-09-30
sz.002075,2021-07-05,2021-08-17
sz.002546,2021-10-18,2021-11-29
sz.002349,2022-01-17,2022-03-07
sh.688068,2021-10-19,2021-11-30
sh.600340,2021-01-27,2021-03-31
sz.002757,2024-01-19,2024-03-11
sh.688110,2023-04-14,2023-05-31
sz.000620,2024-10-08,2024-11-19
sz.002240,2022-03-24,2022-05-12
sz.300438,2023-08-07,2023-09-18
sz.300231,2022-03-16,2022-04-29
sz.002705,2021-09-09,2021-11-01
sh.688419,2023-07-18,2023-08-29
sz.300012,2023-10-10,2023-11-21
sh.600333,2021-01-18,2021-03-08
sh.600446,2022-04-13,2022-05-30
sz.301026,2023-01-04,2023-02-22
sz.002115,2024-03-29,2024-05-17
sh.688369,2024-03-21,2024-05-09
sh.603727,2023-04-18,2023-06-02
sz.000615,2023-06-27,2023-08-08
sz.002957,2024-09-02,2024-10-23
sz.000715,2022-09-28,2022-11-16
sh.688170,2023-03-06,2023-04-18
sh.688636,2024-06-28,2024-08-09
sh.688157,2021-08-26,2021-10-18
sz.300287,2022-01-17,2022-03-07
sh.689009,2021-02-23,2021-04-07
sh.603530,2022-01-13,2022-03-03
sh.688265,2022-01-24,2022-03-14
sz.300978,2023-07-07,2023-08-18
sz.002389,2021-01-22,2021-03-12
sh.603721,2021-06-22,2021-08-03
sz.002049,2021-03-02,2021-04-14
sh.600598,2022-04-12,2022-05-27
sh.603155,2021-10-25,2021-12-06
sh.688508,2021-08-25,2021-10-15
sz.002046,2021-10-20,2021-12-01
sz.002309,2022-03-25,2022-05-13
sz.002581,2024-10-08,2024-11-19
sz.300955,2024-04-02,2024-05-21
sz.002576,2022-04-19,2022-06-06
sz.300454,2023-04-12,2023-05-29
sz.300951,2024-01-22,2024-03-12
sz.300889,2024-01-30,2024-03-20
sz.002633,2022-09-20,2022-11-08
sh.688530,2024-11-11,2024-12-23
sz.300031,2023-06-12,2023-07-26
sh.603326,2023-09-06,2023-10-26
sh.688355,2022-03-02,2022-04-15
sz.000566,2021-01-22,2021-03-12
sz.002945,2024-01-23,2024-03-13
sz.300745,2022-08-26,2022-10-17
sh.601177,2024-01-22,2024-03-12
sz.300033,2024-01-08,2024-02-27
sz.002963,2022-04-14,2022-05-31
sz.301030,2024-06-20,2024-08-01
sh.603871,2022-10-18,2022-11-29
sz.300007,2022-08-12,2022-09-26
sh.603719,2024-03-29,2024-05-17
sz.300421,2024-01-17,2024-03-07
sh.688516,2024-06-11,2024-07-23
sz.300464,2021-09-30,2021-11-18
sz.000663,2024-01-26,2024-03-18
sh.603212,2024-09-05,2024-10-28
sz.000070,2021-01-22,2021-03-12
sh.688051,2021-12-10,2022-01-24
sz.000701,2023-12-29,2024-02-20
sz.300287,2021-07-22,2021-09-02
sz.002541,2024-06-26,2024-08-07
sz.301155,2022-03-02,2022-04-15
sz.000949,2024-05-08,2024-06-20
sz.002383,2024-01-19,2024-03-11
sh.688667,2024-01-26,2024-03-18
sz.002200,2021-09-23,2021-11-11
sz.300672,2024-01-16,2024-03-06
sh.688626,2024-01-16,2024-03-06
sz.300871,2022-01-17,2022-03-07
sz.002155,2021-09-17,2021-11-09
sz.002806,2024-01-30,2024-03-20
sz.002735,2024-03-29,2024-05-17
sz.300264,2022-01-14,2022-03-04
sz.002869,2021-04-02,2021-05-20
sh.603315,2024-01-30,2024-03-20
sh.603997,2022-02-24,2022-04-11
sh.600392,2021-02-22,2021-04-06
sh.600160,2024-08-23,2024-10-15
sh.603826,2024-09-03,2024-10-24
sh.600159,2024-01-25,2024-03-15
sz.000514,2024-05-27,2024-07-09
sh.603466,2024-09-05,2024-10-28
sz.300975,2024-01-12,2024-03-04
sh.600718,2022-04-12,2022-05-27
sz.301308,2023-04-20,2023-06-06
sz.002476,2024-04-11,2024-05-28
sz.000995,2024-05-24,2024-07-08
sz.301099,2022-01-24,2022-03-14
sh.688203,2023-04-18,2023-06-02
sh.603208,2021-07-16,2021-08-27
sz.300946,2024-01-19,2024-03-11
sh.601890,2021-01-22,2021-03-12
sz.002115,2022-09-19,2022-11-07
sz.002943,2021-07-13,2021-08-24
sz.300232,2022-01-19,2022-03-09
sz.000560,2022-04-15,2022-06-01
sz.300188,2024-01-22,2024-03-12
sz.300696,2024-08-07,2024-09-20
sh.603528,2024-01-19,2024-03-11
sz.000153,2022-03-31,2022-05-19
sz.301119,2024-01-16,2024-03-06
sh.600939,2022-02-14,2022-03-28
sz.301203,2023-08-28,2023-10-17
sz.300237,2024-01-25,2024-03-15
sh.601011,2021-03-17,2021-04-29
sh.600577,2022-08-19,2022-10-10
sz.301608,2024-08-05,2024-09-18
sz.301115,2023-08-21,2023-10-10
sz.002791,2022-04-06,2022-05-23
sz.002369,2022-02-15,2022-03-29
sz.300820,2023-07-04,2023-08-15
sh.603002,2024-04-08,2024-05-23
sh.688256,2022-03-04,2022-04-19
sh.688777,2021-03-02,2021-04-14
sz.300046,2024-01-22,2024-03-12
sh.605016,2022-01-07,2022-02-25
sz.000830,2021-09-15,2021-11-05
sh.605168,2023-12-12,2024-01-24
sh.600381,2021-06-07,2021-07-20
sz.002365,2024-01-30,2024-03-20
sh.603335,2024-04-10,2024-05-27
sh.600976,2022-01-06,2022-02-24
sh.688526,2022-04-15,2022-06-01
sh.600505,2024-05-24,2024-07-08
sz.000825,2021-05-10,2021-06-22
sz.300735,2024-01-22,2024-03-12
sz.001208,2022-04-13,2022-05-30
sh.688521,2022-08-17,2022-09-29
sz.300031,2022-03-30,2022-05-18
sz.300086,2022-12-12,2023-01-31
sz.000838,2023-04-03,2023-05-19
sh.605333,2023-07-10,2023-08-21
sz.300180,2021-09-13,2021-11-03
sh.688216,2022-03-02,2022-04-15
sh.688088,2023-04-10,2023-05-25
sz.002999,2024-01-24,2024-03-14
sh.603173,2024-08-02,2024-09-13
sz.002073,2022-04-07,2022-05-24
sz.000995,2022-02-23,2022-04-08
sz.000848,2021-07-15,2021-08-26
sz.300552,2023-07-11,2023-08-22
sh.688039,2021-10-20,2021-12-01
sh.600335,2023-07-05,2023-08-16
sz.002137,2021-06-11,2021-07-26
sz.002922,2024-01-17,2024-03-07
sz.300571,2023-04-24,2023-06-08
sh.688078,2022-01-25,2022-03-15
sz.300602,2022-04-01,2022-05-20
sz.002075,2021-07-01,2021-08-13
sz.002527,2022-03-01,2022-04-14
sz.300975,2022-04-13,2022-05-30
sz.000860,2022-01-24,2022-03-14
sz.301308,2023-07-25,2023-09-05
sz.000525,2022-09-14,2022-11-02
sh.601872,2024-08-29,2024-10-21
sh.688022,2024-01-29,2024-03-19
sh.600566,2024-08-20,2024-10-10
sz.002467,2022-11-16,2022-12-28
sz.300621,2021-09-23,2021-11-11
sz.300608,2024-01-25,2024-03-15
sz.300214,2024-01-22,2024-03-12
sh.600365,2021-07-05,2021-08-16
sz.002952,2024-03-21,2024-05-09
sh.688563,2024-01-08,2024-02-27
sz.300584,2022-03-22,2022-05-10
sz.300018,2024-01-16,2024-03-06
sz.000810,2023-06-13,2023-08-01
sz.301120,2024-01-15,2024-03-05
sz.002985,2022-01-06,2022-02-24
sh.600768,2024-05-27,2024-07-09
sz.301036,2021-09-13,2021-11-03
sz.300519,2022-01-17,2022-03-07
sz.002149,2022-03-02,2022-04-15
sh.603416,2021-03-02,2021-04-14
sh.688655,2022-04-13,2022-05-30
sh.688655,2022-01-06,2022-02-24
sz.000987,2022-02-23,2022-04-08
sz.300696,2021-01-08,2021-02-26
sz.000953,2024-01-23,2024-03-13
sz.300394,2021-01-22,2021-03-12
sz.300969,2022-03-02,2022-04-15
sz.003005,2024-01-08,2024-02-27
sz.002652,2024-01-29,2024-03-19
sz.300942,2021-02-19,2021-04-02
sh.688167,2024-06-19,2024-07-31
sz.002496,2022-10-13,2022-11-24
sz.000859,2024-01-23,2024-03-13
sh.688718,2024-01-29,2024-03-19
sh.603106,2024-11-12,2024-12-24
sz.300551,2022-01-24,2022-03-14
sz.300589,2022-04-14,2022-05-31
sh.688592,2024-01-17,2024-03-07
sh.688247,2024-01-25,2024-03-15
sz.002742,2024-05-24,2024-07-08
sh.603893,2024-01-19,2024-03-11
sh.600727,2022-04-11,2022-05-26
sh.688700,2021-08-26,2021-10-18
sz.300725,2021-10-25,2021-12-06
sz.300677,2021-03-11,2021-04-23
sz.002343,2023-06-16,2023-08-01
sh.601226,2022-04-11,2022-05-26
sz.300656,2024-06-18,2024-07-30
sz.301459,2024-01-08,2024-02-27
sh.688663,2021-08-16,2021-09-29
sh.688291,2024-04-01,2024-05-20
sh.605011,2021-08-18,2021-10-08
sh.603583,2024-01-09,2024-02-28
sh.603007,2024-01-25,2024-03-15
sz.002786,2021-01-19,2021-03-09
sh.603601,2024-01-18,2024-03-08
sz.003029,2023-07-03,2023-08-14
sh.603267,2021-08-20,2021-10-12
sh.603601,2023-04-13,2023-05-30
sz.300030,2022-04-08,2022-05-25
sh.603901,2024-03-20,2024-05-08
sh.688259,2023-04-17,2023-06-01
sh.688030,2024-01-29,2024-03-19
sz.300276,2021-01-26,2021-03-16
sh.605117,2022-03-15,2022-04-28
sh.688720,2024-01-16,2024-03-06
sh.600579,2023-12-14,2024-01-26
sh.688510,2021-12-06,2022-01-18
sh.605198,2022-09-30,2022-11-18
sz.300407,2022-09-08,2022-10-28
sh.688048,2023-04-17,2023-06-01
sz.300409,2024-01-18,2024-03-08
sh.688063,2021-01-25,2021-03-15
sh.688063,2024-05-13,2024-06-25
sz.002821,2022-01-24,2022-03-14
sz.300705,2023-07-27,2023-09-07
sz.300871,2021-06-28,2021-08-09
sh.600686,2024-09-02,2024-10-23
sh.688588,2022-02-22,2022-04-07
sh.603038,2024-11-05,2024-12-17
sh.688072,2022-08-11,2022-09-23
sz.300256,2024-01-23,2024-03-13
sh.600563,2021-08-19,2021-10-11
sz.002823,2024-01-23,2024-03-13
sz.300971,2021-08-30,2021-10-20
sz.301027,2022-07-13,2022-08-24
sh.603488,2022-04-19,2022-06-06
sz.301489,2024-01-23,2024-03-13
sh.688167,2022-03-09,2022-04-22
sz.301337,2024-10-18,2024-11-29
sh.600523,2022-12-29,2023-02-17
sh.603291,2023-04-07,2023-05-24
sz.300365,2022-12-14,2023-02-02
sz.300350,2022-04-18,2022-06-02
sh.689009,2021-10-19,2021-11-30
sz.300172,2024-01-19,2024-03-11
sh.601068,2022-04-08,2022-05-25
sz.000932,2021-09-17,2021-11-09
sz.002279,2024-01-24,2024-03-14
sz.000838,2024-05-22,2024-07-04
sh.688596,2022-08-15,2022-09-27
sz.002943,2024-06-19,2024-07-31
sz.002732,2022-12-30,2023-02-20
sh.600829,2024-09-05,2024-10-28
sz.300916,2022-03-01,2022-04-14
sz.000401,2022-04-12,2022-05-27
sh.688737,2022-09-13,2022-11-01
sh.688383,2023-04-20,2023-06-06
sz.002641,2022-01-12,2022-03-02
sz.300542,2024-05-22,2024-07-04
sz.002982,2024-01-18,2024-03-08
sz.300368,2024-01-30,2024-03-20
sh.603230,2022-01-19,2022-03-09
sz.301188,2024-01-19,2024-03-11
sz.300288,2024-01-19,2024-03-11
sh.603239,2023-03-01,2023-04-13
sh.603895,2024-01-29,2024-03-19
sz.002663,2022-05-12,2022-06-24
sz.301158,2022-03-25,2022-05-13
sz.000837,2023-06-28,2023-08-09
sh.603895,2024-01-16,2024-03-06
sh.603366,2022-08-22,2022-10-11
sz.002607,2022-04-13,2022-05-30
sz.002006,2022-01-18,2022-03-08
sh.603610,2024-01-22,2024-03-12
sz.300613,2024-08-12,2024-09-25
sz.301489,2024-01-17,2024-03-07
sz.300354,2021-09-16,2021-11-08
sh.600331,2021-01-27,2021-03-17
sz.300358,2022-01-12,2022-03-02
sz.301183,2023-12-12,2024-01-24
sh.600831,2024-07-10,2024-08-21
sh.603950,2022-04-14,2022-05-31
sz.301058,2022-03-01,2022-04-14
sz.300374,2022-02-17,2022-03-31
sz.301112,2024-04-03,2024-05-22
sh.603916,2022-04-12,2022-05-27
sz.000736,2022-10-17,2022-11-28
sz.000962,2021-09-22,2021-11-10
sz.002741,2021-09-13,2021-11-03
sz.002719,2023-01-09,2023-02-27
sz.300980,2023-04-20,2023-06-06
sz.300125,2022-12-08,2023-01-20
sz.300888,2022-01-18,2022-03-08
sz.300928,2022-02-25,2022-04-12
sh.600119,2022-04-12,2022-05-27
sz.002629,2024-04-03,2024-05-22
sz.002800,2024-01-30,2024-03-20
sz.002138,2023-04-10,2023-05-25
sh.603068,2022-03-02,2022-04-15
sz.002871,2024-01-30,2024-03-20
sz.300418,2022-01-19,2022-03-09
sz.000007,2021-01-19,2021-03-09
sz.002777,2024-01-22,2024-03-12
sh.605580,2024-01-23,2024-03-13
sz.301515,2024-01-23,2024-03-13
sz.300707,2023-07-18,2023-08-29
sz.300951,2024-01-18,2024-03-08
sz.300380,2023-04-13,2023-05-30
sz.000988,2023-10-12,2023-11-23
sh.600861,2022-01-14,2022-03-04
sz.000012,2022-04-13,2022-05-30
sz.300566,2022-04-11,2022-05-26
sz.300498,2022-10-14,2022-11-25
sh.688499,2021-09-09,2021-11-01
sz.301258,2024-05-23,2024-07-05
sz.300164,2023-10-17,2023-11-28
sz.002366,2024-01-03,2024-02-22
sh.688068,2021-05-31,2021-07-13
sz.002861,2024-01-23,2024-03-13
sz.300637,2023-12-25,2024-02-06
sh.603956,2022-04-18,2022-06-02
sh.688613,2022-04-18,2022-06-02
sz.300082,2024-01-19,2024-03-11
sz.301421,2024-06-13,2024-07-25
sh.600383,2021-10-22,2021-12-03
sz.002822,2024-01-23,2024-03-14
sh.688539,2024-08-07,2024-09-20
sz.002306,2024-04-01,2024-05-20
sh.600699,2021-04-20,2021-06-04
sz.300712,2021-08-13,2021-09-28
sz.002878,2023-12-21,2024-02-02
sh.600668,2022-04-06,2022-05-23
sh.600307,2021-09-16,2021-11-08
sz.300998,2024-07-11,2024-08-22
sz.300529,2021-07-19,2021-08-30
sz.001267,2021-12-21,2022-02-09
sz.300076,2022-01-14,2022-03-04
sh.688027,2024-05-10,2024-06-24
sh.603391,2024-08-02,2024-09-13
sz.002534,2022-04-07,2022-05-24
sh.688281,2024-01-02,2024-02-21
sz.300514,2023-07-12,2023-08-23
sz.002483,2022-04-14,2022-05-31
sz.300896,2024-08-09,2024-09-24
sz.002265,2022-01-18,2022-03-08
sh.603948,2021-09-24,2021-11-12
sz.002657,2024-11-15,2024-12-27
sz.300986,2022-03-01,2022-04-14
sh.603612,2022-12-08,2023-01-30
sz.301033,2021-09-13,2021-11-03
sz.300673,2024-01-16,2024-03-06
sz.300858,2021-09-07,2021-10-28
sh.603927,2022-04-18,2022-06-02
sh.601222,2021-09-28,2021-11-16
sh.603727,2022-01-14,2022-03-04
sz.300013,2024-04-15,2024-05-31
sz.300046,2024-06-20,2024-08-01
sz.301069,2024-01-15,2024-03-05
sh.688032,2022-01-24,2022-03-14
sh.605259,2022-04-12,2022-05-27
sz.002634,2024-04-03,2024-05-22
sz.002714,2022-10-14,2022-11-25
sz.301517,2024-04-01,2024-05-20
sz.301186,2023-07-12,2023-08-23
sh.688315,2021-12-09,2022-01-21
sh.688112,2022-01-10,2022-02-28
sz.000007,2023-04-28,2023-06-15
sh.688501,2024-06-20,2024-08-01
sh.688400,2023-06-15,2023-07-31
sz.301255,2023-07-13,2023-08-24
sz.002835,2024-01-19,2024-03-11
sz.001209,2022-09-27,2022-11-15
sh.605069,2024-01-23,2024-03-13
sh.603399,2022-10-12,2022-11-23
sz.300044,2022-01-18,2022-03-08
sz.301042,2023-04-17,2023-06-01
sz.002897,2022-03-30,2022-05-18
sz.300864,2024-01-22,2024-03-12
sz.300260,2023-04-24,2023-06-08
sz.002863,2024-01-23,2024-03-13
sz.002058,2022-04-18,2022-06-06
sh.688277,2021-07-06,2021-08-17
sz.300051,2021-04-13,2021-05-31
sz.002555,2022-02-14,2022-03-28
sz.002168,2024-04-02,2024-05-21
sh.688111,2022-02-18,2022-04-01
sz.300977,2024-10-08,2024-11-19
sz.300052,2022-04-20,2022-06-07
sz.002858,2023-06-21,2023-08-04
sh.688015,2023-04-18,2023-06-02
sz.000983,2021-09-13,2021-11-03
sz.002151,2024-01-17,2024-03-07
sh.688486,2023-07-11,2023-08-22
sz.002442,2024-01-30,2024-03-20
sz.300295,2023-08-28,2023-10-17
sh.688007,2022-09-16,2022-11-04
sz.300907,2024-01-22,2024-03-12
sz.000008,2022-04-12,2022-05-27
sz.301365,2024-10-29,2024-12-10
sz.002633,2022-04-12,2022-06-06
sh.603316,2022-04-06,2022-05-23
sh.603020,2021-10-11,2021-11-22
sz.300050,2024-05-22,2024-07-04
sz.000069,2022-04-15,2022-06-01
sh.600689,2022-07-06,2022-08-17
sz.300910,2022-02-23,2022-04-08
sh.688700,2023-12-29,2024-02-20
sz.003017,2024-01-25,2024-03-15
sz.300876,2022-09-16,2022-11-04
sz.300500,2022-01-06,2022-02-24
sz.300467,2021-07-14,2021-08-25
sh.688448,2024-04-03,2024-05-22
sh.601369,2022-08-23,2022-10-12
sz.300363,2022-01-21,2022-03-11
sh.688318,2023-06-19,2023-08-02
sh.600996,2022-04-19,2022-06-06
sh.688180,2022-05-13,2022-06-27
sz.002742,2024-05-27,2024-07-09
sz.300519,2024-01-23,2024-03-13
sh.603332,2024-03-29,2024-05-17
sh.600500,2021-10-19,2021-11-30
sh.600605,2024-01-17,2024-03-07
sz.002702,2024-01-22,2024-03-12
sz.003022,2021-02-18,2021-04-01
sh.688168,2024-11-12,2024-12-24
sz.003012,2022-04-12,2022-05-27
sz.300243,2024-05-21,2024-07-03
sh.600660,2021-02-18,2021-04-01
sh.603815,2022-04-12,2022-05-27
sz.300225,2023-12-05,2024-01-17
sh.600588,2022-02-21,2022-04-06
sh.688023,2024-01-08,2024-02-27
sz.000702,2024-08-14,2024-09-27
sz.300854,2022-04-19,2022-06-06
sh.603416,2021-08-05,2021-09-16
sz.002297,2022-03-01,2022-04-14
sz.300981,2022-04-13,2022-05-30
sh.603010,2022-04-11,2022-05-26
sh.600893,2022-03-30,2022-05-18
sz.300778,2022-04-08,2022-05-25
sz.002555,2023-08-30,2023-10-19
sh.688093,2021-08-17,2021-09-30
sz.300026,2022-03-30,2022-05-18
sz.002268,2022-04-21,2022-06-08
sz.301333,2023-04-11,2023-05-26
sz.300483,2022-02-28,2022-04-13
sz.300331,2022-03-23,2022-05-11
sh.603196,2022-04-22,2022-06-09
sz.300551,2022-04-18,2022-06-02
sh.605068,2024-01-17,2024-03-07
sh.605088,2024-01-12,2024-03-04
sz.002581,2021-01-07,2021-02-25
sz.002714,2021-07-20,2021-08-31
sh.600397,2024-01-23,2024-03-13
sh.600546,2022-04-12,2022-05-27
sz.002614,2021-07-21,2021-09-01
sh.688170,2022-10-19,2022-11-30
sz.300400,2024-03-29,2024-05-17
sz.300985,2021-09-08,2021-10-29
sz.002342,2022-04-13,2022-05-30
sh.600201,2024-05-31,2024-07-15
sz.300343,2021-09-14,2021-11-04
sh.688365,2021-04-28,2021-06-15
sh.603283,2023-05-23,2023-07-06
sz.300891,2021-09-10,2021-11-02
sz.002957,2021-09-10,2021-11-02
sh.600973,2021-11-26,2022-01-10
sz.300436,2024-08-14,2024-09-27
sh.600552,2024-11-12,2024-12-24
sz.002309,2024-05-16,2024-06-28
sh.688607,2022-09-05,2022-10-25
sh.688055,2022-04-19,2022-06-06
sz.301163,2022-05-12,2022-06-24
sz.300253,2023-06-30,2023-08-11
sz.003031,2022-03-30,2022-05-18
sz.300068,2024-01-19,2024-03-11
sh.603838,2021-10-14,2021-11-25
sz.002289,2023-04-28,2023-06-14
sz.301566,2024-06-11,2024-07-23
sz.002901,2021-02-02,2021-03-23
sz.002850,2022-08-18,2022-09-30
sz.301239,2024-08-06,2024-09-19
sz.300648,2024-01-24,2024-03-14
sh.688077,2022-03-17,2022-05-05
sz.300205,2024-04-03,2024-05-22
sz.300876,2024-01-24,2024-03-14
sz.300350,2021-07-23,2021-09-03
sh.605277,2023-04-14,2023-05-31
sz.300955,2022-04-14,2022-05-31
sz.002723,2022-01-18,2022-03-08
sh.603225,2021-07-23,2021-09-03
sz.300077,2024-03-22,2024-05-10
sz.300926,2024-01-18,2024-03-08
sz.002279,2024-01-25,2024-03-15
sh.688661,2022-06-28,2022-08-09
sh.603272,2024-05-31,2024-07-15
sh.688259,2024-06-18,2024-07-30
sz.300393,2022-08-11,2022-09-23
sz.301131,2022-03-17,2022-05-05
sh.603232,2024-01-23,2024-03-13
sz.301182,2024-11-11,2024-12-23
sh.603429,2022-05-24,2022-07-06
sz.300671,2022-09-14,2022-11-02
sz.301168,2022-03-22,2022-05-10
sz.002850,2024-01-19,2024-03-11
sz.002970,2021-04-21,2021-06-07
sz.300821,2023-04-20,2023-06-06
sh.601606,2022-03-01,2022-04-14
sh.600479,2022-01-14,2022-03-04
sz.002316,2023-12-11,2024-01-23
sz.300105,2022-04-19,2022-06-06
sh.600526,2021-03-24,2021-05-11
sz.300578,2024-01-08,2024-02-27
sh.603367,2024-01-19,2024-03-11
sh.688081,2024-01-24,2024-03-14
sh.603918,2023-08-30,2023-10-19
sz.000011,2022-04-12,2022-05-27
sz.300922,2024-01-16,2024-03-06
sz.300996,2024-01-05,2024-02-26
sz.300850,2022-10-19,2022-11-30
sh.688345,2021-12-17,2022-02-07
sh.688259,2023-09-13,2023-11-02
sz.001208,2022-03-24,2022-05-12
sh.600258,2023-04-10,2023-05-25
sz.003043,2023-04-21,2023-06-07
sz.002782,2022-01-11,2022-03-01
sh.600702,2021-02-04,2021-03-25
sh.600986,2022-01-12,2022-03-02
sz.000790,2024-04-02,2024-05-21
sh.600657,2024-11-13,2024-12-25
sz.002756,2023-07-10,2023-08-21
sh.688321,2022-04-14,2022-05-31
sz.002698,2024-03-19,2024-05-07
sz.002636,2024-01-18,2024-03-08
sh.688157,2022-06-27,2022-08-08
sz.002168,2021-03-03,2021-04-19
sz.002334,2024-01-24,2024-03-14
sz.300363,2021-10-21,2021-12-02
sh.688170,2024-04-02,2024-05-21
sz.000997,2022-04-11,2022-05-26
sz.301081,2024-01-29,2024-03-19
sz.002382,2022-04-08,2022-05-25
sh.605118,2023-07-14,2023-08-25
sz.000815,2021-01-25,2021-03-15
sh.688039,2021-09-08,2021-10-29
sh.600360,2024-05-20,2024-07-02
sz.301137,2024-01-24,2024-03-14
sz.301263,2022-07-04,2022-08-15
sz.002265,2022-04-18,2022-06-02
sz.000428,2022-09-27,2022-11-15
sz.301456,2024-01-15,2024-03-05
sz.002630,2024-01-22,2024-03-12
sz.300846,2022-04-06,2022-05-23
sz.300824,2024-01-26,2024-03-18
sh.600310,2021-11-03,2021-12-15
sh.600130,2024-01-29,2024-03-19
sz.002805,2024-01-19,2024-03-11
sz.002400,2021-04-14,2021-05-31
sz.300625,2024-01-24,2024-03-14
sh.601107,2022-01-07,2022-02-25
sh.688069,2021-08-12,2021-09-27
sh.688306,2022-04-14,2022-05-31
sz.300663,2022-04-15,2022-06-01
sh.688011,2024-04-03,2024-05-22
sz.002319,2022-09-14,2022-11-03
sz.300125,2024-01-18,2024-03-08
sh.688319,2023-07-04,2023-08-15
sh.603701,2024-01-22,2024-03-12
sh.688046,2022-11-15,2022-12-27
sh.688377,2024-01-16,2024-03-06
sz.000009,2022-02-23,2022-04-08
sz.001306,2024-01-12,2024-03-04
sz.300563,2024-01-16,2024-03-06
sz.300293,2021-01-22,2021-03-12
sz.003007,2022-04-18,2022-06-02
sz.301033,2022-01-19,2022-03-09
sz.000815,2022-11-25,2023-01-09
sh.601137,2022-03-01,2022-04-14
sh.600641,2022-03-02,2022-04-15
sh.688327,2024-03-22,2024-05-10
sz.301327,2023-04-24,2023-06-08
sh.603278,2024-08-06,2024-09-19
sz.002145,2022-04-11,2022-05-26
sz.002771,2024-01-09,2024-02-28
sz.300209,2021-04-20,2021-06-04
sh.603208,2023-04-11,2023-05-26
sz.300537,2021-01-25,2021-03-15
sz.301228,2024-05-23,2024-07-05
sz.000913,2022-09-20,2022-11-08
sz.301150,2022-08-22,2022-10-11
sh.688372,2024-01-24,2024-03-14
sh.600228,2024-01-19,2024-03-11
sz.000506,2024-04-15,2024-05-31
sh.603869,2022-04-14,2022-05-31
sh.603353,2024-01-26,2024-03-18
sz.002547,2021-06-11,2021-07-26
sz.300913,2024-01-19,2024-03-11
sz.002292,2022-04-20,2022-06-07
sz.301040,2021-09-03,2021-10-26
sh.603637,2022-04-08,2022-05-25
sz.300509,2024-01-22,2024-03-12
sh.600733,2024-04-01,2024-05-20
sz.002586,2023-04-14,2023-06-01
sh.605111,2022-01-18,2022-03-08
sh.603939,2024-05-29,2024-07-11
sz.300143,2021-08-12,2021-09-27
sz.002382,2022-01-19,2022-03-09
sz.000821,2021-09-16,2021-11-08
sh.688066,2024-06-28,2024-08-09
sz.000070,2024-05-06,2024-06-19
sz.300827,2022-04-12,2022-05-27
sz.300207,2022-08-22,2022-10-11
sh.600798,2021-01-18,2021-03-08
sz.300093,2024-08-09,2024-09-24
sz.000034,2024-06-04,2024-07-17
sh.600052,2021-01-21,2021-03-11
sz.300895,2024-04-03,2024-05-22
sh.688244,2023-04-20,2023-06-06
sh.603777,2024-01-24,2024-03-14
sz.301226,2024-07-29,2024-09-09
sz.002207,2022-03-09,2022-04-22
sz.300688,2023-02-01,2023-03-15
sh.688515,2024-06-20,2024-08-01
sz.300509,2024-01-23,2024-03-13
sh.600185,2022-03-01,2022-04-14
sh.600831,2024-01-23,2024-03-13
sh.603306,2023-12-22,2024-02-05
sh.600241,2021-01-28,2021-03-18
sz.300549,2024-01-17,2024-03-07
sh.688350,2021-02-01,2021-03-22
sz.000860,2021-07-15,2021-08-26
sh.688533,2022-01-26,2022-03-16
sz.002811,2022-05-19,2022-07-01
sz.002617,2022-03-17,2022-05-05
sz.002553,2022-08-17,2022-09-29
sh.688185,2022-03-30,2022-05-18
sz.300426,2024-03-22,2024-05-10
sz.003025,2024-01-17,2024-03-07
sz.300529,2021-07-29,2021-09-09
sz.002467,2024-01-24,2024-03-14
sz.002568,2021-12-24,2022-02-14
sh.688018,2021-03-04,2021-04-16
sz.300659,2022-04-01,2022-05-20
sh.600165,2024-01-19,2024-03-11
sh.688365,2024-01-18,2024-03-08
sz.300147,2024-01-30,2024-03-20
sz.002532,2021-06-15,2021-07-27
sh.688129,2022-04-19,2022-06-06
sz.300675,2021-01-25,2021-03-15
sh.603813,2024-04-15,2024-05-30
sz.300552,2021-01-19,2021-03-09
sz.002172,2021-06-01,2021-07-14
sz.002837,2021-08-13,2021-09-28
sh.600584,2023-04-20,2023-06-06
sh.600831,2022-04-18,2022-06-02
sz.301218,2023-08-25,2023-10-16
sz.002969,2024-01-19,2024-03-11
sz.300653,2023-04-26,2023-06-12
sz.300860,2024-01-29,2024-03-19
sz.300351,2023-10-13,2023-11-24
sh.600456,2022-01-04,2022-02-22
sz.002771,2023-01-03,2023-02-21
sh.603309,2022-01-14,2022-03-04
sz.000401,2024-05-17,2024-07-01
sz.002957,2022-04-13,2022-05-30
sh.600370,2024-01-29,2024-03-19
sh.600399,2022-03-29,2022-05-17
sz.002068,2022-08-11,2022-09-23
sz.300052,2021-09-14,2021-11-04
sz.002730,2022-04-18,2022-06-02
sh.603859,2022-03-28,2022-05-16
sz.300371,2024-01-18,2024-03-08
sz.002980,2022-01-21,2022-03-11
sh.688579,2023-06-21,2023-08-04
sh.688083,2022-08-16,2022-09-28
sh.600722,2021-03-12,2021-04-26
sh.603018,2024-08-27,2024-10-17
sz.000990,2022-04-19,2022-06-06
sh.600510,2022-09-14,2022-11-02
sz.000560,2022-10-10,2022-11-21
sz.001331,2022-09-14,2022-11-02
sz.300063,2023-12-21,2024-02-02
sh.603982,2023-03-01,2023-04-13
sz.002871,2024-03-21,2024-05-09
sh.600796,2024-05-08,2024-06-20
sz.002540,2022-01-19,2022-03-09
sz.300971,2021-09-14,2021-11-04
sz.002292,2023-07-19,2023-08-30
sz.002476,2024-01-22,2024-03-12
sh.688007,2022-01-20,2022-03-10
sz.000933,2021-10-26,2021-12-07
sz.300858,2023-04-17,2023-06-01
sz.300364,2022-04-06,2022-05-23
sz.002011,2022-09-07,2022-10-27
sh.600468,2022-04-14,2022-05-31
sz.300209,2021-01-18,2021-03-08
sh.600481,2024-01-18,2024-03-08
sz.300165,2022-04-11,2022-05-26
sz.300877,2022-04-14,2022-05-31
sz.300040,2024-01-22,2024-03-12
sz.002575,2022-09-13,2022-11-01
sh.688055,2024-01-23,2024-03-13
sz.001226,2022-06-28,2022-08-09
sz.002777,2023-09-07,2023-10-27
sz.300487,2022-11-09,2022-12-21
sz.002400,2021-01-27,2021-03-17
sz.002558,2023-06-15,2023-07-31
sz.300991,2023-04-12,2023-05-29
sz.001336,2023-07-19,2023-08-30
sh.600335,2021-11-04,2021-12-16
sz.300703,2024-01-18,2024-03-08
sz.301079,2024-01-18,2024-03-08
sz.300468,2023-04-12,2023-05-29
sz.300043,2024-05-16,2024-06-28
sz.001223,2024-04-03,2024-05-22
sh.603300,2022-07-22,2022-09-02
sh.603501,2022-01-17,2022-03-07
sh.600129,2021-08-03,2021-09-14
sh.600165,2022-01-13,2022-03-03
sh.600862,2022-01-19,2022-03-09
sh.603669,2022-04-14,2022-05-31
sh.603169,2021-04-15,2021-06-01
sh.600336,2024-01-09,2024-02-28
sh.688010,2024-01-08,2024-02-27
sh.688511,2024-03-29,2024-05-17
sz.300836,2024-01-24,2024-03-14
sz.300717,2024-01-19,2024-03-11
sh.603081,2024-01-17,2024-03-07
sz.001266,2024-04-08,2024-05-23
sz.000876,2021-07-15,2021-08-26
sz.002910,2021-01-07,2021-02-25
sz.002388,2024-05-23,2024-07-05
sz.002955,2023-03-21,2023-05-08
sh.601188,2022-04-12,2022-05-27
sz.002141,2021-09-15,2021-11-05
sz.002587,2022-04-19,2022-06-06
sz.300157,2024-01-25,2024-03-15
sz.002066,2022-06-02,2022-07-15
sh.600268,2022-08-19,2022-10-10
sh.600550,2024-09-23,2024-11-11
sh.601996,2024-10-31,2024-12-12
sh.688416,2024-06-28,2024-08-09
sz.002193,2024-01-17,2024-03-07
sz.300536,2024-03-21,2024-05-10
sz.301231,2024-01-25,2024-03-15
sh.688019,2021-04-20,2021-06-04
sz.002377,2021-09-23,2021-11-11
sh.600618,2021-10-27,2021-12-08
sz.300875,2024-06-24,2024-08-05
sz.002822,2024-03-18,2024-05-06
sz.000719,2023-06-08,2023-07-24
sz.002893,2021-10-11,2021-11-22
sz.300707,2023-11-28,2024-01-10
sz.002009,2023-12-19,2024-01-31
sh.603518,2024-01-22,2024-03-12
sz.300961,2022-03-28,2022-05-16
sh.603272,2023-03-03,2023-04-17
sz.301167,2024-01-24,2024-03-14
sz.300334,2021-04-13,2021-05-28
sh.688215,2024-04-03,2024-05-22
sz.300241,2023-04-13,2023-05-30
sz.000599,2022-06-10,2022-07-22
sz.000917,2023-05-08,2023-06-19
sz.300134,2024-05-23,2024-07-05
sz.300710,2022-02-22,2022-04-07
sz.300647,2024-01-19,2024-03-11
sh.600110,2024-01-22,2024-03-12
sz.000931,2024-04-01,2024-05-20
sz.002524,2024-01-18,2024-03-08
sh.688003,2022-08-12,2022-09-26
sh.688691,2024-08-15,2024-09-30
sz.002679,2024-01-24,2024-03-14
sh.688665,2023-12-29,2024-02-20
sh.603032,2024-08-02,2024-09-13
sh.688326,2023-04-20,2023-06-06
sz.002703,2022-08-17,2022-09-29
sz.300722,2024-01-22,2024-03-12
sz.002817,2022-04-12,2022-05-27
sh.688310,2024-04-09,2024-05-24
sz.300973,2021-07-14,2021-08-25
sz.002046,2022-12-06,2023-01-18
sh.688289,2022-01-18,2022-03-08
sh.688377,2023-10-09,2023-11-20
sz.300484,2021-01-25,2021-03-15
sz.301353,2024-01-22,2024-03-12
sz.000506,2024-04-29,2024-06-17
sz.002916,2021-01-15,2021-03-05
sz.300846,2022-03-22,2022-05-10
sz.000006,2022-04-19,2022-06-06
sz.300215,2022-04-13,2022-05-30
sz.002941,2022-09-13,2022-11-01
sh.688148,2022-04-13,2022-05-30
sz.002765,2021-07-12,2021-08-23
sh.688523,2024-01-17,2024-03-07
sh.603843,2024-08-21,2024-10-11
sz.002482,2021-01-21,2021-03-11
sz.300786,2022-01-17,2022-03-07
sz.301386,2024-01-22,2024-03-12
sh.603721,2024-01-25,2024-03-15
sh.688618,2024-01-19,2024-03-11
sz.300148,2022-04-19,2022-06-06
sz.300465,2022-04-08,2022-05-25
sz.301237,2022-04-12,2022-05-27
sz.300584,2022-03-15,2022-04-28
sz.300428,2023-02-27,2023-04-11
sz.002250,2021-09-22,2021-11-10
sz.002692,2024-01-17,2024-03-07
sh.600510,2022-03-09,2022-04-22
sz.002869,2023-07-12,2023-08-23
sh.688128,2022-02-08,2022-03-22
sh.688035,2023-04-21,2023-06-07
sz.301313,2023-09-26,2023-11-15
sz.002472,2022-02-28,2022-04-13
sz.002668,2024-05-15,2024-06-27
sz.300079,2022-04-08,2022-05-25
sh.605020,2021-09-08,2021-10-29
sh.688206,2022-08-18,2022-09-30
sz.000909,2022-09-02,2022-10-24
sz.002107,2022-04-06,2022-05-23
sz.000975,2023-04-11,2023-05-26
sh.605136,2024-01-31,2024-03-21
sz.301383,2024-03-20,2024-05-08
sz.301041,2024-01-19,2024-03-11
sh.600335,2022-04-21,2022-06-08
sz.001309,2022-12-16,2023-02-06
sh.688188,2024-07-11,2024-08-22
sz.300212,2023-10-13,2023-11-24
sz.002351,2022-03-02,2022-04-15
sh.600338,2023-08-14,2023-09-25
sz.300550,2022-04-14,2022-05-31
sz.002991,2022-03-01,2022-04-14
sz.300369,2021-10-15,2021-11-26
sh.600576,2021-01-29,2021-03-19
sz.301418,2024-03-29,2024-05-17
sz.300462,2024-01-25,2024-03-15
sh.688175,2022-03-24,2022-05-12
sz.300112,2022-01-12,2022-03-02
sz.002879,2024-01-09,2024-02-28
sh.603959,2024-05-10,2024-06-24
sh.600529,2022-03-01,2022-04-14
sz.000620,2024-06-07,2024-07-22
sz.000829,2023-11-30,2024-01-12
sh.688533,2022-08-12,2022-09-26
sz.002686,2022-04-12,2022-05-27
sz.301159,2022-12-13,2023-02-01
sh.603023,2024-04-11,2024-05-29
sz.003004,2024-01-23,2024-03-13
sh.605180,2024-04-09,2024-05-24
sz.002213,2023-04-19,2023-06-05
sh.603095,2024-01-24,2024-03-14
sz.300207,2021-03-02,2021-04-14
sh.603063,2022-03-21,2022-05-09
sh.600526,2022-04-06,2022-05-24
sz.300430,2024-01-17,2024-03-07
sh.600885,2022-03-02,2022-04-15
sh.601233,2021-09-14,2021-11-04
sh.603020,2024-01-25,2024-03-15
sz.002951,2022-03-25,2022-05-13
sz.300673,2023-04-18,2023-06-02
sz.300503,2024-01-25,2024-03-15
sh.600559,2021-01-12,2021-03-02
sh.688246,2024-03-29,2024-05-17
sh.688323,2024-01-15,2024-03-05
sz.300405,2021-01-21,2021-03-11
sz.003001,2022-02-10,2022-03-24
sz.300320,2021-09-06,2021-10-27
sz.300554,2022-08-18,2022-09-30
sh.688573,2024-01-09,2024-02-28
sh.688117,2022-04-01,2022-05-20
sz.000661,2023-05-25,2023-07-10
sh.688238,2022-04-14,2022-05-31
sh.603032,2024-04-01,2024-05-20
sz.002090,2022-12-08,2023-01-20
sh.600156,2024-03-28,2024-05-16
sz.002084,2024-01-26,2024-03-18
sh.603825,2022-04-13,2022-05-30
sh.600727,2021-09-13,2021-11-03
sz.002771,2023-09-06,2023-10-26
sh.603859,2024-07-02,2024-08-13
sz.300101,2021-09-01,2021-10-22
sz.000409,2023-12-13,2024-01-25
sz.301080,2022-10-17,2022-11-28
sz.300058,2023-06-20,2023-08-03
sz.300919,2022-08-15,2022-09-27
sh.603161,2021-01-11,2021-03-01
sh.603811,2024-01-16,2024-03-06
sh.603466,2022-01-27,2022-03-17
sz.300284,2024-06-24,2024-08-05
sz.300351,2022-10-18,2022-11-29
sz.301061,2024-05-14,2024-06-26
sz.000510,2024-05-29,2024-07-11
sh.603048,2023-07-07,2023-08-18
sz.002995,2023-06-19,2023-08-02
sz.300030,2022-04-14,2022-05-31
sz.002177,2023-08-30,2023-10-19
sh.600593,2024-01-26,2024-03-18
sz.300831,2022-08-19,2022-10-10
sz.300377,2022-04-13,2022-05-30
sz.301396,2023-08-14,2023-09-25
sz.002652,2022-06-08,2022-07-20
sz.002912,2021-01-18,2021-03-08
sz.300762,2024-07-30,2024-09-10
sz.300816,2024-01-15,2024-03-05
sz.300207,2022-03-21,2022-05-09
sz.300645,2024-01-29,2024-03-19
sh.601975,2022-06-27,2022-08-08
sh.603861,2023-12-12,2024-01-24
sz.300076,2024-01-19,2024-03-11
sh.688566,2021-01-26,2021-03-16
sz.002617,2021-06-21,2021-08-02
sh.600589,2024-06-06,2024-07-22
sz.300113,2021-11-16,2021-12-28
sz.300531,2024-03-29,2024-05-17
sh.688343,2024-07-31,2024-09-11
sh.688170,2024-01-24,2024-03-14
sz.300315,2022-04-19,2022-06-06
sh.600292,2021-03-24,2021-05-11
sz.002864,2022-05-10,2022-06-22
sz.301387,2024-01-10,2024-02-29
sz.301033,2022-04-12,2022-05-27
sz.300042,2024-06-17,2024-07-29
sh.600988,2023-03-20,2023-05-05
sh.603178,2023-12-28,2024-02-19
sz.300136,2024-01-18,2024-03-08
sh.688268,2022-09-21,2022-11-09
sh.688186,2022-04-11,2022-05-26
sz.002436,2022-12-15,2023-02-03
sh.688590,2024-04-03,2024-05-22
sz.300923,2024-07-26,2024-09-06
sh.601279,2022-04-18,2022-06-02
sz.300552,2022-04-15,2022-06-01
sh.688680,2024-01-25,2024-03-15
sz.301056,2022-01-13,2022-03-03
sz.300074,2024-01-30,2024-03-20
sh.600556,2024-01-19,2024-03-11
sz.300561,2024-01-17,2024-03-07
sh.603069,2022-03-03,2022-04-18
sz.300224,2021-11-30,2022-01-12
sz.300587,2024-01-22,2024-03-12
sz.002607,2021-06-29,2021-08-10
sh.600589,2024-04-24,2024-06-11
sz.300491,2024-01-24,2024-03-14
sz.301070,2022-06-14,2022-07-26
sh.688160,2022-03-03,2022-04-18
sh.605305,2022-04-20,2022-06-07
sh.688275,2023-04-17,2023-06-01
sh.688607,2022-01-13,2022-03-03
sh.600593,2024-01-10,2024-02-29
sz.002092,2021-09-13,2021-11-03
sz.002580,2022-08-18,2022-09-30
sz.301159,2022-04-14,2022-05-31
sh.600360,2024-05-07,2024-06-19
sz.300887,2022-01-12,2022-03-02
sz.300933,2024-01-29,2024-03-19
sz.300319,2024-01-17,2024-03-07
sz.002540,2022-02-25,2022-04-12
sh.603676,2024-01-24,2024-03-14
sz.301009,2021-09-15,2021-11-05
sz.000537,2022-12-05,2023-01-17
sh.600095,2022-04-18,2022-06-02
sz.300274,2022-04-14,2022-05-31
sh.600829,2023-08-18,2023-10-09
sz.300860,2022-04-12,2022-05-27
sz.002827,2024-01-25,2024-03-15
sh.603037,2023-12-22,2024-02-05
sz.300619,2022-04-07,2022-05-24
sh.600882,2021-06-25,2021-08-06
sz.301538,2024-05-24,2024-07-08
sz.002585,2022-03-18,2022-05-06
sh.600004,2023-08-16,2023-09-27
sh.688001,2022-08-19,2022-10-10
sz.000716,2024-04-10,2024-05-27
sh.603398,2021-11-09,2021-12-21
sz.300578,2024-11-11,2024-12-23
sz.000822,2021-09-23,2021-11-11
sh.603090,2024-01-16,2024-03-06
sh.688031,2024-03-27,2024-05-15
sh.603520,2022-07-01,2022-08-12
sz.300737,2023-03-03,2023-04-17
sz.002168,2021-07-14,2021-08-25
sz.002183,2021-09-23,2021-11-11
sz.301456,2023-08-14,2023-09-25
sz.301191,2023-04-24,2023-06-08
sh.688601,2023-04-14,2023-05-31
sh.603687,2022-01-18,2022-03-08
sh.688331,2024-05-16,2024-06-28
sz.300625,2024-01-29,2024-03-19
sh.603496,2024-03-26,2024-05-14
sh.600009,2023-08-11,2023-09-22
sz.002669,2021-09-22,2021-11-10
sz.300946,2021-09-17,2021-11-09
sh.688076,2022-03-28,2022-05-16
sz.301087,2022-04-19,2022-06-06
sz.000593,2024-04-08,2024-05-23
sh.603529,2021-06-25,2021-08-06
sz.002999,2022-04-12,2022-05-27
sz.002314,2022-04-12,2022-05-27
sz.300921,2022-03-09,2022-04-22
sh.600207,2022-08-17,2022-09-29
sz.001223,2023-09-22,2023-11-13
sz.300618,2021-09-15,2021-11-05
sh.688396,2021-03-03,2021-04-15
sz.002320,2021-09-24,2021-11-12
sh.600158,2022-11-16,2022-12-28
sz.300234,2021-04-20,2021-06-04
sh.600032,2022-09-09,2022-10-31
sh.603377,2023-12-19,2024-01-31
sh.603316,2024-04-10,2024-05-27
sz.300595,2021-02-10,2021-03-31
sh.603506,2024-01-23,2024-03-13
sz.000596,2021-03-01,2021-04-13
sz.300135,2024-01-19,2024-03-11
sz.301128,2022-09-20,2022-11-08
sz.002268,2021-08-30,2021-10-20
sz.002975,2022-04-14,2022-05-31
sz.002030,2024-06-07,2024-07-22
sz.002942,2021-04-22,2021-06-08
sh.600790,2024-01-24,2024-03-14
sz.300433,2021-01-22,2021-03-12
sz.300978,2023-07-13,2023-08-24
sh.688187,2022-04-11,2022-05-26
sz.002908,2024-03-29,2024-05-17
sh.688626,2022-01-14,2022-03-04
sz.003020,2023-07-28,2023-09-08
sz.300460,2024-04-03,2024-05-22
sz.001283,2024-01-17,2024-03-07
sh.688079,2024-01-02,2024-02-21
sz.000056,2024-01-17,2024-03-07
sz.301237,2024-01-23,2024-03-13
sh.688428,2023-02-14,2023-03-28
sz.300642,2024-01-24,2024-03-14
sh.603180,2023-03-02,2023-04-14
sz.301228,2023-08-25,2023-10-16
sh.688577,2024-01-26,2024-03-18
sz.000504,2022-04-07,2022-05-24
sz.300702,2021-07-12,2021-08-23
sz.300691,2022-04-13,2022-05-30
sz.002735,2021-01-26,2021-03-29
sz.000546,2022-01-06,2022-02-24
sz.002310,2021-07-12,2021-08-23
sh.603516,2023-06-26,2023-08-07
sz.002700,2024-09-20,2024-11-08
sz.301213,2024-01-24,2024-03-14
sh.600399,2023-05-25,2023-07-10
sz.300261,2022-05-18,2022-06-30
sh.688182,2023-09-06,2023-10-26
sz.301029,2024-03-20,2024-05-08
sh.601038,2021-06-22,2021-08-03
sz.002349,2024-01-19,2024-03-11
sh.600769,2024-01-26,2024-03-18
sz.002389,2022-12-08,2023-01-20
sz.300205,2024-08-14,2024-09-27
sh.688529,2022-08-16,2022-09-28
sh.605376,2024-01-26,2024-03-18
sh.603516,2022-04-12,2022-05-27
sh.600358,2024-04-03,2024-05-22
sh.603613,2021-07-14,2021-08-25
sz.002052,2024-04-12,2024-05-30
sz.300805,2024-03-28,2024-05-16
sz.002977,2024-01-19,2024-03-11
sz.002425,2023-05-04,2023-06-15
sz.002838,2022-06-28,2022-08-09
sz.300432,2022-03-30,2022-05-18
sz.300364,2021-01-20,2021-03-10
sz.300174,2024-01-23,2024-03-13
sh.688006,2022-03-24,2022-05-12
sh.688127,2024-01-22,2024-03-12
sz.002823,2024-01-29,2024-03-19
sz.002168,2021-01-21,2021-03-12
sh.603070,2022-08-24,2022-10-13
sz.002362,2024-01-24,2024-03-14
sz.300386,2024-10-21,2024-12-02
sh.688618,2022-03-01,2022-04-14
sh.603721,2024-04-02,2024-05-21
sh.603035,2022-02-25,2022-04-12
sz.300985,2022-03-24,2022-05-12
sz.300087,2021-03-05,2021-04-19
sz.000727,2023-10-18,2023-11-29
sz.300655,2022-03-25,2022-05-13
sh.600120,2022-04-14,2022-05-31
sh.688093,2021-08-25,2021-10-15
sh.688173,2022-07-11,2022-08-22
sh.600439,2024-01-26,2024-03-18
sz.300496,2022-02-22,2022-04-07
sh.603102,2022-01-27,2022-03-17
sz.300730,2024-01-18,2024-03-08
sh.688066,2024-11-11,2024-12-23
sh.600053,2023-11-27,2024-01-09
sz.300460,2023-04-18,2023-06-09
sz.000565,2024-01-30,2024-03-20
sz.002362,2024-01-02,2024-02-21
sh.603936,2024-01-08,2024-02-27
sh.688521,2021-08-06,2021-09-17
sz.002177,2022-04-11,2022-05-27
sh.688558,2022-12-09,2023-01-30
sh.603332,2024-01-24,2024-03-14
sz.001208,2022-01-14,2022-03-04
sz.000020,2022-09-20,2022-11-08
sz.002846,2021-03-31,2021-05-18
sz.002572,2022-03-02,2022-04-15
sz.300198,2021-07-05,2021-08-16
sh.603177,2024-04-03,2024-05-22
sz.300290,2023-04-11,2023-05-26
sz.300968,2024-11-01,2024-12-13
sz.300827,2021-11-02,2021-12-14
sh.600207,2024-01-29,2024-03-19
sz.002591,2022-07-25,2022-09-05
sz.002093,2022-10-18,2022-11-29
sz.002354,2023-06-20,2023-08-03
sz.300009,2022-01-14,2022-03-04
sh.688378,2024-03-20,2024-05-08
sh.688433,2024-04-02,2024-05-21
sz.002862,2021-07-12,2021-08-23
sh.688222,2024-01-08,2024-02-27
sh.688196,2022-04-12,2022-05-27
sz.002702,2022-01-24,2022-03-14
sh.600386,2024-01-22,2024-03-12
sz.300293,2024-07-22,2024-09-02
sz.002942,2022-04-13,2022-05-30
sz.002627,2024-01-24,2024-03-14
sz.301371,2024-01-11,2024-03-01
sh.688661,2022-04-11,2022-05-26
sh.688678,2022-02-28,2022-04-13
sz.000420,2022-03-23,2022-06-06
sh.688262,2023-04-27,2023-06-13
sz.301182,2022-01-13,2022-03-03
sz.002682,2021-01-22,2021-03-12
sz.301266,2024-01-22,2024-03-12
sh.603218,2021-04-29,2021-06-16
sz.300582,2022-04-11,2022-05-26
sh.603578,2024-01-24,2024-03-14
sz.301002,2022-04-12,2022-05-27
sz.300758,2024-01-22,2024-03-12
sz.301218,2022-03-29,2022-05-17
sh.688523,2024-11-11,2024-12-23
sh.688333,2023-12-29,2024-02-20
sh.605179,2022-07-01,2022-08-12
sh.605128,2021-10-12,2021-11-23
sh.603377,2024-05-31,2024-07-15
sz.003010,2021-02-25,2021-04-09
sz.001230,2024-01-25,2024-03-15
sz.300850,2024-08-08,2024-09-23
sz.300154,2024-01-17,2024-03-07
sz.300843,2024-07-31,2024-09-11
sz.300982,2021-07-14,2021-08-25
sz.002589,2024-04-09,2024-05-24
sh.605300,2021-07-21,2021-09-01
sz.002909,2022-06-30,2022-08-11
sz.001225,2024-01-22,2024-03-12
sz.300026,2022-04-07,2022-05-24
sz.300648,2024-04-08,2024-05-23
sz.002876,2024-01-16,2024-03-06
sh.603115,2024-01-10,2024-02-29
sh.601991,2022-10-21,2022-12-02
sz.300381,2024-05-09,2024-06-21
sh.603599,2021-09-24,2021-11-12
sz.301339,2022-12-07,2023-01-19
sz.300770,2022-01-14,2022-03-04
sh.603488,2021-01-20,2021-03-10
sz.000766,2024-01-24,2024-03-14
sz.300620,2024-01-24,2024-03-14
sz.300010,2023-04-14,2023-06-01
sz.300822,2024-06-19,2024-07-31
sz.002463,2022-06-27,2022-08-08
sz.300407,2024-01-16,2024-03-06
sz.002400,2022-02-14,2022-03-28
sz.002278,2021-01-22,2021-03-12
sh.688363,2021-07-21,2021-09-01
sz.301282,2024-01-15,2024-03-05
sz.301231,2023-05-15,2023-06-28
sz.300810,2024-01-12,2024-03-04
sh.603499,2022-04-11,2022-05-26
sz.300471,2021-08-16,2021-09-29
sz.300492,2024-08-29,2024-10-21
sz.002034,2022-03-01,2022-04-14
sh.688189,2022-04-07,2022-05-24
sz.002791,2022-02-11,2022-03-25
sh.600789,2022-04-12,2022-05-27
sz.000921,2024-06-25,2024-08-06
sh.605108,2021-10-13,2021-11-24
sh.603215,2022-03-04,2022-04-19
sz.300219,2024-01-26,2024-03-18
sz.000701,2024-01-29,2024-03-19
sz.301099,2022-08-12,2022-09-26
sz.002228,2024-01-18,2024-03-08
sz.300084,2022-09-13,2022-11-01
sz.300096,2023-12-28,2024-02-20
sh.603069,2022-04-20,2022-06-21
sh.603082,2024-03-12,2024-04-25
sz.002845,2022-10-31,2022-12-12
sh.600036,2022-04-13,2022-05-30
sh.688392,2024-01-08,2024-02-27
sz.300167,2023-04-21,2023-06-08
sz.002581,2021-06-01,2021-07-14
sz.002488,2024-01-16,2024-03-06
sz.301510,2024-07-31,2024-09-11
sh.600172,2022-09-27,2022-11-15
sz.000721,2022-01-17,2022-03-07
sh.688403,2022-09-15,2022-11-03
sh.603318,2022-04-14,2022-06-15
sh.605338,2021-02-03,2021-03-24
sz.002850,2023-09-28,2023-11-17
sz.301036,2024-06-13,2024-07-25
sz.300308,2021-02-24,2021-04-08
sz.002374,2021-12-30,2022-02-18
sh.688598,2021-02-18,2021-04-01
sh.688109,2021-10-13,2021-11-24
sh.600222,2022-01-12,2022-03-02
sh.688499,2023-02-28,2023-04-12
sz.002572,2022-09-29,2022-11-17
sz.300654,2023-06-07,2023-07-21
sz.000708,2021-09-08,2021-10-29
sz.300928,2024-04-03,2024-05-22
sz.300478,2024-04-03,2024-05-22
sz.300277,2024-04-02,2024-05-21
sh.688558,2024-01-22,2024-03-12
sz.300899,2021-01-22,2021-03-12
sz.300654,2024-01-23,2024-03-13
sz.002640,2024-05-30,2024-07-12
sz.300560,2022-03-17,2022-05-05
sz.300488,2023-10-10,2023-11-21
sz.003015,2024-05-23,2024-07-05
sz.000526,2022-04-19,2022-06-06
sh.600791,2023-06-08,2023-07-24
sz.002202,2022-08-19,2022-10-10
sz.002565,2022-04-14,2022-05-31
sh.600821,2022-09-09,2022-10-31
sz.300817,2022-08-18,2022-09-30
sz.002401,2023-04-13,2023-05-30
sz.002434,2022-09-19,2022-11-07
sh.688717,2024-04-15,2024-05-30
sh.603618,2021-11-23,2022-01-05
sh.688235,2023-06-07,2023-07-21
sh.600114,2022-03-03,2022-04-18
sh.603236,2023-08-08,2023-09-19
sz.300715,2021-09-08,2021-10-29
sz.000661,2021-08-19,2021-10-11
sz.002165,2022-09-09,2022-10-31
sz.300405,2021-01-19,2021-03-09
sh.688182,2023-04-13,2023-05-30
sz.000811,2024-01-19,2024-03-11
sh.603757,2021-09-13,2021-11-03
sz.301363,2023-08-17,2023-09-28
sh.688368,2022-04-12,2022-05-27
sh.605268,2024-11-12,2024-12-24
sh.688321,2023-04-24,2023-06-08
sz.300191,2022-03-01,2022-04-14
sh.603918,2022-03-23,2022-05-11
sh.603266,2022-05-23,2022-07-05
sh.600593,2024-01-29,2024-03-19
sh.600793,2021-02-04,2021-03-25
sz.301487,2024-07-30,2024-09-10
sz.301211,2022-04-07,2022-05-24
sh.688093,2022-10-21,2022-12-02
sz.002845,2022-12-15,2023-02-03
sh.603190,2024-01-23,2024-03-13
sh.688060,2024-04-01,2024-05-20
sz.002838,2022-08-11,2022-09-23
sz.002671,2022-04-07,2022-05-24
sh.688002,2024-04-03,2024-05-22
sh.603959,2022-04-08,2022-05-25
sz.300458,2022-08-12,2022-09-26
sz.301048,2022-04-14,2022-05-31
sz.300018,2022-04-07,2022-05-24
sz.002026,2022-03-02,2022-04-15
sz.301238,2024-05-10,2024-06-24
sh.600966,2022-04-14,2022-05-31
sh.688160,2021-07-12,2021-08-23
sh.688133,2022-01-11,2022-03-01
sz.002923,2024-01-17,2024-03-07
sz.300551,2024-07-29,2024-09-09
sh.600096,2021-12-10,2022-01-24
sz.300149,2024-04-03,2024-05-22
sz.301141,2024-04-03,2024-05-22
sz.301199,2024-01-26,2024-03-18
sh.600881,2024-03-29,2024-05-17
sz.300126,2021-01-22,2021-03-12
sh.600691,2021-09-22,2021-11-10
sz.000020,2024-01-30,2024-03-20
sh.688622,2024-05-23,2024-07-05
sh.603096,2024-01-26,2024-03-18
sh.600557,2022-01-11,2022-03-01
sz.002229,2024-01-18,2024-03-08
sh.603819,2024-01-23,2024-03-13
sh.688139,2021-02-05,2021-03-26
sz.301009,2021-09-23,2021-11-11
sz.002362,2022-12-12,2023-01-31
sz.002717,2024-05-09,2024-06-21
sz.300910,2021-07-05,2021-08-16
sz.002856,2024-04-10,2024-05-27
sh.603172,2024-01-15,2024-03-05
sz.300736,2023-03-30,2023-05-17
sh.601061,2023-04-13,2023-05-30
sz.000799,2024-06-18,2024-07-30
sz.301063,2024-07-22,2024-09-02
sh.688382,2024-01-19,2024-03-11
sh.603311,2022-09-14,2022-11-02
sz.002261,2021-07-12,2021-08-23
sh.600818,2024-01-25,2024-03-15
sh.688331,2024-01-15,2024-03-05
sh.603389,2021-10-19,2021-11-30
sz.301055,2022-04-19,2022-06-06
sz.300922,2021-08-25,2021-10-15
sh.688035,2024-03-13,2024-04-26
sz.002324,2022-03-23,2022-05-11
sz.001358,2024-01-30,2024-03-20
sz.300093,2023-08-08,2023-09-19
sz.300769,2021-12-10,2022-01-24
sz.000717,2022-04-14,2022-05-31
sh.600644,2024-01-23,2024-03-13
sz.300132,2022-01-11,2022-03-01
sh.688069,2021-04-26,2021-06-10
sh.605136,2021-06-17,2021-07-29
sz.002862,2021-01-21,2021-03-11
sh.600706,2022-04-14,2022-05-31
sz.300342,2021-01-21,2021-03-11
sz.002661,2024-01-22,2024-03-12
sh.603683,2022-01-21,2022-03-11
sh.688128,2021-09-14,2021-11-04
sh.603615,2024-01-24,2024-03-14
sz.300403,2022-08-16,2022-09-28
sh.688216,2024-06-21,2024-08-02
sh.600658,2021-04-22,2021-06-08
sz.002155,2024-07-18,2024-08-29
sh.688148,2024-01-22,2024-03-12
sz.300659,2022-01-25,2022-03-15
sh.600986,2022-04-14,2022-05-31
sh.600335,2022-06-24,2022-08-05
sh.603520,2022-03-30,2022-05-18
sz.000959,2022-03-04,2022-04-19
sh.688268,2021-11-23,2022-01-05
sz.003038,2021-03-01,2021-04-13
sz.300842,2021-04-21,2021-06-07
sh.688246,2022-04-18,2022-06-02
sz.300836,2024-01-18,2024-03-08
sh.600267,2024-01-19,2024-03-11
sz.002068,2024-01-23,2024-03-13
sz.300469,2024-05-06,2024-06-18
sz.002566,2024-01-22,2024-03-12
sz.002512,2023-04-12,2023-05-29
sz.000020,2022-09-26,2022-11-14
sz.301429,2024-01-18,2024-03-08
sz.300253,2022-01-24,2022-03-14
sz.002717,2024-05-31,2024-07-15
sh.600827,2021-07-14,2021-08-25
sh.688585,2024-01-19,2024-03-11
sz.300343,2021-09-15,2021-11-05
sh.603076,2022-04-13,2022-05-30
sh.601991,2021-09-30,2021-11-18
sz.300484,2024-01-30,2024-03-20
sz.002725,2021-12-14,2022-01-26
sh.603377,2024-05-08,2024-06-20
sh.688508,2023-04-12,2023-05-29
sz.300691,2023-07-12,2023-08-23
sz.000793,2024-04-11,2024-05-28
sz.002355,2022-04-14,2022-05-31
sh.688498,2023-10-13,2023-11-24
sz.003001,2024-01-26,2024-03-18
sz.000831,2021-12-16,2022-01-28
sz.300102,2022-08-18,2022-09-30
sh.600711,2022-04-12,2022-05-27
sz.300582,2023-04-14,2023-05-31
sh.688386,2023-06-02,2023-07-18
sh.688372,2023-09-22,2023-11-13
sz.002735,2024-01-12,2024-03-04
sh.688766,2021-08-25,2021-10-15
sz.300778,2024-05-27,2024-07-09
sh.688599,2022-08-12,2022-09-26
sh.603077,2022-04-14,2022-05-31
sh.603906,2021-04-23,2021-06-09
sh.688366,2021-05-31,2021-07-13
sz.002188,2024-03-29,2024-05-17
sh.603317,2021-05-25,2021-07-07
sz.003029,2024-01-26,2024-03-18
sh.603330,2024-01-29,2024-03-19
sz.300125,2024-09-03,2024-10-24
sh.688071,2023-03-01,2023-04-13
sz.000782,2021-09-17,2021-11-09
sz.300141,2021-08-18,2021-10-08
sz.300167,2024-01-18,2024-03-08
sz.301043,2024-01-16,2024-03-06
sh.603717,2024-01-24,2024-03-14
sh.688329,2022-04-14,2022-05-31
sz.301269,2022-08-11,2022-09-23
sz.000701,2024-01-24,2024-03-14
sh.688158,2022-02-24,2022-04-11
sh.600801,2022-10-14,2022-11-25
sh.600165,2024-04-12,2024-05-30
sz.300288,2022-12-08,2023-01-20
sh.600637,2022-01-18,2022-03-08
sh.600199,2021-07-21,2021-09-01
sz.002189,2023-04-13,2023-05-30
sz.300683,2024-05-14,2024-06-26
sh.603980,2024-01-29,2024-03-19
sz.300651,2024-03-29,2024-05-17
sh.601919,2021-02-25,2021-04-09
sh.688096,2022-04-12,2022-05-27
sz.301198,2022-04-14,2022-05-31
sh.600399,2022-04-12,2022-05-27
sz.000679,2024-04-10,2024-05-27
sz.002395,2024-01-11,2024-03-01
sz.300405,2021-09-13,2021-11-03
sh.600744,2021-04-14,2021-05-31
sh.603309,2024-01-19,2024-03-11
sz.300674,2022-04-06,2022-05-23
sz.000809,2024-04-08,2024-05-24
sh.688536,2022-03-28,2022-05-16
sz.301019,2024-05-23,2024-07-05
sh.600535,2022-04-19,2022-06-06
sh.603530,2024-01-17,2024-03-07
sz.001330,2024-04-03,2024-05-22
sz.000799,2021-02-03,2021-03-24
sz.002574,2021-10-11,2021-11-22
sz.002580,2021-09-09,2021-11-01
sz.301183,2024-01-25,2024-03-15
sh.605077,2021-04-15,2021-06-01
sz.300219,2022-04-12,2022-05-27
sz.002011,2023-04-27,2023-06-13
sz.300513,2024-01-19,2024-03-11
sh.600576,2021-02-04,2021-03-25
sh.688121,2022-04-08,2022-05-25
sz.300099,2022-04-19,2022-06-06
sh.688639,2024-08-09,2024-09-24
sh.600686,2022-09-20,2022-11-08
sh.688702,2024-03-22,2024-05-10
sz.300035,2023-04-20,2023-06-06
sh.603505,2021-11-03,2021-12-15
sh.688238,2023-04-13,2023-05-30
sh.603998,2022-04-07,2022-05-24
sz.300268,2023-10-10,2023-11-21
sz.300455,2022-04-12,2022-05-27
sh.688310,2022-04-20,2022-06-07
sh.688690,2022-09-21,2022-11-09
sz.300418,2022-01-07,2022-02-25
sz.300464,2021-06-03,2021-07-16
sh.688035,2023-09-06,2023-10-26
sz.301158,2022-03-07,2022-04-20
sz.300759,2022-01-21,2022-03-11
sz.301121,2023-04-12,2023-05-29
sh.603650,2022-04-19,2022-06-06
sh.600590,2021-01-19,2021-03-09
sz.300851,2024-01-23,2024-03-13
sh.688190,2022-03-02,2022-04-15
sh.600173,2022-04-15,2022-06-01
sz.300841,2021-10-13,2021-11-24
sz.000793,2024-05-16,2024-06-28
sz.300110,2024-01-19,2024-03-11
sh.600475,2024-01-19,2024-03-11
sz.002901,2021-01-29,2021-03-19
sh.688686,2021-07-05,2021-08-16
sz.300149,2024-08-05,2024-09-18
sh.600202,2024-01-25,2024-03-15
sz.002319,2022-09-07,2022-10-28
sh.688046,2024-01-25,2024-03-15
sz.300606,2024-05-15,2024-06-27
sh.688201,2024-04-02,2024-05-21
sz.301024,2024-05-23,2024-07-05
sh.688210,2024-01-22,2024-03-12
sh.603738,2021-09-06,2021-10-27
sh.600509,2022-09-13,2022-11-01
sz.301111,2021-12-22,2022-02-10
sz.300276,2021-09-15,2021-11-05
sz.300322,2021-09-10,2021-11-02
sz.300679,2023-04-19,2023-06-05
sh.600749,2022-04-12,2022-05-27
sz.300035,2024-01-18,2024-03-08
sz.300649,2024-04-03,2024-05-22
sh.688195,2021-12-06,2022-01-18
sz.301306,2024-01-22,2024-03-12
sh.603298,2023-10-10,2023-11-21
sz.002937,2022-11-04,2022-12-16
sz.300661,2021-08-24,2021-10-14
sz.003009,2021-02-24,2021-04-08
sz.301215,2022-03-10,2022-04-25
sh.600853,2023-06-08,2023-07-24
sz.002927,2024-01-15,2024-03-05
sz.300097,2023-12-08,2024-01-22
sz.300293,2024-03-20,2024-05-08
sz.300816,2024-07-10,2024-08-21
sz.002690,2021-02-05,2021-03-26
sz.301320,2024-01-09,2024-02-28
sz.300401,2022-04-12,2022-05-27
sz.300666,2021-01-25,2021-03-15
sh.603727,2022-10-14,2022-11-25
sz.002536,2021-09-17,2021-11-09
sz.300542,2021-10-21,2021-12-02
sh.688292,2024-01-23,2024-03-13
sz.002235,2022-04-14,2022-05-31
sh.603912,2024-03-28,2024-05-16
sz.300477,2024-01-26,2024-03-18
sz.301113,2022-09-02,2022-10-24
sz.300607,2021-10-19,2021-11-30
sh.603282,2024-01-17,2024-03-07
sz.301037,2022-08-16,2022-09-28
sz.300556,2022-01-24,2022-03-14
sh.603893,2023-04-20,2023-06-06
sz.000411,2023-08-15,2023-09-26
sz.300709,2022-08-19,2022-10-10
sz.301036,2024-01-23,2024-03-13
sz.002612,2022-08-19,2022-10-10
sz.000799,2021-12-29,2022-02-17
sz.301489,2024-01-29,2024-03-19
sh.600586,2022-04-06,2022-05-23
sz.000506,2024-05-22,2024-07-04
sz.002820,2024-01-22,2024-03-12
sh.600249,2023-12-12,2024-01-24
sh.605368,2021-04-12,2021-05-27
sh.600246,2024-06-26,2024-08-07
sh.688050,2021-10-25,2021-12-06
sz.300025,2024-10-08,2024-11-19
sz.000757,2024-04-08,2024-05-23
sh.603535,2022-04-14,2022-05-31
sz.300223,2023-04-19,2023-06-05
sh.688670,2023-12-12,2024-01-24
sh.603679,2021-01-19,2021-03-09
sh.688591,2024-01-23,2024-03-13
sh.688357,2022-08-17,2022-09-29
sh.688575,2022-04-11,2022-05-26
sz.300400,2024-09-03,2024-10-24
sz.002174,2024-01-23,2024-03-13
sz.002786,2024-01-12,2024-03-04
sz.300314,2021-03-03,2021-04-15
sz.002188,2022-04-11,2022-05-26
sz.300868,2023-07-21,2023-09-01
sh.688302,2024-06-17,2024-07-29
sh.605259,2024-01-18,2024-03-08
sh.688686,2021-07-06,2021-08-17
sz.300936,2021-02-01,2021-03-22
sz.300737,2021-09-10,2021-11-02
sz.002752,2022-04-14,2022-05-31
sz.002548,2024-04-01,2024-05-20
sz.002057,2022-03-01,2022-04-14
sz.300762,2023-11-21,2024-01-03
sz.002510,2021-01-20,2021-03-10
sh.688296,2022-04-11,2022-05-26
sh.600439,2021-05-28,2021-07-12
sz.000888,2024-01-23,2024-03-13
sz.000415,2024-11-14,2024-12-26
sz.300416,2024-01-18,2024-03-08
sh.603123,2023-04-07,2023-05-24
sz.002705,2022-01-07,2022-02-25
sh.688680,2021-09-17,2021-11-09
sz.302132,2021-01-22,2021-03-12
sz.300454,2021-07-13,2021-08-24
sz.300666,2023-04-24,2023-06-08
sz.300820,2021-08-31,2021-10-21
sh.600794,2022-09-19,2022-11-07
sh.688259,2022-01-17,2022-03-07
sz.000860,2021-06-04,2021-07-19
sh.600081,2024-11-12,2024-12-24
sh.688135,2024-01-22,2024-03-12
sz.300678,2023-07-17,2023-08-28
sh.688311,2024-03-29,2024-05-17
sz.002682,2024-01-09,2024-02-28
sz.002891,2021-07-13,2021-08-24
sz.300389,2024-04-08,2024-05-23
sz.300584,2023-08-15,2023-09-26
sz.301505,2024-05-17,2024-07-01
sz.000721,2022-06-30,2022-08-11
sz.002394,2022-04-13,2022-05-30
sz.001270,2024-06-18,2024-07-30
sz.300620,2023-08-04,2023-09-15
sz.300127,2022-04-12,2022-05-27
sz.000068,2024-01-24,2024-03-14
sz.002243,2021-01-22,2021-03-12
sh.688408,2023-08-04,2023-09-15
sz.002989,2022-04-14,2022-05-31
sz.000025,2022-09-16,2022-11-04
sz.300307,2023-07-21,2023-09-01
sh.600533,2024-04-09,2024-05-24
sh.601828,2022-04-15,2022-06-01
sh.600733,2021-06-02,2021-07-15
sz.300465,2024-11-12,2024-12-24
sh.600171,2022-04-18,2022-06-02
sz.300679,2022-02-28,2022-04-13
sz.300422,2024-03-29,2024-05-17
sh.603429,2023-08-10,2023-09-21
sh.600753,2021-10-22,2021-12-03
sz.002640,2024-01-19,2024-03-11
sz.002080,2024-06-25,2024-08-06
sz.002891,2021-02-22,2021-04-06
sz.002654,2024-01-04,2024-02-23
sh.688701,2022-09-01,2022-10-21
sz.300268,2023-01-13,2023-03-03
sz.300081,2022-09-15,2022-11-03
sh.600470,2021-11-02,2021-12-14
sh.603789,2022-11-10,2022-12-22
sh.688356,2022-11-17,2022-12-29
sz.300689,2024-01-26,2024-03-18
sz.002232,2021-12-21,2022-02-09
sz.002145,2022-03-01,2022-04-14
sz.000822,2022-07-07,2022-08-18
sz.300169,2024-11-08,2024-12-20
sz.002536,2022-04-19,2022-06-06
sz.300352,2021-01-19,2021-03-09
sz.300561,2021-01-22,2021-03-12
sz.301126,2024-01-29,2024-03-19
sz.300369,2023-04-20,2023-06-06
sz.000753,2024-01-29,2024-03-19
sz.300614,2021-07-16,2021-08-27
sz.300318,2021-08-03,2021-09-14
sz.300283,2024-01-30,2024-03-20
sz.000752,2021-07-07,2021-08-18
sz.300882,2022-04-14,2022-05-31
sh.688260,2023-11-30,2024-01-12
sh.600857,2024-01-24,2024-03-14
sz.002496,2024-01-29,2024-03-19
sz.300720,2024-05-29,2024-07-11
sz.300017,2023-04-26,2023-06-12
sz.300037,2022-04-12,2022-05-27
sz.300238,2021-05-31,2021-07-13
sz.002510,2022-08-18,2022-09-30
sh.600939,2022-04-08,2022-05-25
sh.688052,2024-04-02,2024-05-21
sz.300394,2022-06-27,2022-08-08
sz.300031,2023-09-06,2023-10-26
sz.301397,2024-01-22,2024-03-12
sh.600179,2022-03-04,2022-04-19
sh.600489,2021-02-24,2021-04-08
sh.688787,2022-03-30,2022-05-18
sz.301369,2022-09-26,2022-11-14
sh.600530,2022-01-10,2022-02-28
sz.300195,2021-09-13,2021-11-03
sz.002186,2024-01-29,2024-03-19
sz.002876,2022-03-03,2022-04-18
sh.688696,2021-07-07,2021-08-18
sz.300987,2022-01-10,2022-02-28
sh.600423,2022-04-20,2022-06-07
sz.301127,2022-01-13,2022-03-03
sh.688685,2021-08-31,2021-10-21
sh.688172,2023-04-19,2023-06-05
sz.000678,2022-04-12,2022-05-27
sh.603117,2022-04-20,2022-06-08
sz.301448,2024-03-25,2024-05-13
sz.002462,2022-04-11,2022-05-26
sh.600449,2024-01-16,2024-03-06
sh.603667,2023-10-09,2023-11-20
sz.300725,2024-03-29,2024-05-17
sh.600399,2021-02-26,2021-04-12
sz.000559,2021-09-14,2021-11-04
sh.603059,2023-04-11,2023-05-26
sz.300093,2021-09-09,2021-11-01
sz.300331,2022-02-28,2022-04-13
sh.603231,2024-01-29,2024-03-19
sz.000759,2022-09-23,2022-11-11
sz.002920,2024-01-15,2024-03-05
sz.300611,2022-08-16,2022-09-28
sz.002647,2024-05-23,2024-07-05
sz.300112,2024-01-18,2024-03-08
sz.002321,2021-12-22,2022-02-11
sh.603599,2021-09-23,2021-11-11
sz.002306,2024-01-22,2024-03-12
sz.000663,2023-09-18,2023-11-07
sz.003011,2022-10-17,2022-11-28
sz.002759,2024-01-17,2024-03-07
sh.600976,2022-04-11,2022-05-26
sz.002164,2021-04-20,2021-06-04
sz.000560,2022-09-20,2022-11-08
sh.600444,2021-12-29,2022-02-17
sh.688085,2021-03-03,2021-04-15
sh.688586,2022-03-01,2022-04-14
sh.688209,2022-09-08,2022-10-28
sh.600258,2021-06-03,2021-07-16
sh.603025,2024-01-02,2024-02-21
sz.003039,2021-07-14,2021-08-25
sz.300405,2024-04-02,2024-05-21
sz.002099,2023-10-13,2023-11-24
sz.002921,2024-01-23,2024-03-13
sz.000615,2023-01-16,2023-03-06
sz.300438,2021-01-25,2021-03-15
sz.000837,2023-10-10,2023-11-21
sh.600719,2021-10-20,2021-12-01
sh.600292,2024-01-24,2024-03-14
sh.603004,2024-04-02,2024-05-21
sh.688298,2024-01-17,2024-03-07
sz.000599,2022-04-14,2022-05-31
sh.600698,2022-03-30,2022-05-18
sz.000803,2024-01-18,2024-03-08
sz.300191,2022-04-13,2022-05-30
sz.002529,2022-03-01,2022-04-14
sh.688060,2024-06-20,2024-08-01
sz.002801,2021-08-10,2021-09-23
sz.002902,2022-08-18,2022-09-30
sz.300366,2024-01-25,2024-03-15
sz.300072,2024-01-29,2024-03-19
sh.688700,2022-04-15,2022-06-01
sh.688682,2023-04-14,2023-05-31
sz.003025,2024-03-29,2024-05-17
sz.300931,2022-04-13,2022-05-30
sh.600318,2024-01-17,2024-03-07
sz.300212,2024-03-29,2024-05-17
sh.603326,2024-01-17,2024-03-07
sh.605188,2024-01-26,2024-03-18
sh.600784,2022-04-19,2022-06-06
sz.002737,2022-12-13,2023-02-01
sz.300467,2022-04-12,2022-05-27
sh.600702,2021-07-21,2021-09-01
sz.002639,2022-04-11,2022-05-26
sh.600692,2024-08-01,2024-09-12
sh.688319,2023-11-27,2024-01-09
sh.603390,2024-08-05,2024-09-18
sz.002691,2022-04-19,2022-06-06
sh.605376,2024-01-19,2024-03-11
sz.002931,2023-12-26,2024-02-22
sz.300668,2024-01-24,2024-03-14
sh.688323,2024-05-21,2024-07-03
sz.300275,2022-03-01,2022-04-14
sh.688327,2024-03-29,2024-05-17
sz.002388,2021-01-21,2021-03-11
sz.300700,2024-06-11,2024-07-23
sz.002822,2024-06-18,2024-07-30
sz.300902,2024-01-18,2024-03-08
sh.603317,2022-01-12,2022-03-02
sh.600605,2022-04-11,2022-05-26
sz.002959,2022-01-14,2022-03-04
sh.603848,2024-01-22,2024-03-12
sz.300268,2023-12-08,2024-01-22
sz.301323,2023-07-14,2023-08-25
sz.300548,2022-04-18,2022-06-02
sz.300364,2024-03-22,2024-05-10
sh.688095,2023-06-19,2023-08-02
sh.600744,2021-04-15,2021-06-01
sz.000938,2021-01-20,2021-03-10
sz.000096,2021-06-16,2021-07-28
sz.300964,2023-06-30,2023-08-11
sz.002449,2024-03-29,2024-05-17
sz.000997,2022-04-14,2022-05-31
sh.601001,2022-04-19,2022-06-06
sh.603881,2021-01-26,2021-03-16
sz.300469,2024-04-29,2024-06-14
sh.600711,2024-07-18,2024-08-30
sz.300603,2021-01-18,2021-03-08
sz.002921,2024-03-29,2024-05-17
sh.603717,2022-02-28,2022-04-13
sz.300103,2024-05-23,2024-07-05
sh.688348,2024-01-24,2024-03-14
sz.000913,2022-06-23,2022-08-04
sh.688519,2022-06-28,2022-08-09
sz.300179,2024-01-23,2024-03-13
sz.002886,2024-04-09,2024-05-24
sz.301089,2022-11-22,2023-01-04
sz.300315,2023-12-14,2024-01-26
sh.688213,2023-04-11,2023-05-26
sh.600095,2021-05-27,2021-07-09
sz.300469,2024-01-08,2024-02-27
sh.600425,2022-04-07,2022-05-24
sh.688511,2024-01-17,2024-03-07
sz.002756,2022-03-29,2022-05-17
sh.603051,2024-01-12,2024-03-04
sz.002555,2021-03-15,2021-04-27
sz.300747,2022-04-19,2022-06-06
sh.603375,2024-01-29,2024-03-19
sh.600774,2024-01-15,2024-03-05
sh.688660,2022-08-22,2022-10-11
sz.002607,2024-01-26,2024-03-18
sz.000678,2022-06-23,2022-08-04
sh.603577,2022-03-03,2022-04-18
sh.601985,2021-09-24,2021-11-12
sz.002192,2021-12-31,2022-02-21
sz.300780,2024-01-19,2024-03-11
sh.688315,2021-09-27,2021-11-15
sh.688693,2024-04-01,2024-05-20
sh.603922,2021-10-28,2021-12-09
sz.000554,2022-01-13,2022-03-03
sz.300300,2021-01-19,2021-03-09
sh.600689,2024-05-22,2024-07-04
sz.000532,2022-04-12,2022-05-27
sz.002902,2024-01-24,2024-03-14
sz.002241,2024-01-19,2024-03-11
sh.601068,2021-09-15,2021-11-05
sz.000911,2023-05-24,2023-07-07
sh.600533,2024-05-20,2024-07-02
sz.002766,2024-01-18,2024-03-08
sz.003015,2024-03-28,2024-05-16
sh.600110,2021-01-25,2021-03-15
sh.688030,2024-01-24,2024-03-14
sz.000570,2024-01-22,2024-03-12
sh.600853,2023-03-17,2023-05-04
sz.300542,2024-01-22,2024-03-12
sz.301362,2024-01-16,2024-03-06
sz.301366,2024-01-26,2024-03-18
sz.000620,2022-04-08,2022-05-25
sz.002897,2021-04-21,2021-06-07
sh.600215,2021-11-29,2022-01-11
sz.002878,2021-07-16,2021-08-27
sz.002691,2022-04-12,2022-05-27
sz.002253,2022-04-20,2022-06-07
sh.603096,2022-08-30,2022-10-19
sz.002941,2021-03-30,2021-05-17
sz.300266,2024-05-27,2024-07-09
sz.301149,2024-01-17,2024-03-07
sz.002437,2022-01-13,2022-03-03
sh.603711,2023-12-05,2024-01-17
sz.002310,2024-04-10,2024-05-28
sh.603320,2021-10-25,2021-12-06
sh.688016,2022-03-30,2022-05-18
sh.600336,2021-12-08,2022-01-20
sh.603890,2024-01-18,2024-03-08
sz.300033,2024-01-03,2024-02-22
sh.688219,2021-08-23,2021-10-13
sz.301517,2024-08-26,2024-10-16
sz.300334,2021-01-20,2021-03-10
sz.301041,2024-04-01,2024-05-20
sz.300155,2023-04-12,2023-05-29
sz.300174,2022-08-23,2022-10-12
sz.300676,2023-04-20,2023-06-06
sh.603660,2024-01-30,2024-03-20
sz.300737,2022-02-21,2022-04-06
sz.300192,2021-01-27,2021-03-17
sz.300011,2021-01-19,2021-03-09
sz.300997,2021-07-15,2021-08-26
sh.600119,2024-04-10,2024-05-27
sz.000546,2022-09-14,2022-11-02
sz.300284,2022-05-10,2022-06-22
sz.300245,2024-01-17,2024-03-07
sz.002951,2024-01-30,2024-03-20
sz.002843,2021-01-26,2021-03-16
sh.688020,2022-04-21,2022-06-08
sz.300950,2024-01-26,2024-03-18
sz.300212,2022-04-13,2022-05-30
sh.688118,2024-03-25,2024-05-13
sz.000608,2024-05-29,2024-07-11
sh.600111,2022-03-01,2022-04-14
sz.000711,2022-04-06,2022-05-23
sz.002777,2022-03-02,2022-04-15
sz.300366,2021-01-22,2021-03-12
sh.688090,2024-01-23,2024-03-13
sh.688021,2024-01-29,2024-03-19
sz.002903,2021-09-15,2021-11-05
sh.600769,2024-04-03,2024-05-22
sz.002213,2022-01-24,2022-03-14
sz.300595,2021-10-08,2021-11-19
sh.605162,2022-04-12,2022-05-27
sz.300811,2023-11-21,2024-01-03
sh.603611,2021-10-22,2021-12-03
sz.000159,2024-01-30,2024-03-20
sz.000572,2022-03-02,2022-04-15
sh.688511,2022-08-15,2022-09-27
sz.300986,2024-04-09,2024-05-24
sh.600185,2024-05-20,2024-07-02
sz.300663,2021-07-12,2021-08-23
sh.603828,2024-04-03,2024-05-23
sh.603863,2021-04-20,2021-06-07
sz.002902,2024-04-09,2024-05-24
sh.688161,2024-01-19,2024-03-11
sh.600791,2024-01-31,2024-03-21
sz.000993,2021-04-14,2021-05-31
sz.300936,2024-01-25,2024-03-15
sz.301060,2021-09-16,2021-11-08
sz.000752,2023-09-20,2023-11-09
sz.002490,2021-09-09,2021-11-01
sh.600684,2024-05-23,2024-07-05
sh.600284,2021-07-16,2021-08-27
sh.603185,2023-03-07,2023-04-19
sz.300548,2022-04-12,2022-05-27
sz.002881,2022-03-24,2022-05-12
sh.600365,2021-01-21,2021-03-11
sh.603366,2022-08-17,2022-09-29
sz.002389,2021-02-23,2021-04-07
sh.600096,2021-02-24,2021-04-08
sz.300192,2022-12-15,2023-02-03
sz.300997,2022-01-17,2022-03-07
sh.603289,2024-01-12,2024-03-04
sh.605169,2024-01-30,2024-03-20
sz.002715,2022-04-18,2022-06-02
sh.688152,2023-12-11,2024-01-23
sz.002274,2021-09-09,2021-11-01
sh.600802,2024-01-17,2024-03-07
sz.002882,2024-01-17,2024-03-07
sz.300698,2022-03-25,2022-05-13
sz.301389,2024-05-27,2024-07-09
sh.603608,2021-01-22,2021-03-12
sz.300413,2023-06-19,2023-08-02
sh.605028,2024-01-22,2024-03-12
sz.002957,2024-11-13,2024-12-25
sz.300224,2021-01-22,2021-03-12
sh.603867,2024-01-17,2024-03-07
sz.002667,2024-01-12,2024-03-04
sh.688389,2021-08-18,2021-10-08
sz.002641,2024-01-18,2024-03-08
sh.600827,2021-01-20,2021-03-10
sz.300125,2022-01-06,2022-02-24
sh.605366,2024-01-18,2024-03-08
sh.688365,2024-03-28,2024-05-16
sz.300663,2022-04-01,2022-05-20
sh.603396,2022-03-25,2022-05-13
sz.300806,2022-09-01,2022-10-21
sz.002207,2024-01-22,2024-03-12
sz.300854,2022-04-14,2022-05-31
sh.688517,2023-05-15,2023-06-28
sh.688123,2021-08-05,2021-09-16
sz.002540,2022-04-12,2022-05-27
sh.688798,2023-04-21,2023-06-07
sz.300558,2021-02-23,2021-04-07
sh.688079,2024-01-18,2024-03-08
sz.300549,2024-01-23,2024-03-13
sz.301233,2024-04-01,2024-05-20
sz.000526,2022-04-27,2022-06-14
sh.688234,2023-08-03,2023-09-14
sh.605168,2022-03-31,2022-05-19
sh.688186,2021-01-22,2021-03-12
sh.603788,2024-01-25,2024-03-15
sh.688260,2021-09-13,2021-11-03
sh.600661,2021-10-20,2021-12-01
sz.000633,2024-01-29,2024-03-19
sh.688578,2022-06-24,2022-08-05
sh.601800,2023-05-08,2023-06-19
sh.603520,2021-01-18,2021-03-08
sh.688603,2024-03-21,2024-05-09
sz.300429,2022-04-15,2022-06-01
sz.300500,2022-03-24,2022-05-12
sh.603678,2024-01-22,2024-03-12
sh.688699,2024-01-19,2024-03-11
sh.603031,2024-05-14,2024-06-26
sh.688365,2023-02-13,2023-03-27
sz.002008,2021-04-23,2021-06-09
sz.000762,2021-02-23,2021-04-07
sz.300579,2023-04-14,2023-05-31
sz.300433,2021-01-20,2021-03-10
sh.600320,2021-09-22,2021-11-10
sz.300252,2024-03-21,2024-05-09
sh.601199,2022-04-13,2022-05-30
sz.300725,2022-03-28,2022-05-16
sz.000919,2024-01-24,2024-03-14
sh.688189,2024-01-19,2024-03-11
sz.000993,2024-01-24,2024-03-14
sh.603117,2023-04-13,2023-05-30
sz.300130,2024-10-22,2024-12-03
sz.300548,2023-10-12,2023-11-23
sz.000933,2024-11-11,2024-12-23
sz.300451,2023-06-21,2023-08-04
sz.000973,2024-01-25,2024-03-15
sh.605100,2024-01-19,2024-03-11
sh.688080,2024-01-22,2024-03-12
sh.603180,2022-04-20,2022-06-07
sz.002786,2024-01-17,2024-03-07
sz.300412,2024-04-02,2024-05-21
sh.688007,2022-01-21,2022-03-11
sz.300152,2022-04-14,2022-05-31
sz.002201,2022-07-20,2022-08-31
sh.688058,2022-04-12,2022-05-27
sz.002712,2024-06-13,2024-07-25
sz.300442,2021-04-12,2021-05-27
sz.002822,2022-04-11,2022-05-26
sh.603586,2021-04-21,2021-06-07
sz.300425,2021-09-23,2021-11-11
sh.603087,2021-10-13,2021-11-24
sz.300986,2024-01-18,2024-03-08
sh.605111,2021-03-01,2021-04-13
sz.300692,2021-09-23,2021-11-11
sh.603726,2024-09-02,2024-10-23
sz.300628,2023-04-28,2023-06-14
sz.301235,2022-03-30,2022-05-18
sh.688030,2024-01-23,2024-03-13
sh.601921,2023-06-07,2023-07-21
sh.603900,2024-05-22,2024-07-04
sh.603038,2024-01-25,2024-03-15
sz.002629,2022-03-03,2022-04-18
sh.688036,2022-03-08,2022-04-21
sz.002688,2022-04-12,2022-05-27
sh.603496,2023-10-19,2023-11-30
sz.002743,2022-04-14,2022-05-31
sz.300591,2024-04-03,2024-05-22
sz.002384,2023-08-04,2023-09-15
sh.688157,2022-03-24,2022-05-12
sz.000400,2021-09-22,2021-11-10
sz.301199,2022-04-18,2022-06-02
sz.300982,2023-08-18,2023-10-09
sz.301060,2022-08-30,2022-10-19
sz.301198,2024-01-17,2024-03-07
sh.688426,2024-01-05,2024-02-26
sh.600234,2023-03-31,2023-05-18
sz.002832,2024-06-13,2024-07-25
sz.002715,2024-01-29,2024-03-19
sz.301205,2023-10-19,2023-11-30
sh.688358,2024-01-18,2024-03-08
sh.603268,2024-04-03,2024-05-22
sh.600633,2022-04-12,2022-05-27
sz.300457,2022-04-14,2022-05-31
sh.603179,2022-03-25,2022-05-13
sz.002576,2022-08-17,2022-09-29
sh.603260,2022-03-28,2022-05-16
sz.002177,2024-01-25,2024-03-15
sh.688187,2021-12-29,2022-02-17
sz.300093,2024-04-08,2024-05-23
sz.002212,2024-01-17,2024-03-07
sh.601908,2021-01-26,2021-03-16
sz.300572,2024-01-22,2024-03-12
sz.300848,2024-01-19,2024-03-11
sz.002889,2024-01-26,2024-03-18
sh.603007,2021-04-21,2021-06-08
sz.002167,2023-04-18,2023-06-02
sh.688456,2024-01-23,2024-03-13
sh.603331,2024-01-23,2024-03-13
sz.300920,2021-04-16,2021-06-02
sh.688699,2022-08-25,2022-10-14
sh.688370,2024-01-17,2024-03-07
sh.600753,2021-07-15,2021-08-26
sh.688676,2021-12-01,2022-01-13
sz.300010,2024-11-05,2024-12-17
sz.300211,2024-05-23,2024-07-05
sz.300567,2023-09-07,2023-10-27
sz.301192,2024-01-26,2024-03-18
sz.300371,2022-03-01,2022-04-14
sz.002992,2023-04-13,2023-05-30
sh.688229,2021-08-20,2021-10-12
sh.688031,2023-08-31,2023-10-20
sz.000952,2024-01-23,2024-03-13
sz.003038,2022-11-07,2022-12-19
sh.603836,2022-04-13,2022-05-30
sz.000025,2021-01-21,2021-03-11
sz.001219,2024-01-11,2024-03-01
sz.301338,2023-04-21,2023-06-07
sh.601369,2022-08-22,2022-10-11
sz.003028,2022-07-08,2022-08-19
sz.000887,2022-02-22,2022-04-07
sh.688468,2023-05-31,2023-07-14
sz.003041,2024-01-25,2024-03-15
sh.600338,2023-03-07,2023-04-19
sz.301308,2023-08-02,2023-09-13
sh.600152,2023-11-21,2024-01-03
sz.300879,2024-07-11,2024-08-22
sz.002817,2024-03-29,2024-05-17
sz.002828,2023-10-17,2023-11-28
sz.002080,2021-09-17,2021-11-09
sh.603990,2021-05-21,2021-07-05
sz.301380,2023-06-20,2023-08-03
sz.300258,2024-01-23,2024-03-13
sz.301153,2024-07-11,2024-08-22
sz.000799,2021-07-21,2021-09-01
sh.688360,2022-01-17,2022-03-07
sz.002803,2022-01-11,2022-03-01
sz.301030,2022-08-17,2022-09-29
sh.688419,2024-01-26,2024-03-18
sz.300569,2022-07-19,2022-08-30
sz.300831,2021-04-07,2021-05-24
sz.300973,2024-01-18,2024-03-08
sz.301060,2024-01-23,2024-03-13
sz.301503,2024-01-09,2024-02-28
sz.003040,2021-06-01,2021-07-14
sh.600106,2022-04-08,2022-05-25
sh.603216,2022-01-07,2022-02-25
sh.600397,2022-04-19,2022-06-06
sh.688007,2024-01-23,2024-03-13
sh.600702,2024-08-16,2024-10-08
sz.300421,2022-09-07,2022-10-27
sh.688234,2022-03-25,2022-05-13
sz.002542,2024-11-06,2024-12-18
sz.300328,2022-02-23,2022-04-08
sh.603688,2023-11-30,2024-01-12
sz.002268,2021-01-26,2021-03-16
sz.300056,2024-05-22,2024-07-04
sh.688766,2022-01-19,2022-03-09
sz.002879,2024-01-18,2024-03-08
sz.301092,2022-08-12,2022-09-26
sh.688027,2022-04-14,2022-05-31
sh.603321,2024-01-23,2024-03-13
sh.600241,2024-01-19,2024-03-11
sh.600791,2024-03-27,2024-05-15
sh.600036,2022-03-01,2022-04-14
sz.300940,2022-09-09,2022-10-31
sh.605378,2024-01-15,2024-03-05
sz.002892,2022-08-12,2022-09-26
sz.002387,2021-01-25,2021-03-22
sz.300549,2021-03-16,2021-04-28
sh.601636,2021-07-14,2021-08-25
sz.002534,2022-08-18,2022-09-30
sh.688103,2024-04-08,2024-05-23
sh.688187,2021-12-24,2022-02-14
sz.300399,2022-04-07,2022-05-24
sz.300682,2022-03-01,2022-04-14
sz.300617,2021-12-23,2022-02-11
sz.000875,2022-09-08,2022-10-28
sh.603068,2021-09-10,2021-11-02
sh.600584,2023-04-13,2023-05-30
sh.688616,2024-01-10,2024-02-29
sz.300838,2022-09-13,2022-11-01
sh.603629,2024-01-02,2024-02-21
sz.002892,2024-01-18,2024-03-08
sh.603324,2022-03-30,2022-05-18
sz.300534,2024-01-22,2024-03-12
sz.002929,2022-02-28,2022-04-13
sz.002318,2021-09-22,2021-11-10
sh.603037,2023-12-25,2024-02-06
sz.002928,2024-01-17,2024-03-07
sz.300894,2024-05-22,2024-07-04
sz.002579,2024-01-25,2024-03-15
sz.300139,2024-01-22,2024-03-12
sz.300913,2022-04-14,2022-05-31
sh.601798,2022-04-12,2022-05-27
sh.688559,2024-08-13,2024-09-26
sh.688355,2024-01-17,2024-03-07
sh.605366,2024-01-17,2024-03-07
sz.301511,2024-08-07,2024-09-20
sz.002892,2022-01-04,2022-02-22
sh.600702,2021-07-15,2021-08-26
sz.002330,2022-01-24,2022-03-14
sz.301165,2023-10-09,2023-11-20
sz.002239,2024-04-02,2024-05-21
sz.300212,2022-04-18,2022-06-02
sz.300996,2022-02-08,2022-03-22
sz.300223,2021-01-21,2021-03-11
sh.600559,2021-01-14,2021-03-04
sz.002404,2024-01-22,2024-03-12
sh.603612,2022-01-14,2022-03-04
sh.603682,2023-07-31,2023-09-11
sz.301089,2021-11-29,2022-01-11
sz.002564,2022-04-11,2022-05-26
sz.003013,2024-01-29,2024-03-19
sz.002022,2021-01-25,2021-03-15
sh.600340,2021-01-19,2021-03-23
sz.301326,2024-01-29,2024-03-19
sh.603393,2021-09-30,2021-11-18
sz.002374,2022-07-20,2022-08-31
sh.603499,2021-01-20,2021-03-10
sz.003039,2022-04-14,2022-05-31
sz.300266,2022-04-18,2022-06-02
sz.001287,2024-03-13,2024-04-26
sz.301132,2024-01-19,2024-03-11
sz.000995,2021-01-22,2021-03-12
sh.603628,2024-01-18,2024-03-08
sz.002528,2024-05-23,2024-07-05
sh.688143,2023-04-25,2023-06-09
sz.002683,2021-01-18,2021-03-08
sz.300337,2024-11-05,2024-12-17
sz.300932,2022-04-13,2022-05-30
sz.300311,2021-10-19,2021-11-30
sz.002199,2024-04-01,2024-05-20
sh.603083,2024-03-13,2024-04-26
sz.002633,2024-04-10,2024-05-27
sh.601137,2022-03-31,2022-05-19
sz.300897,2024-01-16,2024-03-06
sz.001207,2021-08-20,2021-10-12
sz.300560,2023-04-11,2023-05-26
sh.688502,2023-12-25,2024-02-06
sh.600409,2021-07-22,2021-09-02
sz.300969,2022-01-25,2022-03-15
sz.001219,2024-01-31,2024-03-21
sh.600864,2024-01-30,2024-03-20
sh.605166,2021-09-10,2021-11-02
sz.300949,2022-04-12,2022-05-27
sh.600121,2022-04-14,2022-05-31
sz.300137,2021-10-08,2021-11-19
sz.300226,2023-09-28,2023-11-17
sh.688661,2024-06-21,2024-08-02
sz.301189,2024-04-02,2024-05-21
sz.000037,2021-01-19,2021-03-09
sh.600855,2022-04-12,2022-05-27
sz.300056,2021-08-26,2021-10-18
sh.600797,2024-01-19,2024-03-11
sh.603577,2024-01-25,2024-03-15
sz.300945,2024-01-29,2024-03-19
sh.601865,2021-02-25,2021-04-09
sz.000821,2021-12-13,2022-01-25
sz.300681,2021-08-30,2021-10-20
sz.002667,2021-10-19,2021-11-30
sh.688498,2024-11-08,2024-12-20
sz.300665,2024-05-29,2024-07-11
sz.300551,2022-04-12,2022-05-27
sz.002972,2024-01-10,2024-02-29
sz.300503,2023-04-13,2023-05-30
sz.300077,2022-04-14,2022-05-31
sh.688622,2022-11-15,2022-12-27
sh.688510,2021-08-24,2021-10-14
sz.300286,2022-04-08,2022-05-25
sz.300247,2022-04-13,2022-05-30
sz.300640,2024-01-19,2024-03-11
sh.603256,2024-04-08,2024-05-23
sh.603819,2024-05-23,2024-07-05
sz.002779,2022-04-12,2022-05-27
sz.300751,2021-03-01,2021-04-13
sh.603026,2022-04-01,2022-05-20
sh.688225,2024-01-23,2024-03-13
sz.002050,2024-11-12,2024-12-24
sz.300515,2022-03-01,2022-04-14
sh.688277,2024-01-24,2024-03-14
sh.688327,2023-05-10,2023-06-21
sh.603348,2022-02-24,2022-04-11
sh.688221,2022-04-11,2022-05-26
sz.300647,2024-01-16,2024-03-06
sz.300986,2023-04-14,2023-05-31
sz.301036,2024-01-18,2024-03-08
sz.300672,2021-05-11,2021-06-23
sh.600619,2022-08-18,2022-09-30
sh.603335,2024-01-17,2024-03-07
sz.002995,2022-03-31,2022-05-19
sh.688553,2024-01-08,2024-02-27
sz.000700,2023-11-27,2024-01-09
sz.300691,2022-04-11,2022-05-26
sz.003002,2022-03-02,2022-04-15
sz.300622,2024-01-17,2024-03-07
sh.600654,2022-03-10,2022-04-25
sz.301332,2024-05-14,2024-06-26
sh.688327,2023-04-03,2023-05-19
sz.300943,2022-01-21,2022-03-11
sz.300014,2022-01-24,2022-03-14
sh.600719,2022-01-13,2022-03-03
sh.603679,2024-08-13,2024-09-26
sz.300355,2022-04-14,2022-05-31
sz.301211,2022-12-16,2023-02-06
sz.002897,2023-04-20,2023-06-06
sz.002739,2022-01-17,2022-03-07
sh.688660,2022-08-11,2022-09-23
sh.688077,2023-07-11,2023-08-22
sh.688017,2023-12-29,2024-02-20
sh.603063,2024-06-17,2024-07-29
sz.300787,2021-07-13,2021-08-24
sh.688161,2022-10-18,2022-11-29
sz.002436,2022-12-14,2023-02-02
sh.603778,2024-01-24,2024-03-14
sh.600556,2022-04-14,2022-05-31
sz.300614,2024-05-28,2024-07-10
sz.301167,2024-01-25,2024-03-15
sh.603637,2024-01-23,2024-03-13
sz.300783,2021-08-16,2021-09-29
sh.603345,2021-07-14,2021-08-25
sz.301168,2021-12-31,2022-02-21
sh.600250,2024-01-19,2024-03-11
sz.002866,2024-04-02,2024-05-21
sz.002837,2022-03-24,2022-05-12
sh.603958,2022-04-14,2022-05-31
sh.688181,2023-04-20,2023-06-06
sz.002179,2024-01-03,2024-02-22
sh.600519,2022-10-14,2022-11-25
sz.002596,2022-01-17,2022-03-07
sz.002765,2024-01-29,2024-03-19
sh.603839,2024-05-24,2024-07-08
sz.002522,2024-04-02,2024-05-21
sz.300323,2021-02-24,2021-04-08
sh.600841,2024-07-26,2024-09-06
sz.300963,2024-01-17,2024-03-07
sh.688733,2023-04-11,2023-05-26
sh.600438,2024-06-25,2024-08-06
sz.300989,2023-06-08,2023-07-24
sz.003015,2024-01-22,2024-03-12
sh.688160,2024-01-11,2024-03-01
sz.003035,2021-07-14,2021-08-25
sh.603828,2024-01-31,2024-03-21
sz.301225,2024-01-29,2024-03-19
sh.688053,2022-08-15,2022-09-27
sz.300900,2021-09-22,2021-11-10
sz.300257,2022-02-23,2022-04-08
sz.002355,2021-04-07,2021-06-07
sh.603269,2024-04-01,2024-05-20
sz.002217,2024-04-19,2024-06-06
sh.603162,2023-08-23,2023-10-12
sz.002215,2022-04-13,2022-05-30
sz.300530,2021-09-14,2021-11-04
sh.603863,2021-01-19,2021-03-09
sz.300253,2022-03-01,2022-04-14
sz.000932,2021-09-09,2021-11-01
sz.300771,2024-01-29,2024-03-19
sh.688766,2022-09-16,2022-11-04
sz.002353,2021-03-04,2021-04-16
sz.003032,2023-12-11,2024-01-23
sz.301121,2024-01-24,2024-03-14
sz.002072,2022-03-02,2022-04-15
sh.603863,2024-11-08,2024-12-20
sz.301221,2023-07-10,2023-08-21
sz.300459,2021-09-16,2021-11-08
sh.688125,2022-08-29,2022-10-18
sz.300020,2024-05-14,2024-06-26
sz.300220,2024-04-01,2024-05-20
sh.600106,2022-09-09,2022-10-31
sz.301117,2024-07-22,2024-09-02
sz.300310,2024-04-08,2024-05-23
sh.688435,2024-04-02,2024-05-21
sz.300477,2024-05-27,2024-07-09
sz.002885,2021-12-06,2022-01-18
sh.688191,2022-08-22,2022-10-11
sh.605077,2021-04-16,2021-06-02
sz.300629,2021-01-27,2021-03-17
sz.002154,2022-03-01,2022-04-14
sh.605376,2021-09-16,2021-11-08
sz.300846,2022-01-19,2022-03-09
sz.301085,2023-06-14,2023-07-28
sz.002700,2024-09-18,2024-11-06
sz.300107,2024-06-19,2024-07-31
sh.600539,2024-01-09,2024-02-28
sz.002607,2022-03-04,2022-04-19
sz.301208,2024-10-21,2024-12-02
sh.601155,2022-03-01,2022-04-14
sz.300787,2022-04-12,2022-05-27
sz.002208,2024-05-27,2024-07-09
sz.000635,2022-04-13,2022-05-30
sh.600173,2024-05-21,2024-07-03
sz.301111,2024-01-29,2024-03-19
sz.002309,2023-04-27,2023-06-13
sh.600516,2022-03-03,2022-04-18
sz.300371,2024-01-16,2024-03-06
sh.605588,2023-06-19,2023-08-02
sz.002246,2024-06-14,2024-07-26
sh.600880,2022-10-17,2022-11-28
sz.300702,2022-06-06,2022-07-18
sh.605167,2024-01-04,2024-02-23
sz.300249,2022-09-02,2022-10-24
sz.301519,2023-09-05,2023-10-25
sz.002436,2024-03-13,2024-04-26
sh.601388,2021-09-22,2021-11-10
sh.601616,2024-01-22,2024-03-12
sz.003027,2024-01-26,2024-03-18
sz.000677,2024-01-17,2024-03-07
sz.300725,2021-10-20,2021-12-01
sh.601113,2024-01-24,2024-03-14
sz.300212,2023-10-10,2023-11-21
sh.600322,2022-03-30,2022-05-18
sz.300634,2024-10-08,2024-11-19
sh.600770,2024-01-22,2024-03-12
sz.300724,2022-04-08,2022-05-25
sz.301512,2023-12-29,2024-02-20
sh.603633,2022-08-19,2022-10-10
sz.000631,2022-10-21,2022-12-02
sh.600187,2022-07-04,2022-08-15
sh.603580,2024-05-27,2024-07-09
sh.603063,2024-06-14,2024-07-26
sh.600132,2022-03-01,2022-04-14
sz.002196,2022-08-22,2022-10-18
sh.603605,2024-07-15,2024-08-26
sz.002631,2022-04-14,2022-05-31
sz.002037,2024-01-17,2024-03-07
sz.002454,2024-01-17,2024-03-07
sh.688593,2024-01-19,2024-03-11
sh.688403,2023-04-11,2023-05-26
sh.688139,2022-04-08,2022-05-25
sz.000958,2022-04-12,2022-05-27
sz.002967,2022-04-15,2022-06-01
sz.301512,2024-01-18,2024-03-08
sh.603897,2022-04-19,2022-06-06
sz.300453,2024-01-25,2024-03-15
sh.688039,2023-06-12,2023-07-26
sh.603318,2022-12-06,2023-01-18
sz.301567,2024-05-23,2024-07-05
sh.600303,2022-04-12,2022-05-30
sz.002125,2021-09-15,2021-11-05
sz.000826,2022-03-01,2022-04-14
sh.603085,2024-04-01,2024-05-20
sh.603178,2021-12-08,2022-01-20
sh.603023,2024-04-02,2024-05-22
sh.603221,2024-04-01,2024-05-20
sh.600257,2024-01-22,2024-03-12
sh.603908,2022-08-10,2022-09-22
sz.300749,2024-04-02,2024-05-21
sz.300557,2024-01-17,2024-03-07
sz.300901,2024-08-20,2024-10-10
sz.002007,2021-02-22,2021-04-06
sh.600639,2024-01-29,2024-03-19
sz.002376,2024-01-18,2024-03-08
sz.300322,2024-04-09,2024-05-24
sz.002090,2022-12-15,2023-02-03
sh.600229,2023-12-11,2024-01-23
sz.002255,2022-09-08,2022-10-28
sz.002792,2023-04-20,2023-06-06
sz.002451,2023-08-16,2023-09-27
sh.688485,2024-01-05,2024-02-26
sz.300199,2022-01-17,2022-03-07
sz.002730,2022-04-11,2022-05-26
sz.300244,2024-04-01,2024-05-20
sz.002412,2022-03-24,2022-05-12
sh.600764,2022-04-12,2022-05-27
sh.603002,2024-01-22,2024-03-12
sz.301279,2024-01-16,2024-03-06
sz.300393,2021-11-15,2021-12-27
sz.002707,2021-04-23,2021-06-09
sz.301211,2022-01-12,2022-03-02
sz.001270,2022-09-14,2022-11-02
sz.300675,2022-03-18,2022-05-06
sh.605198,2024-05-17,2024-07-01
sz.300479,2022-04-12,2022-06-06
sh.688110,2023-04-18,2023-06-02
sz.002384,2022-09-20,2022-11-08
sz.002512,2023-04-07,2023-05-24
sz.300860,2022-04-08,2022-05-25
sz.002268,2022-04-15,2022-06-01
sz.300571,2024-03-25,2024-05-13
sh.688002,2023-12-28,2024-02-19
sh.600576,2021-04-29,2021-06-30
sz.300686,2024-05-23,2024-07-05
sh.688092,2024-01-09,2024-02-28
sz.300917,2022-04-11,2022-05-26
sh.688787,2022-12-12,2023-01-31
sz.300461,2024-11-12,2024-12-24
sz.002432,2022-12-21,2023-02-09
sz.300317,2021-01-20,2021-03-10
sz.002601,2021-09-14,2021-11-04
sz.300496,2024-03-20,2024-05-08
sh.688077,2023-04-18,2023-06-02
sz.002077,2023-04-13,2023-05-30
sz.301051,2022-08-17,2022-09-29
sz.002602,2024-01-19,2024-03-11
sz.300195,2024-01-11,2024-03-01
sh.688690,2023-04-14,2023-05-31
sh.600183,2024-07-23,2024-09-03
sh.605007,2022-03-02,2022-04-15
sz.300749,2024-01-24,2024-03-14
sh.688155,2022-08-15,2022-09-27
sh.603051,2024-01-22,2024-03-12
sh.603200,2023-02-09,2023-03-23
sh.600763,2021-02-19,2021-04-02
sz.300082,2022-09-15,2022-11-03
sh.688390,2022-11-03,2022-12-15
sz.000710,2024-01-17,2024-03-07
sz.000668,2022-10-21,2022-12-02
sh.688526,2024-10-08,2024-11-19
sh.688023,2024-03-20,2024-05-08
sz.000530,2024-01-19,2024-03-11
sz.002141,2024-03-26,2024-05-15
sz.002389,2024-11-12,2024-12-24
sz.002068,2022-04-15,2022-06-01
sh.603566,2024-05-27,2024-07-09
sz.002579,2024-01-24,2024-03-14
sh.600207,2024-03-13,2024-04-26
sh.688025,2024-06-18,2024-07-30
sz.001368,2024-01-17,2024-03-07
sh.688120,2022-09-20,2022-11-08
sz.002895,2024-01-19,2024-03-11
sh.688073,2023-08-31,2023-10-20
sh.603196,2024-01-25,2024-03-15
sz.000012,2022-04-14,2022-05-31
sz.300499,2023-04-21,2023-06-07
sz.300556,2024-03-21,2024-05-09
sz.301048,2022-09-09,2022-10-31
sh.605133,2023-03-22,2023-05-09
sh.600691,2022-04-12,2022-05-27
sz.301027,2024-08-27,2024-10-17
sh.688292,2023-07-18,2023-08-29
sz.002531,2022-08-18,2022-09-30
sh.688376,2022-12-14,2023-02-02
sz.300948,2021-07-13,2021-08-24
sz.300308,2023-07-17,2023-08-28
sz.300020,2022-04-08,2022-05-25
sz.300127,2024-01-22,2024-03-12
sz.300098,2024-06-21,2024-08-02
sh.688670,2022-04-14,2022-05-31
sz.300880,2023-08-04,2023-09-15
sh.603025,2023-03-07,2023-04-19
sh.600107,2021-01-25,2021-03-15
sz.300100,2021-07-14,2021-08-25
sh.688595,2021-07-26,2021-09-06
sh.688385,2024-03-20,2024-05-08
sz.300553,2023-12-11,2024-01-23
sz.301122,2023-11-29,2024-01-11
sz.300658,2024-01-17,2024-03-07
sz.300189,2022-04-19,2022-06-06
sz.002824,2022-10-13,2022-11-24
sh.600271,2021-01-21,2021-03-11
sh.603618,2024-01-18,2024-03-08
sz.301314,2024-01-29,2024-03-19
sh.600727,2024-07-11,2024-08-22
sz.000025,2024-01-25,2024-03-15
sz.300499,2024-01-16,2024-03-06
sh.603829,2022-01-17,2022-03-07
sz.301162,2024-01-24,2024-03-14
sh.603399,2023-12-06,2024-01-18
sh.600777,2024-05-30,2024-07-12
sz.300659,2024-03-29,2024-05-17
sz.000953,2024-01-19,2024-03-11
sh.688595,2022-07-11,2022-08-22
sz.002584,2021-01-22,2021-03-12
sz.300051,2024-01-17,2024-03-07
sh.603648,2022-04-20,2022-06-07
sz.000711,2023-04-14,2023-06-01
sz.000739,2022-04-06,2022-05-23
sh.603131,2022-03-28,2022-05-16
sh.603682,2022-04-13,2022-05-30
sh.600185,2023-07-04,2023-08-15
sz.301228,2022-04-12,2022-05-27
sz.002775,2022-04-14,2022-05-31
sz.002358,2022-04-14,2022-05-31
sh.688002,2024-04-02,2024-05-21
sz.003040,2021-07-22,2021-09-02
sz.001260,2024-01-25,2024-03-15
sz.000811,2024-01-23,2024-03-13
sh.688071,2024-03-22,2024-05-10
sh.688266,2022-03-30,2022-05-18
sz.000610,2021-07-20,2021-08-31
sz.300887,2021-09-10,2021-11-02
sh.600865,2024-10-31,2024-12-12
sz.300969,2022-01-26,2022-03-16
sh.600371,2022-04-12,2022-05-27
sz.301133,2022-01-12,2022-03-02
sh.601208,2022-09-07,2022-10-27
sh.603280,2024-01-09,2024-02-28
sz.002651,2022-01-07,2022-02-25
sz.301065,2024-08-08,2024-09-23
sh.603960,2021-03-01,2021-04-13
sz.300823,2023-09-28,2023-11-17
sz.002031,2022-08-12,2022-09-26
sz.002453,2024-11-05,2024-12-17
sh.603536,2022-04-13,2022-05-30
sh.600698,2024-01-29,2024-03-19
sz.301185,2023-05-08,2023-06-19
sz.300973,2024-11-11,2024-12-23
sz.002490,2024-01-23,2024-03-13
sz.300819,2021-04-29,2021-06-16
sz.002207,2024-04-08,2024-05-23
sh.600513,2024-01-29,2024-03-19
sz.300883,2024-04-09,2024-05-24
sz.000428,2023-09-13,2023-11-02
sh.603488,2024-01-24,2024-03-14
sh.600855,2024-01-26,2024-03-18
sz.002320,2022-04-14,2022-05-31
sh.603318,2022-03-02,2022-04-15
sh.600777,2024-04-15,2024-05-31
sh.603153,2024-01-26,2024-03-18
sh.603166,2022-03-01,2022-04-14
sh.605266,2022-12-13,2023-02-01
sh.603214,2021-08-18,2021-10-08
sh.603155,2022-04-12,2022-05-27
sh.603938,2021-09-09,2021-11-01
sz.300271,2021-08-26,2021-10-18
sh.600621,2022-04-15,2022-06-01
sh.600683,2023-12-15,2024-01-29
sz.002571,2024-04-01,2024-05-20
sz.000516,2022-02-28,2022-04-13
sh.688291,2024-01-08,2024-02-27
sz.001270,2022-08-10,2022-09-22
sh.688515,2023-10-10,2023-11-21
sz.002481,2021-10-12,2021-11-23
sz.300565,2022-03-24,2022-05-12
sz.301398,2023-08-09,2023-09-20
sh.603289,2022-12-07,2023-01-19
sh.600706,2024-01-18,2024-03-08
sz.301036,2024-05-09,2024-06-21
sh.603266,2022-08-17,2022-09-29
sz.000670,2022-09-02,2022-10-24
sz.000544,2022-07-22,2022-09-02
sh.688266,2022-08-12,2022-09-26
sh.688039,2024-01-05,2024-02-26
sz.301079,2024-07-29,2024-09-09
sz.300619,2023-08-04,2023-09-15
sz.002375,2021-01-22,2021-03-12
sz.000403,2022-03-02,2022-04-15
sh.688519,2021-07-09,2021-08-20
sz.301322,2024-01-18,2024-03-08
sz.301038,2024-01-30,2024-03-20
sh.688630,2022-04-14,2022-05-31
sz.000656,2023-08-07,2023-09-18
sh.603980,2022-04-19,2022-06-06
sz.002780,2024-04-08,2024-05-23
sz.000912,2022-04-14,2022-05-31
sz.002060,2021-09-22,2021-11-10
sz.300812,2023-04-17,2023-06-01
sh.605296,2022-04-12,2022-05-27
sz.300766,2024-01-23,2024-03-13
sz.002642,2023-09-28,2023-11-17
sh.600992,2022-09-14,2022-11-02
sh.605398,2024-03-28,2024-05-16
sh.601636,2023-04-20,2023-06-06
sh.688338,2022-04-12,2022-05-27
sz.300894,2021-07-16,2021-08-27
sz.301378,2024-01-23,2024-03-13
sz.002763,2024-01-18,2024-03-08
sh.688529,2021-09-10,2021-11-02
sz.002613,2024-01-17,2024-03-07
sz.002368,2024-01-03,2024-02-22
sh.600329,2024-01-18,2024-03-08
sz.300532,2024-01-19,2024-03-11
sh.603232,2024-01-25,2024-03-15
sh.688113,2024-01-15,2024-03-05
sz.002712,2024-03-25,2024-05-13
sz.000797,2024-01-25,2024-03-15
sh.688518,2022-03-30,2022-05-18
sz.002176,2024-01-11,2024-03-01
sz.000811,2022-04-08,2022-05-25
sh.601216,2021-09-23,2021-11-11
sz.002490,2021-06-02,2021-07-15
sh.603281,2024-01-17,2024-03-07
sz.002072,2022-02-28,2022-04-13
sz.002379,2021-09-22,2021-11-10
sz.002642,2024-01-18,2024-03-08
sh.603259,2022-01-21,2022-03-11
sh.688215,2024-01-08,2024-02-27
sz.002859,2022-06-28,2022-08-09
sz.000576,2024-04-01,2024-05-20
sh.603256,2024-07-03,2024-08-14
sz.300423,2022-01-13,2022-03-03
sz.001278,2024-01-22,2024-03-12
sz.000738,2021-02-24,2021-04-08
sz.300936,2024-01-17,2024-03-07
sz.002199,2023-12-12,2024-01-24
sz.002176,2023-08-10,2023-09-21
sz.002913,2021-08-25,2021-10-15
sh.688128,2022-01-28,2022-03-18
sh.688592,2024-01-23,2024-03-13
sh.600326,2024-03-29,2024-05-17
sh.603280,2024-01-24,2024-03-14
sh.603444,2024-03-22,2024-05-10
sz.300095,2021-09-22,2021-11-10
sh.601678,2021-10-20,2021-12-01
sz.002575,2024-03-29,2024-05-17
sz.300339,2022-04-01,2022-05-20
sz.002789,2022-09-23,2022-11-11
sz.300701,2021-08-23,2021-10-13
sz.300521,2021-06-17,2021-07-29
sz.002193,2024-01-26,2024-03-18
sz.000762,2022-01-06,2022-02-24
sh.688318,2023-04-12,2023-05-29
sh.688335,2022-04-14,2022-05-31
sh.688227,2024-01-24,2024-03-14
sz.002050,2022-09-29,2022-11-17
sh.688418,2024-04-01,2024-05-20
sh.603658,2021-01-22,2021-03-12
sz.000651,2023-04-25,2023-06-09
sz.300351,2022-08-19,2022-10-10
sh.603189,2023-12-11,2024-01-23
sh.688450,2024-03-29,2024-05-17
sh.605158,2024-01-10,2024-02-29
sz.002011,2022-04-13,2022-06-07
sz.001236,2023-12-07,2024-01-19
sh.688391,2023-04-24,2023-06-08
sz.002654,2024-03-29,2024-05-17
sh.603949,2024-01-12,2024-03-04
sz.300720,2022-04-14,2022-05-31
sz.301568,2024-01-19,2024-03-11
sz.300233,2022-04-11,2022-05-26
sz.300552,2023-11-24,2024-01-08
sz.002686,2022-09-07,2022-10-27
sz.003043,2022-09-08,2022-10-28
sz.300652,2024-01-29,2024-03-19
sz.002161,2024-05-23,2024-07-05
sh.603368,2021-08-13,2021-09-28
sh.603916,2022-06-30,2022-08-11
sh.603650,2022-04-07,2022-05-24
sh.600151,2022-09-09,2022-10-31
sh.603739,2024-05-09,2024-06-21
sh.605499,2021-08-10,2021-09-23
sz.002438,2021-09-24,2021-11-12
sz.002100,2022-09-07,2022-10-27
sz.003016,2024-01-17,2024-03-07
sz.003015,2021-09-09,2021-11-01
sh.688360,2024-01-22,2024-03-12
sz.002289,2023-05-05,2023-06-16
sz.002867,2022-03-08,2022-04-21
sh.603129,2021-01-18,2021-03-08
sz.300399,2024-03-29,2024-05-17
sh.688669,2021-04-20,2021-06-04
sh.600860,2023-04-11,2023-05-26
sh.603915,2024-06-18,2024-07-30
sz.002703,2024-01-08,2024-02-27
sh.688577,2023-04-17,2023-06-01
sz.300204,2021-06-01,2021-07-14
sh.603885,2022-04-15,2022-06-01
sz.301046,2022-08-19,2022-10-10
sh.688622,2022-02-24,2022-04-11
sz.300019,2022-03-01,2022-04-14
sz.002873,2022-04-14,2022-05-31
sz.300898,2022-04-15,2022-06-01
sz.001278,2024-04-01,2024-05-20
sh.603667,2023-12-27,2024-02-08
sh.600756,2024-01-25,2024-03-15
sz.300614,2023-07-14,2023-08-25
sz.002873,2024-01-18,2024-03-22
sz.002975,2021-01-19,2021-03-09
sh.600872,2024-07-02,2024-08-13
sz.000042,2022-09-15,2022-11-03
sz.301182,2023-04-13,2023-05-30
sz.003017,2024-01-17,2024-03-07
sz.300948,2023-08-29,2023-10-18
sz.000903,2023-08-16,2023-09-27
sz.000510,2024-05-21,2024-07-03
sh.603879,2024-05-29,2024-07-11
sz.000988,2022-03-29,2022-05-17
sz.002290,2024-01-22,2024-03-12
sh.605365,2023-09-15,2023-11-06
sz.300193,2022-04-14,2022-05-31
sz.002454,2021-09-15,2021-11-05
sz.002017,2021-01-20,2021-03-10
sh.600770,2022-05-16,2022-06-28
sz.300370,2021-04-22,2021-06-09
sh.688766,2024-07-22,2024-09-02
sh.688161,2022-04-01,2022-05-20
sz.002723,2024-01-26,2024-03-18
sz.301099,2022-01-05,2022-02-23
sz.002232,2023-04-13,2023-05-30
sh.601155,2022-03-02,2022-04-15
sz.300449,2024-01-09,2024-02-28
sz.300162,2022-01-17,2022-03-07
sz.002724,2024-01-19,2024-03-11
sh.600327,2021-06-25,2021-08-06
sh.603399,2022-07-07,2022-08-18
sz.000913,2024-05-14,2024-06-26
sz.300608,2022-04-19,2022-06-06
sz.300126,2024-01-18,2024-03-08
sz.002674,2022-04-18,2022-06-02
sz.002297,2024-01-26,2024-03-18
sz.300266,2023-05-11,2023-06-26
sz.300971,2022-04-19,2022-06-06
sz.300287,2023-04-11,2023-05-26
sz.300537,2021-08-23,2021-10-13
sz.002243,2024-06-21,2024-08-02
sz.300844,2023-07-31,2023-09-11
sz.301211,2022-04-13,2022-05-30
sz.000545,2022-08-18,2022-09-30
sz.002972,2024-01-29,2024-03-19
sz.000756,2023-08-11,2023-09-22
sz.000572,2024-01-26,2024-03-18
sz.300935,2024-01-25,2024-03-15
sh.688516,2021-12-29,2022-02-17
sz.000607,2022-02-16,2022-03-30
sh.688177,2024-06-14,2024-07-26
sz.002209,2024-01-29,2024-03-19
sh.605118,2024-01-09,2024-02-28
sh.603666,2022-08-05,2022-09-19
sh.600960,2024-01-24,2024-03-14
sz.301312,2023-02-07,2023-03-21
sh.601798,2021-12-21,2022-02-09
sh.603396,2024-01-24,2024-03-14
sz.002890,2024-01-08,2024-02-27
sz.002605,2022-01-18,2022-03-08
sz.001306,2024-01-04,2024-02-23
sh.600881,2024-01-24,2024-03-14
sz.002560,2021-01-06,2021-02-24
sh.688496,2023-04-11,2023-05-26
sz.300233,2022-03-28,2022-05-16
sh.600796,2021-01-20,2021-03-10
sz.301068,2022-02-28,2022-04-13
sh.603227,2021-09-17,2021-11-09
sz.003032,2024-04-08,2024-05-23
sz.301129,2024-06-28,2024-08-09
sz.300786,2021-09-06,2021-10-27
sz.300813,2022-12-14,2023-02-02
sh.601899,2022-04-19,2022-06-06
sz.301027,2022-07-05,2022-08-16
sh.688575,2022-01-13,2022-03-03
sz.300041,2022-10-13,2022-11-24
sh.605228,2022-08-17,2022-09-29
sh.688603,2024-06-21,2024-08-02
sh.603058,2024-01-19,2024-03-11
sz.002330,2022-01-25,2022-03-15
sh.600493,2022-01-11,2022-03-01
sh.688076,2022-03-17,2022-05-05
sh.688180,2022-05-20,2022-07-04
sz.300162,2021-01-22,2021-03-12
sh.600523,2023-01-06,2023-02-24
sz.301099,2022-09-14,2022-11-02
sz.001215,2024-06-07,2024-07-22
sz.301052,2022-08-02,2022-09-14
sz.300572,2022-02-15,2022-03-29
sh.603330,2024-01-18,2024-03-08
sz.002696,2023-08-25,2023-10-16
sh.603917,2023-10-09,2023-11-20
sz.002248,2021-04-19,2021-06-03
sz.300209,2024-04-01,2024-05-21
sh.600331,2022-04-15,2022-06-01
sz.300140,2022-04-14,2022-06-15
sz.002321,2021-12-06,2022-01-19
sz.000821,2021-01-27,2021-03-17
sz.000810,2024-01-17,2024-03-07
sz.002803,2023-06-12,2023-07-26
sz.002855,2024-04-03,2024-05-22
sz.300583,2022-12-16,2023-02-06
sh.603098,2022-04-14,2022-05-31
sz.002530,2024-01-19,2024-03-11
sz.300895,2024-03-22,2024-05-10
sz.003025,2024-01-22,2024-03-12
sz.301367,2023-10-16,2023-11-27
sz.002541,2024-01-08,2024-02-27
sz.300735,2024-01-17,2024-03-07
sz.300806,2022-02-21,2022-04-06
sz.000012,2021-07-15,2021-08-26
sz.003041,2022-04-25,2022-06-10
sz.300472,2022-04-13,2022-05-30
sh.688685,2024-01-18,2024-03-08
sz.000520,2022-04-14,2022-05-31
sz.300293,2024-01-19,2024-03-11
sz.301111,2022-04-01,2022-05-20
sh.603517,2024-08-07,2024-09-20
sz.300543,2022-08-18,2022-09-30
sz.002990,2022-04-07,2022-05-24
sz.300890,2022-04-11,2022-05-26
sz.001201,2024-06-28,2024-08-09
sh.688049,2023-04-14,2023-05-31
sz.301255,2024-01-18,2024-03-08
sz.002593,2022-03-01,2022-04-14
sh.603991,2024-01-23,2024-03-13
sz.002239,2023-11-21,2024-01-03
sh.688248,2022-12-08,2023-01-20
sh.600483,2021-09-22,2021-11-10
sz.002368,2023-05-08,2023-06-19
sh.605287,2021-07-14,2021-08-25
sz.300010,2021-03-15,2021-04-27
sz.300288,2022-04-18,2022-06-02
sz.301279,2024-01-25,2024-03-15
sz.300092,2024-03-21,2024-05-09
sh.603399,2024-03-29,2024-05-17
sh.603023,2024-05-20,2024-07-02
sz.300215,2024-06-07,2024-07-22
sz.002861,2022-04-13,2022-05-30
sz.301378,2024-01-29,2024-03-19
sh.600071,2022-05-26,2022-07-08
sz.002878,2022-03-07,2022-04-20
sz.002666,2024-01-08,2024-02-27
sh.603879,2024-04-08,2024-05-24
sh.688711,2022-03-31,2022-05-19
sz.003039,2022-03-02,2022-04-15
sh.600108,2021-01-06,2021-02-24
sh.688208,2022-08-23,2022-10-12
sh.688677,2024-03-26,2024-05-14
sz.000912,2022-04-13,2022-05-30
sh.600589,2022-04-18,2022-06-02
sh.688519,2022-01-17,2022-03-07
sh.600211,2022-03-31,2022-05-19
sh.600162,2022-04-11,2022-05-26
sh.688191,2022-08-17,2022-09-29
sz.300641,2021-09-13,2021-11-03
sh.600078,2024-01-23,2024-03-13
sz.002493,2021-02-25,2021-04-09
sh.688020,2024-01-30,2024-03-20
sz.300480,2021-07-30,2021-09-10
sz.300998,2021-08-13,2021-09-28
sz.300726,2022-04-08,2022-05-25
sz.000715,2023-04-20,2023-06-06
sh.688508,2021-03-03,2021-04-15
sz.300073,2024-01-22,2024-03-12
sh.688390,2023-10-20,2023-12-01
sz.300564,2024-05-22,2024-07-04
sz.000810,2023-06-12,2023-07-31
sz.300093,2024-01-25,2024-03-15
sh.600844,2024-01-19,2024-03-11
sh.600661,2024-03-20,2024-05-08
sz.000697,2023-08-17,2023-09-28
sh.688233,2023-04-18,2023-06-02
sz.002552,2024-07-15,2024-08-26
sz.300460,2023-04-14,2023-06-07
sh.605151,2024-01-24,2024-03-14
sh.688536,2023-08-10,2023-09-21
sz.300578,2024-04-02,2024-05-21
sz.002970,2023-02-17,2023-03-31
sh.603486,2024-01-23,2024-03-13
sh.603197,2024-01-22,2024-03-12
sz.300580,2022-08-17,2022-09-29
sz.000813,2022-04-14,2022-05-31
sh.600967,2021-01-19,2021-03-09
sh.600207,2022-08-23,2022-10-12
sz.300892,2022-04-14,2022-05-31
sh.603160,2021-01-20,2021-03-10
sz.300523,2021-01-22,2021-03-12
sz.000955,2024-01-24,2024-03-14
sh.603123,2022-02-10,2022-03-24
sz.000949,2021-09-09,2021-11-01
sz.002571,2022-04-12,2022-05-27
sh.600235,2024-01-19,2024-03-11
sz.300229,2023-03-02,2023-04-14
sh.603444,2021-01-06,2021-02-24
sh.603032,2024-01-15,2024-03-05
sh.603595,2023-04-17,2023-06-01
sh.600721,2024-01-24,2024-03-14
sh.688037,2024-01-19,2024-03-11
sz.300225,2024-01-04,2024-02-23
sz.300010,2021-07-16,2021-08-27
sz.300777,2024-04-01,2024-05-20
sz.300990,2024-01-09,2024-02-28
sh.603825,2023-12-25,2024-02-06
sz.301179,2024-01-22,2024-03-12
sz.000589,2022-04-14,2022-05-31
sz.002406,2024-01-15,2024-03-05
sz.000702,2024-03-29,2024-05-17
sh.605305,2022-07-22,2022-09-02
sh.600879,2024-11-11,2024-12-23
sh.600410,2024-01-25,2024-03-15
sz.003006,2021-09-06,2021-10-27
sh.603122,2024-01-26,2024-03-18
sz.300936,2021-04-23,2021-06-09
sh.688216,2023-04-17,2023-06-01
sh.688162,2024-01-16,2024-03-06
sh.603132,2024-07-10,2024-08-21
sz.300271,2024-03-25,2024-05-13
sz.002575,2022-09-07,2022-10-27
sz.003028,2024-01-09,2024-02-28
sh.603359,2024-01-31,2024-03-21
sz.002795,2024-05-23,2024-07-05
sz.300919,2022-04-01,2022-05-20
sz.000620,2021-05-31,2021-07-13
sz.000066,2024-11-13,2024-12-25
sh.600678,2022-04-19,2022-06-06
sz.002837,2023-04-25,2023-06-09
sh.688659,2023-07-11,2023-08-22
sz.002679,2021-06-01,2021-07-14
sz.301277,2024-01-19,2024-03-11
sz.000820,2024-04-10,2024-05-27
sz.002907,2022-04-12,2022-05-27
sz.300791,2024-01-16,2024-03-06
sz.300521,2024-01-25,2024-03-15
sh.600231,2022-04-12,2022-05-27
sh.688766,2022-04-06,2022-05-23
sz.000758,2023-05-10,2023-06-21
sz.002382,2022-04-15,2022-06-01
sz.002552,2024-07-12,2024-08-23
sh.603776,2022-04-13,2022-05-30
sz.002900,2024-01-18,2024-03-08
sh.688339,2022-01-18,2022-03-08
sh.603978,2024-08-14,2024-09-27
sz.300697,2021-09-13,2021-11-03
sz.300964,2024-03-29,2024-05-17
sz.002537,2022-12-02,2023-01-16
sz.300338,2022-01-12,2022-03-02
sh.603006,2022-04-22,2022-06-09
sh.688331,2023-03-15,2023-04-27
sh.600985,2021-10-22,2021-12-03
sz.300395,2021-08-31,2021-10-21
sz.300464,2024-03-28,2024-05-16
sh.600744,2021-06-02,2021-07-15
sz.301110,2022-04-13,2022-05-30
sh.600282,2021-09-22,2021-11-10
sh.605186,2022-10-17,2022-11-28
sz.300682,2024-01-18,2024-03-08
sz.300553,2024-01-23,2024-03-13
sh.603828,2024-01-18,2024-03-08
sh.603982,2021-09-15,2021-11-05
sz.000510,2022-06-23,2022-08-04
sz.301101,2022-03-10,2022-04-25
sz.300153,2024-01-22,2024-03-12
sz.002410,2024-01-22,2024-03-12
sz.002418,2022-09-02,2022-10-24
sh.603062,2024-01-08,2024-02-27
sz.002738,2024-01-26,2024-03-18
sz.300585,2023-07-18,2023-08-29
sz.002647,2021-01-25,2021-03-22
sh.600358,2024-04-02,2024-05-21
sz.300624,2023-12-21,2024-02-02
sz.000525,2022-09-13,2022-11-01
sz.300471,2021-12-23,2022-02-11
sz.002512,2024-06-20,2024-08-01
sh.688686,2021-10-20,2021-12-01
sh.603556,2024-10-09,2024-11-20
sz.000810,2022-08-19,2022-10-10
sh.688663,2022-03-30,2022-05-18
sz.301092,2024-01-18,2024-03-08
sh.600768,2024-01-24,2024-03-14
sz.002495,2024-01-24,2024-03-14
sz.300739,2021-01-22,2021-03-12
sz.300719,2024-08-07,2024-09-20
sz.300490,2021-12-13,2022-01-25
sz.002058,2022-04-15,2022-06-02
sh.603040,2024-01-19,2024-03-11
sz.300882,2024-01-19,2024-03-11
sz.300229,2024-03-22,2024-05-10
sz.000920,2021-09-27,2021-11-15
sh.688670,2023-12-25,2024-02-06
sz.300283,2024-01-24,2024-03-14
sh.688265,2024-05-23,2024-07-05
sz.300002,2023-10-13,2023-11-24
sz.002126,2022-08-17,2022-09-29
sz.301045,2023-06-12,2023-07-26
sz.301257,2022-08-09,2022-09-21
sh.600262,2022-01-17,2022-03-07
sh.688005,2022-03-29,2022-05-17
sz.300368,2022-04-15,2022-06-01
sh.600855,2024-11-08,2024-12-20
sz.002707,2022-11-10,2022-12-22
sz.300093,2024-03-29,2024-05-17
sh.601279,2021-06-04,2021-07-19
sz.301297,2024-04-03,2024-05-22
sh.601969,2022-03-02,2022-04-15
sz.301101,2024-08-29,2024-10-21
sz.002842,2024-01-31,2024-03-21
sz.002390,2022-01-14,2022-03-04
sh.603213,2022-01-13,2022-03-03
sz.300046,2024-06-14,2024-07-26
sz.300661,2021-01-21,2021-03-11
sz.300774,2023-08-28,2023-10-17
sz.002837,2022-03-29,2022-05-17
sz.300513,2021-01-22,2021-03-12
sz.300693,2021-12-22,2022-02-10
sh.688121,2024-06-13,2024-07-25
sh.603199,2022-06-29,2022-08-10
sz.300462,2022-04-07,2022-05-24
sh.603721,2023-12-21,2024-02-02
sz.002769,2024-01-24,2024-03-14
sz.002628,2024-01-22,2024-03-12
sh.600721,2021-11-26,2022-01-10
sh.603321,2024-01-19,2024-03-11
sh.601567,2021-09-24,2021-11-12
sh.605179,2024-01-10,2024-02-29
sz.002928,2021-07-02,2021-08-13
sz.002906,2021-02-10,2021-03-31
sz.002574,2021-01-22,2021-03-12
sh.600619,2024-11-11,2024-12-23
sz.301157,2024-01-19,2024-03-11
sh.600776,2021-01-14,2021-03-04
sh.688720,2024-04-01,2024-05-20
sh.688278,2022-01-14,2022-03-04
sz.300311,2022-04-06,2022-05-23
sz.301298,2024-03-29,2024-05-17
sh.688589,2022-01-17,2022-03-07
sh.603559,2023-04-19,2023-06-06
sz.000791,2022-03-01,2022-04-14
sz.300139,2021-01-27,2021-03-17
sz.300321,2024-01-17,2024-03-07
sz.300301,2022-04-12,2022-05-30
sh.605068,2022-04-20,2022-06-07
sz.002291,2023-06-20,2023-08-03
sh.688013,2022-04-18,2022-06-02
sh.603375,2024-03-21,2024-05-09
sh.603309,2022-04-14,2022-05-31
sz.300351,2021-12-23,2022-02-11
sh.603256,2021-09-16,2021-11-08
sh.600936,2022-04-19,2022-06-06
sz.300618,2021-09-14,2021-11-04
sz.002123,2022-04-13,2022-05-30
sh.605178,2024-05-22,2024-07-04
sh.603327,2021-09-09,2021-11-01
sz.300644,2024-01-30,2024-03-20
sh.600470,2024-01-25,2024-03-15
sz.300302,2021-01-13,2021-03-03
sz.003007,2024-03-29,2024-05-17
sh.601929,2024-05-16,2024-06-28
sz.301353,2024-01-19,2024-03-11
sh.603912,2021-07-14,2021-08-25
sz.300499,2022-04-14,2022-05-31
sz.001914,2022-02-22,2022-04-07
sz.002099,2022-04-08,2022-05-25
sh.600727,2024-01-29,2024-03-19
sz.301082,2024-01-22,2024-03-12
sh.603816,2024-11-11,2024-12-23
sh.688383,2024-03-29,2024-05-17
sh.603912,2024-01-24,2024-03-14
sz.300991,2023-04-20,2023-06-06
sh.600418,2023-08-02,2023-09-13
sz.002997,2024-01-19,2024-03-11
sz.000419,2022-04-12,2022-05-27
sz.001223,2024-01-24,2024-03-14
sh.603758,2021-04-16,2021-06-02
sz.002757,2023-04-11,2023-05-26
sh.603721,2022-09-20,2022-11-08
sh.603988,2021-04-09,2021-05-26
sh.688671,2024-01-16,2024-03-06
sh.603052,2023-04-14,2023-05-31
sh.605086,2021-06-02,2021-07-15
sz.000799,2021-07-16,2021-08-27
sh.688158,2023-06-19,2023-08-02
sh.601890,2021-01-25,2021-03-15
sz.000590,2024-01-24,2024-03-14
sh.605050,2021-12-22,2022-02-10
sh.688152,2024-01-08,2024-02-27
sh.688099,2023-08-24,2023-10-13
sz.300103,2024-04-12,2024-05-29
sz.002931,2024-03-29,2024-05-17
sz.300729,2022-02-28,2022-04-13
sz.300101,2023-05-29,2023-07-12
sh.603306,2022-03-02,2022-04-15
sz.300612,2022-04-11,2022-05-26
sz.301002,2022-09-21,2022-11-09
sh.603990,2021-05-27,2021-07-09
sz.300483,2023-10-16,2023-11-27
sh.688450,2024-04-01,2024-05-20
sz.300377,2023-12-13,2024-01-25
sz.300095,2022-07-15,2022-08-26
sz.300860,2022-03-29,2022-05-17
sz.002693,2022-12-12,2023-01-31
sh.688286,2024-01-09,2024-02-28
sz.000762,2024-01-17,2024-03-07
sz.300898,2022-04-14,2022-05-31
sh.688260,2022-04-13,2022-05-30
sz.300960,2024-07-25,2024-09-05
sh.603059,2023-04-13,2023-05-30
sh.688286,2024-01-08,2024-02-27
sz.002489,2022-02-22,2022-04-07
sh.688037,2021-09-30,2021-11-18
sz.000665,2022-02-11,2022-03-25
sz.002838,2024-01-23,2024-03-13
sh.688290,2024-01-19,2024-03-11
sz.300727,2024-01-19,2024-03-11
sh.603839,2024-01-23,2024-03-13
sh.605338,2021-02-09,2021-03-30
sz.300424,2024-01-17,2024-03-07
sh.688232,2023-04-19,2023-06-05
sz.300629,2024-01-23,2024-03-13
sh.600604,2022-04-07,2022-05-24
sh.688717,2024-06-18,2024-07-30
sz.000063,2024-11-11,2024-12-23
sz.002659,2022-04-20,2022-06-07
sz.300241,2024-01-15,2024-03-05
sz.301161,2022-09-16,2022-11-04
sh.600280,2024-04-10,2024-05-27
sh.600525,2021-09-15,2021-11-05
sz.300706,2021-01-25,2021-03-15
sz.002791,2023-04-17,2023-06-01
sz.002192,2021-12-10,2022-01-24
sz.300260,2022-03-21,2022-05-09
sz.300752,2022-09-21,2022-11-09
sh.603396,2022-12-08,2023-01-20
sz.301017,2022-01-12,2022-03-02
sh.603768,2022-09-28,2022-11-16
sz.300473,2022-08-16,2022-09-28
sh.603701,2022-04-12,2022-05-27
sz.002058,2022-06-27,2022-08-08
sh.600571,2023-12-13,2024-01-25
sh.600243,2024-04-01,2024-05-20
sz.300510,2022-09-09,2022-10-31
sz.301047,2021-09-06,2021-10-27
sz.002106,2021-01-21,2021-03-11
sz.300942,2022-12-14,2023-02-02
sh.600082,2024-05-27,2024-07-09
sz.300872,2022-01-17,2022-03-07
sh.603096,2023-05-09,2023-06-20
sz.300267,2022-04-11,2022-05-26
sz.300505,2021-11-01,2021-12-13
sz.002717,2021-11-23,2022-01-05
sh.600241,2024-01-23,2024-03-13
sh.600508,2022-06-13,2022-07-25
sh.688702,2024-03-26,2024-05-14
sz.000591,2022-03-28,2022-05-16
sz.002903,2024-03-29,2024-05-17
sh.688280,2022-08-22,2022-10-11
sh.600021,2021-09-23,2021-11-11
sz.301117,2024-01-16,2024-03-06
sz.000995,2022-01-21,2022-03-11
sh.603655,2022-04-21,2022-06-08
sz.002688,2024-05-21,2024-07-03
sz.300053,2023-12-13,2024-01-25
sh.688581,2024-01-24,2024-03-14
sz.002634,2022-02-23,2022-04-08
sz.300271,2024-01-24,2024-03-14
sh.600802,2024-01-22,2024-03-12
sz.002326,2021-09-15,2021-11-05
sz.300703,2022-10-14,2022-11-25
sz.300621,2024-11-04,2024-12-16
sh.688518,2021-09-06,2021-10-27
sh.688429,2024-01-16,2024-03-06
sh.688101,2022-03-03,2022-04-18
sz.003028,2022-08-15,2022-09-27
sh.601606,2021-11-18,2021-12-30
sz.002800,2022-09-09,2022-10-31
sz.300864,2021-07-16,2021-08-27
sh.688056,2021-06-01,2021-07-14
sz.003029,2021-04-14,2021-05-31
sz.000828,2022-04-12,2022-05-27
sz.301038,2023-11-22,2024-01-04
sz.002488,2022-04-14,2022-05-31
sh.600461,2024-08-15,2024-09-30
sz.002192,2022-04-06,2022-05-23
sz.300014,2022-03-01,2022-04-14
sz.300698,2024-07-11,2024-08-22
sh.688030,2022-04-14,2022-05-31
sz.000403,2021-02-18,2021-04-01
sz.002400,2023-05-10,2023-06-21
sz.300748,2022-03-24,2022-05-12
sh.603728,2022-09-19,2022-11-07
sh.688258,2022-06-13,2022-07-25
sh.600657,2024-11-12,2024-12-24
sh.600095,2021-01-28,2021-03-18
sh.600238,2021-06-15,2021-07-27
sz.300270,2024-01-19,2024-03-11
sz.002208,2024-01-22,2024-03-12
sh.603390,2023-11-08,2023-12-20
sz.300125,2024-05-17,2024-07-01
sh.688090,2024-01-10,2024-02-29
sh.601800,2024-08-26,2024-10-16
sz.300624,2022-01-11,2022-03-01
sh.688135,2022-08-22,2022-10-11
sh.600386,2022-04-18,2022-06-02
sh.600537,2024-05-31,2024-07-15
sh.688426,2022-11-24,2023-01-06
sz.300962,2021-04-15,2021-06-01
sz.000825,2021-09-13,2021-11-03
sh.600201,2024-05-24,2024-07-08
sz.301053,2024-04-10,2024-05-27
sz.300816,2022-01-25,2022-03-15
sh.600936,2022-04-18,2022-06-02
sz.300407,2024-01-26,2024-03-18
sz.002050,2022-02-25,2022-04-12
sz.300840,2024-05-27,2024-07-09
sz.002584,2024-04-09,2024-05-24
sz.300203,2024-01-24,2024-03-14
sh.603390,2024-01-08,2024-02-27
sh.600791,2023-08-30,2023-10-19
sz.002793,2024-06-07,2024-07-22
sz.301515,2023-08-18,2023-10-09
sz.002937,2024-01-17,2024-03-07
sz.301023,2024-01-24,2024-03-14
sz.300720,2022-01-13,2022-03-03
sz.002513,2022-01-13,2022-03-03
sz.300474,2021-11-23,2022-01-05
sz.301159,2024-10-08,2024-11-19
sz.002162,2022-04-14,2022-05-31
sz.002348,2022-03-04,2022-04-19
sh.603026,2022-03-25,2022-05-13
sh.600936,2023-07-27,2023-09-07
sz.002439,2023-12-29,2024-02-20
sz.300995,2022-12-16,2023-02-06
sz.300865,2022-01-11,2022-03-01
sh.600331,2021-01-25,2021-03-15
sz.002869,2024-04-03,2024-05-22
sh.688766,2022-01-20,2022-03-10
sh.603232,2022-04-11,2022-05-26
sz.301499,2024-01-18,2024-03-08
sz.000069,2022-04-18,2022-06-02
sh.603105,2022-01-06,2022-02-24
sz.300159,2021-08-23,2021-10-13
sz.300970,2024-01-17,2024-03-07
sh.605266,2024-06-07,2024-07-22
sz.300688,2022-04-14,2022-05-31
sh.603912,2024-01-23,2024-03-13
sh.605188,2022-04-19,2022-06-06
sz.301205,2023-07-17,2023-08-28
sz.002326,2024-01-23,2024-03-13
sz.300507,2022-06-28,2022-08-09
sh.688076,2021-10-19,2021-11-30
sz.300725,2023-04-10,2023-05-25
sz.300283,2022-04-12,2022-05-27
sz.301321,2024-11-06,2024-12-18
sz.300682,2022-01-21,2022-03-11
sz.002756,2024-06-07,2024-07-22
sh.603298,2022-03-03,2022-04-18
sh.600099,2022-06-02,2022-07-15
sz.000719,2023-08-30,2023-10-19
sz.300332,2022-11-30,2023-01-12
sh.603690,2021-08-24,2021-10-14
sh.688608,2022-04-11,2022-05-26
sh.600456,2021-08-31,2021-10-21
sz.002430,2021-09-07,2021-10-28
sh.603026,2023-04-18,2023-06-02
sz.300501,2022-03-24,2022-05-12
sz.301368,2024-01-04,2024-02-23
sh.600754,2021-02-19,2021-04-02
sz.301023,2024-01-25,2024-03-15
sh.688667,2021-04-29,2021-06-16
sh.688380,2023-04-12,2023-05-29
sz.300267,2022-04-06,2022-05-23
sh.688181,2022-08-18,2022-09-30
sh.688800,2022-03-28,2022-05-16
sz.002527,2022-08-18,2022-09-30
sh.688037,2024-03-27,2024-05-15
sh.688416,2024-06-26,2024-08-07
sh.600258,2021-07-19,2021-08-30
sz.300705,2021-07-20,2021-08-31
sh.601858,2023-06-08,2023-07-24
sz.300491,2021-11-25,2022-01-07
sz.300990,2024-01-16,2024-03-06
sz.003015,2024-01-08,2024-02-27
sz.300500,2024-01-25,2024-03-15
sz.002571,2021-04-14,2021-05-31
sh.688386,2024-01-17,2024-03-07
sz.002012,2024-01-26,2024-03-18
sz.300585,2024-03-29,2024-05-17
sz.002258,2021-09-13,2021-11-03
sh.603917,2022-03-02,2022-04-15
sz.301046,2022-04-08,2022-05-25
sz.000759,2022-09-27,2022-11-15
sz.001318,2022-06-02,2022-07-15
sz.300239,2022-01-11,2022-03-01
sh.600725,2021-09-09,2021-11-01
sz.300042,2022-04-19,2022-06-06
sz.002849,2022-03-30,2022-05-18
sz.300623,2022-04-20,2022-06-07
sh.600493,2022-04-13,2022-05-30
sz.300450,2024-10-08,2024-11-19
sh.688095,2023-03-27,2023-05-12
sz.001311,2023-03-02,2023-04-14
sh.600523,2022-09-13,2022-11-01
sz.300712,2022-04-07,2022-05-24
sz.002213,2022-04-19,2022-06-06
sz.300735,2023-04-12,2023-05-29
sh.688668,2023-03-02,2023-04-14
sh.603982,2024-01-29,2024-03-19
sz.001373,2024-01-08,2024-02-27
sh.603650,2021-11-23,2022-01-05
sz.002374,2022-01-06,2022-02-24
sh.600714,2021-03-03,2021-04-15
sz.300036,2024-01-16,2024-03-06
sz.300998,2021-11-24,2022-01-06
sz.001205,2022-04-11,2022-05-26
sz.002322,2024-07-11,2024-08-22
sz.000676,2021-08-23,2021-10-13
sh.688558,2023-04-12,2023-05-29
sz.300311,2022-04-18,2022-06-02
sz.301155,2022-03-04,2022-04-19
sh.600711,2021-02-23,2021-04-07
sh.605296,2021-07-14,2021-08-25
sh.688286,2024-01-15,2024-03-05
sz.301010,2024-01-30,2024-03-20
sh.600346,2021-02-22,2021-04-06
sh.688390,2024-08-07,2024-09-20
sz.003012,2022-04-11,2022-05-26
sh.688488,2021-01-06,2021-02-24
sz.002068,2024-01-22,2024-03-12
sh.688399,2022-01-14,2022-03-04
sz.300675,2022-02-11,2022-03-25
sh.603583,2024-07-11,2024-08-22
sz.002624,2021-07-15,2021-08-26
sh.688316,2024-01-19,2024-03-11
sh.603113,2021-09-13,2021-11-03
sh.688607,2021-09-30,2021-11-18
sh.600328,2021-09-23,2021-11-11
sh.600826,2024-01-24,2024-03-14
sz.002933,2021-01-26,2021-03-16
sz.300141,2021-01-22,2021-03-12
sz.002803,2023-03-24,2023-05-11
sh.600882,2021-02-08,2021-03-29
sz.002046,2024-01-09,2024-02-28
sz.300584,2022-12-13,2023-02-01
sh.600096,2021-09-16,2021-11-08
sz.002021,2023-12-26,2024-02-08
sh.600658,2021-09-10,2021-11-02
sh.688019,2022-09-19,2022-11-07
sz.002977,2022-04-12,2022-05-27
sz.001201,2023-04-14,2023-05-31
sh.688183,2022-08-18,2022-09-30
sz.002324,2022-04-14,2022-05-31
sz.300775,2024-08-14,2024-09-27
sh.605266,2024-06-28,2024-08-09
sz.301162,2022-08-23,2022-10-12
sh.688031,2024-01-19,2024-03-11
sz.300205,2021-01-21,2021-03-11
sh.600754,2021-09-08,2021-10-29
sh.603025,2021-01-06,2021-02-24
sz.002227,2024-01-29,2024-03-19
sz.300242,2023-05-11,2023-06-26
sz.300418,2022-04-12,2022-05-27
sh.688408,2021-04-21,2021-06-07
sh.688308,2022-08-10,2022-09-22
sh.688611,2021-12-23,2022-02-11
sz.300239,2022-09-14,2022-11-02
sz.002282,2024-01-09,2024-02-28
sz.300404,2021-06-29,2021-08-10
sz.300592,2021-01-26,2021-03-16
sz.300619,2021-09-15,2021-11-05
sh.688089,2024-05-06,2024-06-18
sz.002848,2024-01-30,2024-03-20
sz.002847,2021-07-19,2021-08-30
sz.002213,2022-09-16,2022-11-04
sz.300120,2024-07-16,2024-08-27
sz.002052,2024-08-29,2024-10-21
sh.688622,2024-01-18,2024-03-08
sh.600523,2021-09-13,2021-11-03
sh.688161,2021-07-14,2021-08-25
sz.002861,2021-07-12,2021-08-23
sz.000598,2024-08-15,2024-09-30
sz.300542,2022-12-06,2023-01-18
sh.603317,2022-01-07,2022-02-25
sz.002059,2023-04-19,2023-06-05
sz.300995,2022-04-12,2022-05-27
sh.603155,2024-04-02,2024-05-21
sz.300598,2022-04-18,2022-06-02
sh.688416,2024-04-09,2024-05-24
sh.688076,2021-06-01,2021-07-14
sh.688202,2022-01-12,2022-03-02
sh.600708,2022-04-20,2022-06-07
sz.300398,2024-01-22,2024-03-12
sz.300638,2021-08-20,2021-10-12
sz.002182,2022-10-19,2022-11-30
sh.600378,2022-04-11,2022-05-26
sh.688306,2024-01-24,2024-03-14
sz.002514,2022-08-18,2022-09-30
sz.000710,2021-01-22,2021-03-12
sz.002980,2022-08-22,2022-10-11
sz.300771,2023-04-17,2023-06-01
sz.300339,2021-07-14,2021-08-25
sz.000949,2022-04-19,2022-06-06
sh.601999,2023-05-16,2023-06-29
sz.002671,2024-01-18,2024-03-08
sz.003007,2023-04-24,2023-06-08
sz.002713,2022-09-22,2022-11-10
sz.301125,2024-03-29,2024-05-17
sh.603966,2021-05-17,2021-06-29
sz.301087,2022-03-14,2022-04-27
sz.301380,2024-04-03,2024-05-22
sz.300620,2024-01-25,2024-03-15
sh.603728,2022-08-17,2022-09-29
sz.000691,2024-03-28,2024-05-16
sh.600461,2024-08-21,2024-10-11
sh.688659,2022-08-22,2022-10-11
sz.003038,2024-01-25,2024-03-15
sz.300198,2024-04-11,2024-05-28
sz.002915,2024-04-01,2024-05-20
sh.600026,2022-03-03,2022-04-18
sh.600257,2024-05-23,2024-07-05
sh.688662,2024-03-29,2024-05-17
sz.002689,2024-04-03,2024-05-22
sz.002762,2023-02-01,2023-03-15
sz.300238,2024-04-01,2024-05-20
sh.603960,2021-01-21,2021-03-11
sh.603838,2022-04-14,2022-05-31
sh.603608,2024-01-30,2024-03-20
sh.688317,2021-03-01,2021-04-13
sz.002995,2024-01-24,2024-03-14
sz.300072,2024-01-23,2024-03-13
sz.002237,2022-04-12,2022-05-27
sh.688718,2022-04-11,2022-05-26
sz.300772,2022-01-26,2022-03-16
sz.300135,2023-12-06,2024-01-18
sz.000929,2024-03-29,2024-05-17
sz.300945,2021-02-22,2021-04-06
sz.300255,2024-01-19,2024-03-11
sz.000612,2022-04-15,2022-06-01
sz.002076,2022-04-07,2022-05-25
sz.003030,2022-06-29,2022-08-10
sz.002890,2022-04-14,2022-05-31
sz.301192,2022-09-14,2022-11-02
sh.688609,2024-06-13,2024-07-25
sz.000603,2022-03-01,2022-04-14
sz.300489,2021-09-13,2021-11-03
sh.600318,2022-11-11,2022-12-23
sz.000911,2024-04-12,2024-05-29
sz.002782,2022-01-13,2022-03-03
sh.603665,2024-08-06,2024-09-19
sz.300504,2024-01-24,2024-03-14
sh.600956,2021-04-07,2021-05-24
sh.603278,2022-01-13,2022-03-03
sz.002317,2024-01-18,2024-03-08
sh.603028,2024-01-10,2024-02-29
sz.300899,2021-04-13,2021-05-28
sh.600165,2024-05-23,2024-07-05
sh.688768,2024-03-28,2024-05-16
sh.688662,2023-08-09,2023-09-20
sz.000533,2022-01-17,2022-03-07
sz.300166,2024-01-23,2024-03-13
sz.300192,2024-01-22,2024-03-12
sz.300766,2022-04-13,2022-05-30
sz.002328,2022-08-17,2022-09-29
sz.300731,2022-03-02,2022-04-15
sh.688408,2022-04-14,2022-05-31
sh.603806,2022-09-13,2022-11-01
sh.688328,2022-08-15,2022-09-27
sh.603505,2021-12-14,2022-01-26
sh.603408,2024-01-23,2024-03-13
sz.000568,2021-02-05,2021-03-26
sz.002800,2023-04-28,2023-06-14
sh.603661,2024-01-24,2024-03-14
sh.603883,2024-06-07,2024-07-22
sh.600650,2022-04-11,2022-05-26
sh.688633,2024-01-19,2024-03-11
sh.688141,2023-04-21,2023-06-07
sh.603109,2024-03-01,2024-04-16
sz.300660,2021-12-21,2022-02-09
sz.300432,2021-10-27,2021-12-08
sz.002207,2024-05-21,2024-07-03
sz.002053,2022-03-24,2022-05-12
sh.688356,2021-06-30,2021-08-11
sz.300506,2024-01-18,2024-03-08
sz.002250,2023-04-20,2023-06-06
sz.300579,2024-03-29,2024-05-17
sz.301377,2024-01-05,2024-02-26
sz.000564,2023-04-25,2023-06-09
sh.603283,2024-03-22,2024-05-10
sz.002572,2022-06-27,2022-08-08
sz.300221,2021-01-26,2021-03-16
sh.688006,2022-02-25,2022-04-12
sz.002713,2024-03-29,2024-05-17
sh.688793,2021-11-23,2022-01-05
sh.603381,2024-07-01,2024-08-12
sh.603619,2022-09-14,2022-11-02
sz.000980,2022-12-14,2023-02-02
sh.603613,2024-01-08,2024-02-27
sz.002101,2022-01-21,2022-03-11
sz.002317,2023-05-26,2023-07-11
sz.300921,2024-10-08,2024-11-19
sz.301076,2021-10-13,2021-11-24
sz.300690,2023-04-10,2023-05-25
sh.603665,2021-07-28,2021-09-08
sh.603139,2024-04-12,2024-05-29
sz.002086,2022-01-14,2022-03-04
sz.002632,2022-08-22,2022-10-11
sh.603289,2022-12-02,2023-01-16
sz.300198,2024-11-13,2024-12-25
sz.002897,2021-04-22,2021-06-08
sh.600509,2024-01-05,2024-02-26
sh.603806,2023-08-10,2023-09-21
sh.600860,2022-09-15,2022-11-03
sz.002441,2022-08-18,2022-09-30
sz.300859,2022-04-22,2022-06-10
sh.603709,2021-04-28,2021-06-15
sz.002723,2022-01-21,2022-03-11
sh.600507,2021-09-14,2021-11-04
sz.300241,2021-07-30,2021-09-10
sh.600732,2022-03-02,2022-04-15
sz.002955,2024-07-11,2024-08-22
sz.300062,2022-01-13,2022-03-03
sz.000503,2024-10-23,2024-12-04
sh.600199,2021-01-26,2021-03-16
sz.300904,2023-09-18,2023-11-07
sh.603227,2021-09-13,2021-11-03
sz.300228,2021-09-10,2021-11-02
sz.300920,2022-04-15,2022-06-01
sh.600072,2022-04-12,2022-05-27
sz.300051,2024-04-03,2024-05-22
sh.688210,2022-04-11,2022-05-26
sz.300919,2022-04-11,2022-05-26
sz.300105,2022-03-02,2022-04-15
sh.603109,2022-09-08,2022-10-28
sz.000691,2024-04-02,2024-05-21
sh.688103,2022-04-12,2022-05-27
sz.000923,2021-10-19,2021-11-30
sh.600691,2021-10-25,2021-12-06
sz.300496,2024-01-18,2024-03-08
sz.300563,2021-04-30,2021-06-17
sz.002609,2022-04-12,2022-05-27
sh.603023,2024-04-09,2024-05-27
sz.002188,2022-04-13,2022-05-30
sh.603186,2021-08-11,2021-09-24
sz.000062,2022-09-20,2022-11-08
sz.002201,2024-01-23,2024-03-13
sz.002037,2022-09-02,2022-10-24
sz.000546,2024-10-08,2024-11-19
sz.300006,2022-01-12,2022-03-02
sz.300298,2021-03-03,2021-04-15
sz.002888,2023-03-27,2023-05-12
sh.600745,2024-01-22,2024-03-12
sz.300920,2024-01-09,2024-02-28
sz.002991,2022-01-06,2022-02-24
sh.605090,2022-04-14,2022-05-31
sz.300351,2024-01-04,2024-02-23
sz.000838,2022-09-14,2022-11-02
sz.300455,2024-11-11,2024-12-23
sh.688127,2022-01-19,2022-03-09
sz.300769,2022-11-15,2022-12-27
sh.603876,2021-10-26,2021-12-07
sz.002729,2024-01-19,2024-03-11
sz.300859,2024-11-12,2024-12-24
sh.603225,2022-01-13,2022-03-03
sz.002769,2024-04-10,2024-05-27
sh.688246,2024-05-23,2024-07-05
sz.000037,2021-10-08,2021-11-19
sh.600641,2022-03-01,2022-04-14
sz.002121,2022-12-09,2023-01-30
sz.300458,2022-04-19,2022-06-06
sz.001266,2024-01-25,2024-03-15
sz.003005,2022-08-23,2022-10-12
sz.300390,2021-12-13,2022-01-25
sh.603985,2021-12-30,2022-02-18
sz.002055,2022-08-18,2022-09-30
sz.001309,2024-07-12,2024-08-23
sz.000670,2022-09-14,2022-11-03
sz.300949,2023-07-26,2023-09-06
sh.603032,2024-11-15,2024-12-27
sz.003039,2022-01-12,2022-03-02
sz.300870,2022-01-26,2022-03-16
sz.300987,2022-01-17,2022-03-07
sh.600711,2021-03-11,2021-04-23
sz.301361,2023-07-18,2023-08-29
sh.688103,2024-03-29,2024-05-17
sh.603839,2024-01-05,2024-02-26
sz.300604,2021-04-26,2021-06-10
sz.002253,2022-04-08,2022-05-25
sz.000516,2021-07-01,2021-08-12
sh.600506,2021-04-13,2021-05-31
sh.605167,2024-01-18,2024-03-08
sz.002735,2024-03-25,2024-05-13
sh.603138,2024-01-19,2024-03-11
sz.002329,2024-05-23,2024-07-05
sz.002802,2024-01-23,2024-03-13
sh.688095,2023-07-24,2023-09-04
sz.300290,2024-01-25,2024-03-15
sz.002678,2024-01-24,2024-03-14
sz.300588,2023-10-10,2023-11-21
sh.600173,2024-01-25,2024-03-15
sz.300360,2021-12-16,2022-01-28
sz.002512,2022-08-12,2022-09-26
sh.600396,2022-03-23,2022-05-11
sh.603696,2024-01-29,2024-03-19
sz.300342,2022-03-02,2022-04-15
sz.000903,2024-04-03,2024-05-22
sz.002122,2024-03-29,2024-05-17
sz.002528,2023-03-29,2023-05-16
sz.000683,2021-09-27,2021-11-15
sh.603628,2024-01-16,2024-03-06
sz.002358,2021-01-25,2021-03-15
sz.002303,2024-05-20,2024-07-02
sz.000533,2022-01-14,2022-03-04
sz.002850,2022-04-06,2022-05-23
sz.300618,2024-01-23,2024-03-13
sz.300901,2024-08-15,2024-09-30
sz.300462,2024-08-09,2024-09-24
sh.688536,2022-09-19,2022-11-07
sz.002178,2022-03-24,2022-05-12
sz.002785,2023-01-20,2023-03-10
sz.300272,2021-10-12,2021-11-23
sz.000718,2021-07-01,2021-08-12
sh.603439,2022-04-12,2022-05-27
sz.300076,2023-04-12,2023-05-29
sh.600793,2021-06-09,2021-07-22
sz.002802,2024-05-29,2024-07-11
sh.600818,2021-05-14,2021-06-28
sz.002682,2022-04-11,2022-05-26
sh.688133,2022-09-13,2022-11-01
sh.603298,2023-10-11,2023-11-22
sh.688003,2022-08-15,2022-09-27
sh.605188,2023-11-28,2024-01-10
sh.603758,2022-08-17,2022-09-29
sz.002044,2021-03-03,2021-04-15
sz.300254,2022-01-14,2022-03-04
sz.300528,2022-04-14,2022-05-31
sh.688648,2024-01-26,2024-03-18
sz.301361,2024-01-19,2024-03-11
sz.002426,2024-01-24,2024-03-14
sz.002979,2023-04-12,2023-05-29
sh.605117,2023-11-21,2024-01-03
sz.300140,2021-10-12,2021-11-23
sz.300530,2021-04-16,2021-06-03
sz.300802,2023-04-19,2023-06-05
sh.600801,2021-09-10,2021-11-02
sh.600096,2021-07-20,2021-08-31
sz.002153,2023-04-04,2023-05-22
sz.000595,2022-04-13,2022-05-30
sz.301001,2022-04-12,2022-05-27
sh.601990,2022-04-20,2022-06-07
sz.300485,2024-01-23,2024-03-13
sz.002861,2024-01-22,2024-03-12
sz.301082,2024-06-19,2024-07-31
sz.300969,2024-01-24,2024-03-14
sh.603898,2021-05-11,2021-06-23
sz.300268,2023-10-11,2023-11-22
sz.300265,2024-01-10,2024-02-29
sz.300873,2022-04-11,2022-05-26
sh.600136,2022-09-13,2022-11-01
sz.300715,2024-05-22,2024-07-04
sh.603122,2024-01-25,2024-03-15
sh.688131,2023-11-23,2024-01-05
sz.003019,2021-11-25,2022-01-07
sz.002272,2023-04-11,2023-05-26
sh.603306,2021-08-12,2021-09-27
sz.300147,2022-12-16,2023-02-06
sz.300471,2022-04-06,2022-05-23
sz.300685,2022-01-24,2022-03-14
sz.000070,2022-12-06,2023-01-18
sh.688118,2022-02-24,2022-04-11
sh.688008,2021-02-10,2021-03-31
sz.002388,2024-09-09,2024-10-30
sh.600405,2024-04-03,2024-05-22
sz.002796,2024-04-03,2024-05-22
sh.603505,2021-09-13,2021-11-03
sz.002745,2022-09-05,2022-10-25
sh.688627,2023-12-28,2024-02-19
sz.300102,2024-01-25,2024-03-15
sz.002536,2024-01-08,2024-02-27
sh.688702,2023-12-27,2024-02-08
sh.688689,2022-03-01,2022-04-14
sz.002922,2024-01-22,2024-03-12
sh.603326,2022-04-12,2022-05-27
sh.605305,2022-09-09,2022-10-31
sz.300329,2022-03-01,2022-04-14
sh.605117,2023-07-06,2023-08-17
sh.600358,2022-04-07,2022-05-24
sz.002196,2024-01-15,2024-03-05
sh.605300,2022-01-13,2022-03-03
sz.000153,2022-12-07,2023-02-09
sh.600255,2021-03-18,2021-04-30
sz.000603,2024-07-16,2024-08-27
sh.603050,2024-06-26,2024-08-08
sh.600223,2021-07-19,2021-08-30
sz.000718,2021-07-02,2021-08-13
sz.002622,2024-04-02,2024-05-21
sh.688232,2022-03-04,2022-04-19
sh.688026,2022-12-12,2023-01-31
sz.300939,2024-01-09,2024-02-28
sh.688353,2023-04-17,2023-06-01
sh.688127,2021-03-03,2021-04-15
sh.600228,2024-01-24,2024-03-14
sz.300450,2022-03-31,2022-05-19
sh.688525,2024-01-18,2024-03-08
sh.603535,2022-03-02,2022-04-15
sh.600446,2023-05-09,2023-07-06
sh.603008,2022-07-01,2022-08-12
sz.002758,2022-02-24,2022-04-11
sz.300486,2023-05-26,2023-07-11
sz.300746,2024-04-03,2024-05-22
sz.300859,2023-04-17,2023-06-02
sh.688026,2022-04-12,2022-05-27
sh.601811,2023-06-09,2023-07-25
sh.688435,2023-06-13,2023-07-27
sz.300551,2024-03-21,2024-05-09
sz.300568,2021-07-12,2021-08-23
sh.600593,2024-01-18,2024-03-08
sh.688699,2023-04-11,2023-05-26
sz.002452,2022-04-20,2022-06-07
sh.600549,2021-09-17,2021-11-09
sz.300323,2022-02-23,2022-04-08
sh.603663,2023-11-22,2024-01-04
sh.603286,2022-04-20,2022-06-07
sz.002918,2022-07-11,2022-08-22
sz.000700,2021-09-13,2021-11-03
sh.603567,2022-04-14,2022-05-31
sh.688029,2022-04-20,2022-06-07
sh.688278,2022-03-01,2022-04-14
sh.600882,2022-02-28,2022-04-13
sz.301300,2024-07-09,2024-08-20
sz.000656,2022-05-10,2022-06-22
sz.002559,2023-11-29,2024-01-11
sz.002428,2024-09-02,2024-10-23
sz.002227,2022-08-29,2022-10-18
sz.300901,2022-01-13,2022-03-03
sz.301019,2024-01-25,2024-03-15
sz.301177,2022-04-13,2022-05-30
sh.600121,2021-01-11,2021-03-01
sz.300260,2022-04-11,2022-05-26
sh.603568,2022-10-18,2022-11-29
sh.600734,2022-06-08,2022-07-21
sh.603685,2022-04-14,2022-05-31
sz.002727,2024-05-24,2024-07-08
sz.000997,2024-01-19,2024-03-11
sz.002375,2021-04-26,2021-06-10
sz.300171,2022-01-12,2022-03-02
sh.600250,2024-04-12,2024-06-13
sz.300337,2024-11-14,2024-12-26
sh.688185,2021-10-19,2021-11-30
sz.002676,2024-06-11,2024-07-23
sz.300251,2023-04-12,2023-05-29
sh.688701,2024-06-26,2024-08-07
sz.301312,2022-08-19,2022-10-10
sh.600152,2024-09-04,2024-10-25
sz.000504,2024-04-01,2024-05-20
sh.688029,2022-04-18,2022-06-02
sz.300978,2022-03-25,2022-05-13
sz.000589,2022-04-13,2022-05-30
sz.301158,2022-03-03,2022-04-18
sh.600187,2023-01-03,2023-02-21
sh.603616,2022-04-12,2022-05-27
sh.603439,2021-04-19,2021-06-03
sz.300559,2021-01-27,2021-03-17
sz.301027,2024-04-01,2024-05-20
sh.601515,2024-01-22,2024-03-12
sz.300745,2024-01-18,2024-03-08
sz.301025,2024-01-19,2024-03-11
sh.688627,2024-01-16,2024-03-06
sz.002436,2022-04-12,2022-05-27
sz.002791,2024-06-05,2024-07-18
sz.002133,2021-10-18,2021-11-29
sz.002107,2024-01-09,2024-02-28
sz.000963,2024-01-16,2024-03-06
sz.002861,2024-01-08,2024-02-27
sh.603272,2024-01-18,2024-03-08
sz.300859,2022-04-18,2022-06-06
sh.603608,2024-04-03,2024-05-23
sz.300311,2022-01-19,2022-03-09
sz.300736,2024-06-14,2024-07-26
sz.301068,2023-06-02,2023-07-18
sh.688372,2024-06-18,2024-07-30
sz.000776,2021-09-23,2021-11-11
sz.000692,2022-04-13,2022-05-30
sh.600653,2024-01-26,2024-03-18
sz.002549,2021-04-09,2021-05-26
sh.688559,2021-08-13,2021-09-28
sh.603908,2024-04-12,2024-05-29
sz.300547,2022-02-23,2022-04-08
sh.603236,2021-07-13,2021-08-24
sz.002591,2022-09-21,2022-11-09
sz.000504,2022-01-12,2022-03-02
sz.300255,2021-10-14,2021-11-25
sz.002876,2022-03-01,2022-04-14
sh.600684,2022-04-11,2022-05-26
sh.600243,2024-01-26,2024-03-18
sh.601636,2022-03-03,2022-04-18
sz.300031,2022-03-31,2022-05-19
sh.688595,2022-04-12,2022-05-27
sh.688361,2023-12-27,2024-02-08
sz.003007,2022-03-16,2022-04-29
sz.002349,2022-03-25,2022-05-13
sz.002436,2022-09-09,2022-10-31
sz.300567,2021-08-26,2021-10-18
sz.000615,2022-01-06,2022-02-24
sz.300292,2022-04-13,2022-05-30
sz.300590,2023-04-20,2023-06-06
sz.300840,2022-01-13,2022-03-03
sz.002289,2024-01-25,2024-03-15
sz.301048,2023-05-10,2023-06-21
sh.603000,2023-06-27,2023-08-08
sz.002453,2021-01-26,2021-03-16
sz.300985,2022-01-11,2022-03-01
sh.605090,2022-03-04,2022-04-19
sz.300978,2022-03-23,2022-05-11
sz.002531,2022-04-07,2022-05-24
sz.300753,2022-12-13,2023-02-01
sz.300051,2022-04-19,2022-06-07
sh.603048,2024-01-25,2024-03-15
sz.300295,2024-05-27,2024-07-09
sz.300255,2024-01-18,2024-03-08
sh.688819,2021-08-27,2021-10-19
sz.002809,2022-04-19,2022-06-06
sh.688135,2024-01-17,2024-03-07
sz.301179,2023-07-12,2023-08-23
sz.002342,2021-01-22,2021-03-12
sz.300752,2024-01-16,2024-03-06
sh.688200,2023-12-25,2024-02-06
sh.600208,2024-06-20,2024-08-01
sh.600021,2022-09-14,2022-11-02
sh.603363,2024-04-08,2024-05-24
sz.300374,2024-01-26,2024-03-18
sz.300490,2022-08-24,2022-10-13
sz.002617,2021-12-14,2022-01-26
sz.300619,2024-01-29,2024-03-19
sz.300588,2024-01-18,2024-03-08
sh.688386,2021-10-25,2021-12-06
sh.603825,2021-07-13,2021-08-24
sz.000034,2024-06-14,2024-07-26
sh.603759,2021-04-20,2021-06-04
sz.300860,2021-03-31,2021-05-18
sh.603119,2024-07-15,2024-08-26
sh.688092,2022-08-18,2022-09-30
sh.688090,2024-01-16,2024-03-06
sz.002738,2022-03-29,2022-05-17
sz.002585,2022-10-18,2022-11-29
sh.600814,2023-09-19,2023-11-08
sh.603920,2022-03-30,2022-05-18
sz.002174,2024-01-25,2024-03-15
sz.300098,2021-07-14,2021-08-25
sh.603151,2024-01-23,2024-03-13
sh.600319,2024-01-22,2024-03-12
sh.600243,2023-09-26,2023-11-15
sh.600143,2021-10-13,2021-11-24
sz.300943,2022-08-17,2022-09-29
sz.300136,2024-01-16,2024-03-06
sz.301421,2024-06-20,2024-08-01
sz.002922,2022-08-19,2022-10-10
sz.000656,2021-10-25,2021-12-06
sz.000592,2024-01-25,2024-03-15
sz.000922,2021-09-17,2021-11-09
sh.688525,2023-12-12,2024-01-24
sz.300602,2023-10-11,2023-11-22
sz.300335,2024-01-19,2024-03-11
sh.688599,2022-03-22,2022-05-10
sh.603396,2021-09-15,2021-11-05
sz.002137,2022-10-25,2022-12-06
sh.603727,2023-04-20,2023-06-06
sh.603011,2024-01-03,2024-02-22
sz.002756,2021-12-30,2022-02-18
sh.603385,2022-04-12,2022-05-27
sz.002881,2023-04-18,2023-06-02
sz.300428,2022-04-11,2022-05-26
sz.002210,2021-05-07,2021-06-21
sh.600078,2021-09-23,2021-11-11
sz.002289,2024-04-08,2024-05-23
sh.600675,2022-04-19,2022-06-06
sz.002369,2022-03-01,2022-04-14
sz.300342,2021-04-20,2021-06-04
sz.003009,2022-03-01,2022-04-14
sz.300852,2021-04-22,2021-06-08
sz.300661,2024-01-03,2024-02-22
sh.600630,2024-03-29,2024-05-17
sz.300404,2021-10-12,2021-11-23
sz.002772,2022-04-21,2022-06-08
sz.300677,2022-04-19,2022-06-06
sh.603312,2024-01-26,2024-03-18
sh.605255,2024-08-20,2024-10-10
sz.301555,2023-11-21,2024-01-03
sz.300741,2022-03-01,2022-04-14
sz.002409,2023-07-14,2023-08-25
sh.600123,2021-09-23,2021-11-11
sz.300340,2021-01-27,2021-03-17
sz.300518,2024-03-29,2024-05-17
sz.300234,2021-04-14,2021-05-31
sh.603028,2024-01-17,2024-03-07
sz.300556,2024-01-17,2024-03-07
sz.300269,2024-05-31,2024-07-15
sz.002912,2022-04-14,2022-05-31
sz.300568,2021-08-06,2021-09-17
sh.603088,2022-04-11,2022-05-26
sz.002463,2023-04-28,2023-06-14
sz.300468,2024-01-24,2024-03-14
sz.300551,2024-04-12,2024-05-29
sz.300045,2022-04-14,2022-05-31
sh.605122,2021-07-14,2021-08-25
sz.301005,2021-11-22,2022-01-04
sz.301368,2023-09-27,2023-11-16
sh.605567,2024-01-22,2024-03-12
sz.002467,2024-01-22,2024-03-12
sz.301488,2024-01-18,2024-03-08
sh.600215,2024-01-26,2024-03-18
sz.300385,2024-01-22,2024-03-12
sh.605089,2021-06-09,2021-07-22
sz.300604,2023-08-14,2023-09-25
sz.300651,2024-01-23,2024-03-13
sh.603615,2021-10-13,2021-11-24
sh.603217,2024-01-25,2024-03-15
sz.300213,2022-04-11,2022-05-26
sh.603458,2024-01-18,2024-03-08
sz.300111,2024-01-17,2024-03-07
sh.688689,2024-01-26,2024-03-18
sh.688486,2024-01-17,2024-03-07
sz.000421,2021-10-08,2021-11-19
sh.600136,2021-07-20,2021-08-31
sz.301122,2023-04-20,2023-06-06
sz.002130,2022-09-14,2022-11-02
sz.301098,2024-01-23,2024-03-13
sz.301566,2024-06-18,2024-07-30
sz.000590,2024-01-18,2024-03-08
sz.300613,2022-01-18,2022-03-08
sz.301349,2024-01-11,2024-03-01
sz.301292,2024-03-13,2024-04-26
sz.002527,2024-01-19,2024-03-11
sz.002879,2024-01-23,2024-03-13
sh.603666,2022-08-11,2022-09-23
sh.688116,2022-03-30,2022-05-18
sz.300488,2022-04-12,2022-05-27
sh.688408,2022-01-07,2022-02-25
sz.002907,2023-08-16,2023-09-27
sz.301348,2024-06-17,2024-07-29
sz.300740,2022-02-28,2022-04-13
sh.688677,2022-01-13,2022-03-03
sz.000056,2024-04-03,2024-05-22
sz.300077,2024-10-31,2024-12-12
sh.600381,2022-01-14,2022-03-04
sz.000099,2022-03-01,2022-04-14
sh.600973,2024-01-24,2024-03-14
sz.301176,2024-01-23,2024-03-13
sh.688598,2021-02-03,2021-03-24
sz.002987,2022-03-31,2022-05-19
sz.002197,2023-04-14,2023-05-31
sz.000712,2022-04-14,2022-05-31
sz.300578,2022-09-09,2022-10-31
sz.300401,2024-08-08,2024-09-23
sz.300461,2024-01-29,2024-03-19
sz.300010,2022-06-17,2022-07-29
sz.301267,2024-06-14,2024-07-26
sh.603158,2021-09-09,2021-11-01
sz.300830,2021-04-27,2021-06-11
sh.603701,2023-02-08,2023-03-22
sz.300678,2024-03-25,2024-05-13
sz.002574,2021-10-13,2021-11-24
sz.002554,2021-10-25,2021-12-06
sz.301307,2024-01-11,2024-03-01
sz.300300,2024-03-28,2024-05-17
sz.002291,2024-01-24,2024-03-14
sh.688181,2024-03-29,2024-05-17
sz.301099,2023-04-19,2023-06-05
sz.000889,2024-01-23,2024-03-13
sz.300671,2022-03-28,2022-05-16
sz.301222,2024-01-26,2024-03-18
sz.002009,2024-01-16,2024-03-06
sz.002976,2024-03-28,2024-05-16
sz.000973,2022-04-14,2022-05-31
sh.688327,2022-08-16,2022-09-28
sh.688772,2024-01-02,2024-02-21
sh.600812,2022-05-16,2022-06-28
sz.301026,2022-03-03,2022-04-18
sz.301272,2024-01-17,2024-03-07
sz.002189,2022-04-13,2022-05-30
sz.002980,2022-01-20,2022-03-10
sz.002009,2023-12-25,2024-02-06
sh.688011,2023-04-11,2023-05-26
sz.300410,2024-01-30,2024-03-20
sz.301015,2021-07-12,2021-08-23
sz.001206,2024-03-21,2024-05-09
sh.688167,2022-03-28,2022-05-16
sz.300266,2024-06-07,2024-07-22
sh.688013,2022-04-13,2022-05-30
sh.600051,2022-04-14,2022-05-31
sh.688103,2024-01-15,2024-03-05
sz.301060,2023-04-19,2023-06-05
sz.300479,2021-07-06,2021-08-17
sh.688786,2021-09-22,2021-11-10
sh.603353,2021-02-23,2021-04-07
sz.002261,2022-01-13,2022-03-03
sh.603629,2021-07-15,2021-08-26
sz.000506,2024-04-18,2024-06-05
sh.603233,2024-05-31,2024-07-15
sz.300597,2024-03-29,2024-05-17
sz.300816,2024-07-15,2024-08-26
sz.002244,2024-05-23,2024-07-05
sz.300340,2024-04-02,2024-05-21
sh.600379,2021-12-27,2022-02-15
sz.002022,2024-01-09,2024-02-28
sh.603991,2024-01-25,2024-03-15
sz.002775,2024-04-03,2024-05-22
sh.600881,2021-10-14,2021-11-25
sz.000428,2022-09-20,2022-11-08
sz.300125,2024-04-10,2024-05-28
sz.300792,2023-06-13,2023-07-27
sz.300025,2023-10-13,2023-11-24
sz.000510,2024-04-12,2024-05-29
sz.002888,2022-06-02,2022-07-15
sz.300987,2023-06-13,2023-07-27
sh.688686,2021-07-01,2021-08-12
sz.300926,2021-01-22,2021-03-12
sz.000751,2021-09-09,2021-11-01
sh.603286,2024-01-29,2024-03-19
sh.603357,2022-02-21,2022-04-06
sz.000809,2021-10-18,2021-11-29
sh.688298,2022-12-16,2023-02-06
sz.301182,2024-03-29,2024-05-17
sz.300880,2024-01-19,2024-03-11
sz.300929,2022-04-07,2022-05-24
sh.688359,2022-12-08,2023-01-20
sh.688075,2022-12-12,2023-01-31
sz.300346,2024-01-19,2024-03-11
sh.603186,2024-04-02,2024-05-21
sz.300751,2024-08-08,2024-09-23
sh.603927,2024-11-11,2024-12-23
sz.300781,2024-01-23,2024-03-13
sz.002383,2023-03-24,2023-05-11
sz.300790,2023-04-11,2023-05-26
sz.301297,2023-11-13,2023-12-25
sh.603037,2023-12-21,2024-02-02
sz.301367,2023-05-19,2023-07-04
sz.300811,2023-10-12,2023-11-23
sh.688383,2022-12-09,2023-01-30
sz.300828,2024-01-25,2024-03-15
sz.301388,2023-07-17,2023-08-28
sz.301305,2024-01-22,2024-03-12
sh.600477,2022-04-19,2022-06-06
sh.605162,2021-10-13,2021-11-24
sh.688041,2022-09-26,2022-11-14
sz.002517,2023-09-27,2023-11-16
sz.300175,2022-04-20,2022-06-07
sh.605208,2023-02-24,2023-04-10
sz.300614,2024-05-27,2024-07-09
sz.300314,2024-01-25,2024-03-15
sz.300508,2023-10-09,2023-11-20
sz.002897,2022-04-06,2022-05-23
sh.603098,2022-04-01,2022-05-20
sh.603000,2023-12-11,2024-01-23
sz.002747,2022-08-19,2022-10-10
sz.000633,2024-05-24,2024-07-08
sz.003007,2023-04-13,2023-05-30
sh.688662,2022-01-20,2022-03-10
sh.600199,2022-03-17,2022-05-05
sz.301150,2024-01-17,2024-03-07
sz.300490,2024-04-11,2024-05-28
sz.002162,2024-01-17,2024-03-07
sz.002889,2022-04-21,2022-06-08
sz.300690,2021-01-22,2021-03-12
sh.605289,2022-02-23,2022-04-08
sz.300634,2023-05-05,2023-06-16
sz.300460,2022-04-22,2022-06-09
sh.600520,2024-01-26,2024-03-18
sz.300747,2022-03-28,2022-05-16
sz.300428,2021-09-06,2021-10-27
sz.300003,2024-10-08,2024-11-19
sh.603511,2022-03-01,2022-04-14
sh.688298,2022-01-17,2022-03-07
sh.603518,2021-10-19,2021-11-30
sz.300956,2024-01-17,2024-03-07
sz.002759,2023-04-18,2023-06-02
sh.600192,2024-01-22,2024-03-12
sz.301067,2024-03-22,2024-05-10
sz.000428,2022-12-30,2023-02-20
sz.002413,2024-05-23,2024-07-05
sz.000032,2022-12-09,2023-01-30
sz.300912,2024-05-23,2024-07-05
sh.600590,2021-01-21,2021-03-11
sh.600557,2023-10-12,2023-11-23
sz.002273,2023-04-20,2023-06-06
sz.002949,2024-01-30,2024-03-20
sz.300012,2023-10-12,2023-11-23
sz.002054,2024-01-25,2024-03-15
sz.300910,2023-03-21,2023-05-08
sh.688171,2022-03-23,2022-05-11
sh.601600,2021-10-22,2021-12-03
sz.300609,2024-01-29,2024-03-19
sz.002536,2022-04-15,2022-06-01
sz.300778,2023-08-29,2023-10-18
sh.605398,2022-04-12,2022-05-27
sh.688358,2024-03-28,2024-05-16
sz.301153,2024-10-21,2024-12-02
sz.002642,2022-04-18,2022-06-02
sz.002927,2022-03-03,2022-04-18
sz.300901,2024-01-17,2024-03-07
sh.688207,2024-01-25,2024-03-15
sh.605169,2022-03-01,2022-04-14
sz.000910,2022-04-18,2022-06-02
sz.300608,2023-06-14,2023-07-28
sz.002882,2023-02-14,2023-03-28
sz.000738,2021-03-03,2021-04-15
sh.688076,2021-06-22,2021-08-03
sh.603378,2022-04-06,2022-05-23
sh.688121,2021-10-20,2021-12-01
sz.300614,2022-04-11,2022-05-26
sz.002188,2024-01-19,2024-03-11
sz.300917,2022-09-20,2022-11-08
sh.688680,2021-01-27,2021-03-17
sz.002076,2024-04-03,2024-05-22
sh.600097,2022-04-18,2022-06-02
sz.300133,2024-05-24,2024-07-08
sz.002248,2021-01-22,2021-03-12
sz.300234,2021-07-14,2021-08-25
sz.000796,2022-04-29,2022-06-17
sz.000676,2021-01-22,2021-03-12
sz.002436,2022-12-16,2023-02-06
sz.300236,2022-04-15,2022-06-01
sh.688192,2024-01-11,2024-03-01
sz.002316,2022-04-08,2022-05-26
sh.603611,2024-01-22,2024-03-12
sz.002826,2024-01-25,2024-03-15
sz.002496,2022-05-24,2022-07-06
sz.300078,2022-01-21,2022-03-11
sz.300402,2024-01-04,2024-02-23
sh.600525,2024-01-24,2024-03-14
sh.600976,2022-03-31,2022-05-19
sh.600619,2021-07-05,2021-08-16
sz.000010,2022-04-11,2022-05-26
sz.300537,2023-09-13,2023-11-02
sh.603536,2024-04-11,2024-05-28
sz.301157,2023-04-12,2023-05-29
sz.000609,2021-01-20,2021-03-10
sz.000889,2022-09-14,2022-11-02
sz.000609,2024-04-16,2024-06-03
sz.300052,2024-10-29,2024-12-10
sz.301176,2023-04-20,2023-06-06
sz.002591,2024-04-08,2024-05-23
sz.002162,2022-03-03,2022-04-18
sz.002890,2024-01-29,2024-03-19
sh.600343,2022-08-08,2022-09-20
sz.300159,2024-05-22,2024-07-04
sh.603015,2024-01-29,2024-03-19
sz.300918,2021-02-02,2021-03-23
sz.300496,2024-03-15,2024-04-30
sz.002629,2022-09-14,2022-11-02
sh.600749,2024-01-17,2024-03-07
sh.688410,2024-06-20,2024-08-01
sh.600188,2021-10-20,2021-12-01
sz.300892,2022-03-01,2022-04-14
sh.600206,2022-08-23,2022-10-12
sz.001255,2024-01-25,2024-03-15
sz.002068,2021-09-17,2021-11-09
sz.300249,2022-03-17,2022-05-05
sz.002023,2021-09-13,2021-11-03
sh.688130,2024-06-21,2024-08-02
sz.002173,2022-03-31,2022-05-19
sz.000837,2024-01-19,2024-03-11
sh.688118,2022-01-21,2022-03-11
sz.002058,2021-07-14,2021-08-25
sz.002548,2024-01-26,2024-03-18
sh.605118,2023-07-18,2023-08-29
sh.603773,2024-05-23,2024-07-05
sh.605296,2022-04-14,2022-05-31
sh.603626,2024-01-15,2024-03-05
sh.688073,2023-04-21,2023-06-07
sz.300580,2024-06-14,2024-07-26
sz.002695,2022-01-12,2022-03-02
sz.002338,2021-01-20,2021-03-10
sh.688499,2024-01-12,2024-03-04
sh.688311,2024-01-02,2024-02-21
sz.002738,2022-11-09,2022-12-21
sz.300602,2021-01-26,2021-03-16
sz.301555,2024-01-18,2024-03-08
sh.600798,2024-01-26,2024-03-18
sh.688076,2021-07-05,2021-08-16
sz.002425,2021-03-01,2021-04-13
sh.603990,2021-05-31,2021-07-13
sz.300984,2024-01-29,2024-03-19
sh.603200,2024-01-23,2024-03-13
sh.688261,2023-08-21,2023-10-10
sz.002026,2021-01-22,2021-03-12
sz.301360,2024-01-26,2024-03-18
sz.000826,2024-03-29,2024-05-17
sh.603528,2024-01-22,2024-03-12
sz.301112,2024-07-31,2024-09-11
sz.301596,2024-06-04,2024-07-17
sz.002623,2024-01-22,2024-03-12
sz.300859,2021-07-21,2021-09-01
sz.300780,2023-10-09,2023-11-20
sh.600111,2022-01-14,2022-03-04
sz.002141,2021-09-16,2021-11-08
sz.300919,2022-07-15,2022-08-26
sh.688143,2024-01-26,2024-03-18
sz.002875,2021-10-15,2021-11-26
sh.603220,2024-01-24,2024-03-14
sz.002082,2024-01-30,2024-03-20
sz.301086,2024-03-29,2024-05-17
sz.000582,2022-04-13,2022-05-30
sz.300616,2024-05-23,2024-07-05
sh.688022,2021-09-23,2021-11-11
sz.300775,2021-01-12,2021-03-02
sz.000731,2022-10-14,2022-11-25
sz.000721,2023-04-11,2023-05-26
sz.301126,2022-01-17,2022-03-07
sh.688102,2024-01-23,2024-03-13
sh.603595,2023-07-04,2023-08-15
sz.300260,2023-03-13,2023-04-25
sz.300816,2022-01-27,2022-03-17
sh.600398,2024-07-15,2024-08-26
sz.002011,2022-04-12,2022-06-06
sz.300677,2022-04-15,2022-06-01
sh.601700,2022-07-28,2022-09-08
sh.603398,2022-01-13,2022-03-03
sh.600518,2021-12-02,2022-01-17
sz.301308,2023-02-13,2023-03-27
sh.600243,2022-05-24,2022-07-06
sz.300532,2024-01-22,2024-03-12
sh.600615,2024-01-25,2024-03-15
sz.301288,2024-08-20,2024-10-10
sh.688246,2022-03-02,2022-04-15
sz.300798,2024-01-18,2024-03-08
sh.601168,2022-03-01,2022-04-14
sh.605369,2022-09-05,2022-10-25
sz.000620,2024-01-22,2024-03-12
sz.300490,2021-09-02,2021-10-25
sh.688671,2024-01-19,2024-03-11
sh.603366,2024-01-25,2024-03-15
sz.300243,2024-01-17,2024-03-07
sz.000554,2022-06-10,2022-07-22
sz.002123,2023-04-20,2023-06-06
sh.688108,2023-07-28,2023-09-08
sh.603508,2021-01-26,2021-03-16
sz.300886,2022-06-28,2022-08-23
sh.600859,2022-02-23,2022-04-08
sz.002350,2022-09-07,2022-10-27
sh.600399,2022-01-05,2022-02-23
sz.002141,2024-01-29,2024-03-19
sz.301379,2024-01-23,2024-03-13
sh.688016,2022-07-21,2022-09-01
sz.002901,2021-06-01,2021-07-14
sz.300900,2024-03-29,2024-05-17
sz.300719,2021-09-10,2021-11-02
sh.600885,2022-02-25,2022-04-12
sz.001234,2022-01-25,2022-03-15
sz.300994,2023-04-11,2023-05-26
sz.301067,2023-04-18,2023-06-02
sz.000593,2022-10-14,2022-11-25
sz.002501,2024-05-30,2024-07-12
sz.000595,2022-06-08,2022-07-20
sz.002571,2024-01-24,2024-03-14
sh.600590,2021-01-22,2021-03-12
sh.688311,2024-01-22,2024-03-12
sz.300177,2022-08-12,2022-09-26
sh.688262,2022-04-14,2022-05-31
sz.002363,2022-04-14,2022-05-31
sz.000707,2022-07-05,2022-08-16
sz.301285,2023-07-19,2023-08-30
sh.600293,2021-08-13,2021-09-28
sh.600506,2021-04-08,2021-05-26
sh.600444,2024-08-06,2024-09-19
sz.300802,2022-08-11,2022-09-23
sz.300863,2021-12-23,2022-02-11
sh.688111,2023-10-13,2023-11-24
sz.300896,2021-07-13,2021-08-24
sz.301539,2024-06-26,2024-08-07
sz.000913,2021-04-22,2021-06-08
sz.002622,2022-04-01,2022-05-20
sh.603377,2024-05-17,2024-07-01
sz.300269,2021-01-27,2021-03-17
sh.600238,2021-07-15,2021-08-26
sz.002211,2022-04-27,2022-06-15
sz.002459,2023-07-04,2023-08-15
sz.300588,2022-04-07,2022-05-24
sz.300540,2021-01-21,2021-03-11
sh.688345,2024-01-26,2024-03-18
sh.600807,2022-04-06,2022-05-23
sz.002309,2022-04-15,2022-06-02
sz.300008,2021-06-15,2021-07-27
sz.002052,2024-05-15,2024-06-27
sz.300279,2024-01-19,2024-03-11
sh.600533,2024-05-22,2024-07-04
sz.002747,2021-07-26,2021-09-06
sh.603489,2023-07-10,2023-08-21
sz.002030,2024-08-16,2024-10-08
sh.600365,2022-04-15,2022-06-01
sz.000151,2023-10-10,2023-11-21
sz.301131,2024-01-24,2024-03-14
sz.002850,2021-07-13,2021-08-24
sh.605266,2024-06-04,2024-07-17
sh.603325,2024-01-17,2024-03-07
sz.300892,2024-08-08,2024-09-23
sz.002707,2021-11-23,2022-01-05
sh.688680,2021-07-29,2021-09-09
sh.603028,2024-01-08,2024-02-27
sz.300258,2021-09-09,2021-11-01
sz.300457,2022-04-18,2022-06-02
sz.002310,2024-04-03,2024-05-23
sz.000514,2022-04-14,2022-05-31
sz.300165,2024-01-30,2024-03-20
sz.300713,2023-07-14,2023-08-25
sz.300995,2024-04-02,2024-05-21
sz.300274,2024-10-08,2024-11-19
sz.301515,2024-03-29,2024-05-17
sz.002350,2022-09-14,2022-11-02
sz.300959,2024-04-03,2024-05-22
sh.600199,2021-01-08,2021-02-26
sz.002514,2022-10-25,2022-12-06
sh.603612,2022-07-27,2022-09-07
sz.002244,2022-10-12,2022-11-23
sh.600774,2024-07-02,2024-08-13
sz.002576,2022-04-12,2022-05-27
sh.603826,2024-06-25,2024-08-06
sz.300538,2022-01-25,2022-03-15
sz.000826,2024-05-23,2024-07-05
sh.603002,2021-04-13,2021-05-28
sh.688519,2022-08-15,2022-09-27
sh.688651,2024-01-22,2024-03-12
sh.688658,2023-06-08,2023-07-24
sz.000088,2022-04-12,2022-05-27
sz.002993,2024-07-12,2024-08-23
sz.300790,2022-03-01,2022-04-14
sh.688273,2022-09-09,2022-10-31
sz.301006,2021-10-18,2021-11-29
sh.688115,2024-01-23,2024-03-13
sz.002415,2023-04-18,2023-06-02
sh.688525,2023-12-20,2024-02-01
sz.301190,2022-09-16,2022-11-04
sh.601231,2021-04-19,2021-06-03
sz.300464,2021-06-15,2021-07-27
sz.300227,2022-03-01,2022-04-14
sz.002780,2022-03-01,2022-04-14
sh.603678,2022-08-17,2022-09-29
sz.301314,2024-01-09,2024-02-28
sz.300928,2024-07-29,2024-09-09
sh.603005,2024-11-13,2024-12-25
sh.603306,2021-09-22,2021-11-10
sh.688363,2021-02-24,2021-04-08
sh.600026,2021-07-19,2021-08-30
sh.603528,2022-01-17,2022-03-07
sh.603216,2024-03-29,2024-05-17
sz.300750,2022-08-23,2022-10-12
sh.603051,2024-05-22,2024-07-04
sz.001300,2022-11-09,2022-12-21
sz.301093,2022-04-14,2022-05-31
sz.301052,2024-01-22,2024-03-12
sz.300390,2021-09-13,2021-11-03
sz.000551,2022-01-13,2022-03-03
sh.605005,2021-01-27,2021-03-17
sh.688251,2023-04-12,2023-05-29
sz.300800,2024-01-08,2024-02-27
sz.301069,2023-12-22,2024-02-05
sz.301169,2024-04-09,2024-05-24
sz.301359,2024-01-23,2024-03-13
sh.600302,2024-01-23,2024-03-13
sz.300078,2022-01-14,2022-03-04
sh.603559,2024-05-27,2024-07-09
sz.002800,2022-09-14,2022-11-02
sh.688286,2021-01-20,2021-03-10
sz.301006,2024-01-18,2024-03-08
sh.688549,2024-01-22,2024-03-12
sz.002241,2022-03-01,2022-04-14
sh.603887,2024-04-09,2024-05-24
sz.002141,2024-04-22,2024-06-07
sz.300350,2022-04-22,2022-06-09
sz.001206,2024-03-25,2024-05-13
sz.002547,2023-04-12,2023-05-29
sh.605033,2024-05-23,2024-07-05
sz.300012,2024-01-05,2024-02-26
sh.688188,2022-02-28,2022-04-13
sz.300382,2021-09-15,2021-11-05
sz.000859,2022-03-30,2022-05-18
sh.603333,2022-06-07,2022-07-19
sz.002162,2024-01-16,2024-03-06
sz.002702,2024-01-17,2024-03-07
sh.603605,2021-08-19,2021-10-11
sh.688325,2024-01-25,2024-03-15
sz.002838,2022-01-17,2022-03-07
sz.300046,2021-01-11,2021-03-01
sh.600997,2021-09-09,2021-11-01
sh.603698,2022-04-15,2022-06-01
sh.600376,2024-10-08,2024-11-19
sz.300938,2021-01-29,2021-03-19
sh.688012,2022-09-16,2022-11-04
sz.300587,2021-01-27,2021-03-17
sh.605089,2024-01-18,2024-03-08
sz.300461,2022-03-01,2022-04-14
sz.002289,2023-05-09,2023-06-20
sh.688183,2023-04-25,2023-06-09
sz.300700,2022-03-24,2022-05-12
sz.300732,2024-04-24,2024-06-11
sz.002824,2024-01-19,2024-03-11
sz.300565,2022-09-08,2022-10-28
sz.300438,2024-01-11,2024-03-01
sh.600097,2024-01-25,2024-03-15
sh.600415,2023-06-16,2023-08-01
sz.002005,2024-04-12,2024-05-29
sz.002622,2022-04-19,2022-06-06
sz.301378,2024-01-22,2024-03-12
sz.300365,2024-01-18,2024-03-08
sh.600470,2021-11-01,2021-12-13
sz.300842,2022-09-08,2022-10-28
sz.301261,2024-03-26,2024-05-14
sz.002162,2024-01-29,2024-03-19
sz.002591,2024-01-16,2024-03-06
sz.000676,2023-11-21,2024-01-03
sz.002793,2024-05-27,2024-07-09
sh.688017,2023-06-21,2023-08-04
sz.301129,2024-04-03,2024-05-22
sz.300511,2022-04-18,2022-06-02
sh.601665,2022-04-15,2022-06-01
sz.301041,2024-04-03,2024-05-22
sh.688121,2021-10-21,2021-12-02
sz.001317,2022-09-16,2022-11-04
sz.300342,2022-09-02,2022-10-24
sz.002409,2023-10-11,2023-11-22
sz.300977,2024-04-01,2024-05-20
sz.002647,2022-04-18,2022-06-02
sz.002679,2021-06-03,2021-07-16
sz.300200,2024-01-24,2024-03-14
sh.688586,2021-01-22,2021-03-12
sz.000859,2024-01-17,2024-03-07
sz.300042,2023-04-20,2023-06-06
sz.301190,2024-01-24,2024-03-14
sh.688239,2024-11-12,2024-12-24
sz.301118,2024-01-18,2024-03-08
sz.000756,2022-07-19,2022-08-30
sh.603900,2021-05-24,2021-07-06
sz.000969,2022-12-15,2023-02-03
sh.688037,2022-12-16,2023-02-06
sz.002165,2022-04-12,2022-05-27
sh.603070,2022-03-29,2022-05-17
sz.002614,2024-01-19,2024-03-11
sz.300852,2021-08-04,2021-09-15
sh.688388,2022-02-28,2022-04-13
sz.300184,2024-08-21,2024-10-11
sz.002655,2022-03-25,2022-05-13
sz.002919,2024-05-23,2024-07-05
sh.688004,2024-01-23,2024-03-13
sz.300975,2024-05-20,2024-07-02
sz.300984,2024-01-09,2024-02-28
sh.603176,2024-04-02,2024-05-21
sz.002743,2022-04-11,2022-05-26
sz.300891,2021-09-15,2021-11-05
sh.600302,2022-11-23,2023-01-05
sz.003030,2021-07-13,2021-08-24
sz.001300,2024-01-22,2024-03-12
sh.605005,2021-04-21,2021-06-07
sh.603317,2021-02-09,2021-03-30
sh.688383,2022-08-17,2022-09-29
sz.002434,2022-01-20,2022-03-10
sh.688315,2021-10-08,2021-11-19
sh.600248,2021-09-22,2021-11-10
sz.002920,2024-01-18,2024-03-08
sz.301565,2024-08-08,2024-09-23
sz.002189,2024-11-11,2024-12-23
sz.300223,2021-12-31,2022-02-21
sz.300133,2023-12-14,2024-01-26
sh.603949,2021-04-20,2021-06-04
sh.688326,2022-08-03,2022-09-15
sh.688519,2023-04-20,2023-06-06
sz.002715,2022-01-12,2022-03-02
sz.002410,2021-02-19,2021-04-02
sz.002487,2024-01-16,2024-03-06
sh.688122,2021-02-26,2021-04-12
sz.300505,2024-01-24,2024-03-14
sh.688234,2023-02-23,2023-04-07
sz.002214,2022-04-14,2022-05-31
sh.605188,2024-03-29,2024-05-17
sz.000906,2022-10-19,2022-11-30
sh.600699,2021-07-13,2021-08-24
sz.002896,2022-03-01,2022-04-14
sh.688679,2024-01-26,2024-03-18
sz.002548,2024-04-08,2024-05-23
sz.301179,2023-07-11,2023-08-22
sz.002348,2024-04-12,2024-05-29
sz.300150,2024-04-02,2024-05-21
sh.605069,2024-01-31,2024-03-21
sh.603383,2022-04-19,2022-06-06
sh.600428,2022-12-05,2023-01-17
sz.002615,2023-06-01,2023-07-17
sz.000545,2021-09-15,2021-11-05
sh.688366,2021-12-13,2022-01-25
sz.301129,2022-03-01,2022-04-14
sz.002323,2024-04-01,2024-05-20
sh.603676,2022-03-31,2022-05-19
sz.300599,2024-01-19,2024-03-11
sh.600378,2022-03-30,2022-05-18
sz.300737,2024-01-26,2024-03-18
sz.000553,2021-09-15,2021-11-05
sh.605016,2021-07-13,2021-08-24
sz.002685,2024-01-22,2024-03-12
sz.000936,2021-01-19,2021-03-09
sz.300860,2021-03-29,2021-05-14
sz.300469,2024-04-02,2024-05-21
sz.300572,2022-01-24,2022-03-14
sz.002629,2021-12-30,2022-02-18
sh.600197,2021-07-22,2021-09-02
sz.300006,2022-01-14,2022-03-04
sz.002188,2023-06-08,2023-07-24
sh.600327,2024-01-19,2024-03-11
sz.301282,2024-01-23,2024-03-13
sh.600062,2022-12-13,2023-02-01
sz.300834,2022-04-07,2022-05-24
sz.000796,2023-04-20,2023-06-07
sh.688007,2022-02-25,2022-04-12
sz.002735,2021-04-22,2021-06-08
sz.300101,2021-11-19,2021-12-31
sz.000426,2024-07-16,2024-08-27
sh.603032,2024-03-29,2024-05-17
sh.601599,2024-01-25,2024-03-15
sz.301099,2024-06-19,2024-07-31
sh.605089,2021-07-12,2021-08-23
sz.300338,2024-05-20,2024-07-02
sh.600021,2022-03-28,2022-05-16
sz.002217,2024-01-17,2024-03-07
sz.002703,2022-02-28,2022-04-13
sh.600423,2022-04-15,2022-06-01
sz.001318,2022-05-31,2022-07-13
sh.605177,2024-01-18,2024-03-08
sz.000063,2023-10-13,2023-11-24
sz.301040,2021-11-22,2022-01-04
sh.603067,2022-08-19,2022-10-10
sh.605589,2022-04-12,2022-05-27
sz.300181,2022-04-11,2022-05-26
sz.002482,2022-04-06,2022-05-23
sz.300806,2024-11-05,2024-12-17
sz.301298,2023-07-07,2023-08-18
sz.300678,2021-01-20,2021-03-10
sz.000953,2022-03-14,2022-04-27
sh.603421,2024-03-22,2024-05-10
sz.300686,2022-09-20,2022-11-08
sh.688350,2022-01-13,2022-03-03
sh.600833,2022-01-11,2022-03-01
sz.300033,2022-04-14,2022-05-31
sz.002592,2022-04-14,2022-05-31
sz.300155,2021-01-22,2021-03-12
sz.300758,2024-01-23,2024-03-13
sh.600630,2022-07-26,2022-09-06
sh.603585,2024-01-23,2024-03-13
sz.300581,2021-01-25,2021-03-15
sz.300569,2024-01-17,2024-03-07
sz.300402,2022-09-22,2022-11-10
sz.300548,2021-01-21,2021-03-11
sh.603353,2021-02-24,2021-04-08
sz.300960,2022-03-24,2022-05-12
sh.600272,2022-12-16,2023-02-06
sz.301021,2024-03-25,2024-05-13
sh.688111,2021-07-19,2021-08-30
sz.002169,2022-08-24,2022-10-13
sh.688187,2022-04-08,2022-05-25
sz.002651,2022-09-19,2022-11-07
sz.301369,2024-06-21,2024-08-02
sz.300678,2024-11-11,2024-12-23
sh.600172,2022-04-29,2022-06-16
sh.603227,2022-10-17,2022-11-29
sz.300353,2022-03-24,2022-05-12
sz.002916,2021-03-01,2021-04-13
sz.301327,2023-04-11,2023-05-26
sz.300843,2024-05-23,2024-07-05
sh.688408,2021-02-22,2021-04-06
sz.002045,2022-08-23,2022-10-12
sz.300212,2024-03-25,2024-05-13
sz.301007,2022-03-02,2022-04-15
sz.300858,2022-11-24,2023-01-06
sz.300911,2022-09-15,2022-11-03
sh.688119,2024-01-22,2024-03-12
sh.605255,2024-03-29,2024-05-17
sh.600272,2024-01-26,2024-03-18
sh.603556,2022-04-12,2022-05-27
sz.002786,2021-04-22,2021-06-08
sz.002101,2022-04-07,2022-05-24
sh.688209,2022-09-09,2022-10-31
sz.002237,2022-04-15,2022-06-01
sz.301367,2024-04-03,2024-05-22
sz.002838,2022-08-10,2022-09-22
sz.002756,2022-11-18,2022-12-30
sh.600491,2023-12-12,2024-01-24
sh.688103,2023-04-20,2023-06-06
sz.300554,2024-11-05,2024-12-17
sz.300960,2024-01-23,2024-03-13
sh.688535,2023-09-13,2023-11-02
sh.688638,2024-01-24,2024-03-14
sh.688203,2024-01-24,2024-03-14
sz.301004,2022-03-07,2022-04-20
sh.603392,2021-08-24,2021-10-14
sz.000957,2022-04-15,2022-06-01
sh.600111,2022-04-11,2022-05-26
sz.002175,2024-01-18,2024-03-08
sh.688600,2024-01-15,2024-03-05
sz.301106,2024-01-31,2024-03-21
sh.688038,2024-01-17,2024-03-07
sz.002246,2024-05-20,2024-07-02
sh.688127,2021-09-10,2021-11-02
sh.600113,2024-01-25,2024-03-15
sh.603363,2024-04-01,2024-05-21
sz.000792,2021-09-10,2021-11-02
sh.603117,2022-04-18,2022-06-06
sz.301205,2024-11-13,2024-12-25
sh.600381,2024-04-25,2024-06-13
sz.301413,2023-12-29,2024-02-20
sz.002700,2022-10-14,2022-11-25
sz.000955,2024-05-29,2024-07-11
sz.300570,2022-03-02,2022-04-15
sh.601929,2023-05-10,2023-06-21
sz.300889,2022-09-05,2022-10-25
sz.002199,2024-06-21,2024-08-02
sz.300478,2021-03-29,2021-05-14
sz.002052,2024-05-21,2024-07-03
sh.688378,2024-03-22,2024-05-10
sz.000762,2023-08-11,2023-09-22
sz.300633,2021-10-22,2021-12-03
sz.300986,2023-04-17,2023-06-01
sz.300068,2022-10-14,2022-11-25
sh.605377,2022-12-12,2023-01-31
sh.603836,2021-06-01,2021-07-14
sz.002371,2021-02-23,2021-04-07
sz.002352,2021-03-29,2021-05-14
sh.603017,2022-04-08,2022-05-25
sz.300424,2024-01-25,2024-03-15
sz.300268,2024-01-30,2024-03-20
sz.002449,2021-01-26,2021-03-16
sz.300806,2024-01-22,2024-03-12
sh.688232,2023-08-14,2023-09-25
sz.300707,2023-11-29,2024-01-11
sz.000831,2021-09-22,2021-11-10
sz.000420,2024-03-29,2024-05-17
sh.688496,2024-06-20,2024-08-01
sh.603877,2021-12-10,2022-01-24
sz.001696,2024-06-14,2024-07-26
sh.605369,2022-09-07,2022-10-27
sz.300985,2022-03-23,2022-05-11
sz.002852,2022-09-21,2022-11-09
sz.300825,2024-01-08,2024-02-27
sh.603172,2024-01-17,2024-03-07
sz.300989,2024-01-17,2024-03-07
sz.000966,2021-07-14,2021-08-25
sz.301198,2024-03-29,2024-05-17
sh.688036,2021-04-02,2021-05-20
sz.300010,2023-01-09,2023-02-27
sz.002853,2024-05-23,2024-07-05
sz.000698,2021-03-17,2021-04-29
sz.002625,2022-04-11,2022-05-26
sz.002199,2024-05-23,2024-07-05
sh.688788,2022-02-23,2022-04-08
sz.000903,2024-01-30,2024-03-20
sz.300067,2024-03-21,2024-05-09
sz.300891,2021-09-16,2021-11-08
sh.603392,2023-10-12,2023-11-23
sz.300077,2021-01-20,2021-03-10
sz.301120,2022-08-26,2022-10-17
sz.300533,2024-04-02,2024-05-21
sh.603225,2022-04-14,2022-05-31
sh.603129,2021-01-15,2021-03-05
sh.688238,2023-04-20,2023-06-06
sh.600745,2023-04-19,2023-06-05
sz.300604,2021-08-19,2021-10-11
sz.300532,2024-10-21,2024-12-02
sz.002735,2024-06-19,2024-07-31
sh.603717,2023-04-13,2023-05-30
sz.000025,2022-06-17,2022-07-29
sz.301016,2024-05-29,2024-07-11
sz.002803,2021-03-01,2021-04-13
sz.301349,2024-11-14,2024-12-26
sz.300969,2022-01-18,2022-03-08
sh.688662,2022-04-18,2022-06-02
sh.600845,2022-01-24,2022-03-14
sz.300289,2022-04-11,2022-05-26
sz.300009,2022-01-12,2022-03-02
sh.688037,2022-04-18,2022-06-02
sz.002495,2024-04-10,2024-05-27
sz.000560,2024-01-29,2024-03-19
sz.002497,2021-01-15,2021-03-05
sh.600391,2022-04-12,2022-05-27
sz.300374,2023-09-26,2023-11-15
sh.603977,2021-09-13,2021-11-03
sz.300960,2022-04-13,2022-05-30
sh.600135,2024-01-30,2024-03-20
sz.300676,2022-03-14,2022-04-27
sz.002878,2023-06-19,2023-08-02
sh.688678,2022-03-31,2022-05-19
sz.000158,2024-10-31,2024-12-12
sz.300719,2021-01-19,2021-03-09
sz.000880,2024-08-15,2024-09-30
sz.002548,2023-12-01,2024-01-15
sz.300317,2024-01-29,2024-03-19
sh.603439,2024-01-22,2024-03-12
sh.603377,2024-05-22,2024-07-04
sz.002810,2021-08-23,2021-10-13
sh.600776,2022-03-01,2022-04-14
sz.300433,2022-01-19,2022-03-09
sz.301312,2022-08-17,2022-09-29
sh.688455,2024-01-29,2024-03-19
sh.600178,2024-04-01,2024-05-20
sz.300982,2022-04-07,2022-05-24
sz.301169,2023-10-09,2023-11-20
sz.301011,2022-04-12,2022-05-27
sh.603355,2021-06-28,2021-08-09
sz.300067,2024-04-02,2024-05-21
sz.300932,2021-04-23,2021-06-09
sz.300736,2023-03-27,2023-05-12
sz.300725,2023-08-09,2023-09-20
sz.002960,2022-03-01,2022-04-14
sh.600763,2021-08-12,2021-09-27
sz.002845,2023-07-25,2023-09-05
sz.301167,2024-01-26,2024-03-18
sz.300398,2021-01-22,2021-03-12
sz.300648,2024-01-17,2024-03-07
sz.002718,2024-01-16,2024-03-06
sz.002803,2024-01-23,2024-03-13
sz.300711,2021-01-18,2021-03-08
sh.600381,2024-04-01,2024-05-21
sh.603915,2022-04-21,2022-06-08
sz.301326,2023-04-24,2023-06-08
sh.688326,2023-12-21,2024-02-02
sh.688610,2024-06-25,2024-08-06
sh.688236,2024-01-19,2024-03-11
sz.300339,2021-12-24,2022-02-14
sz.300290,2021-04-30,2021-06-17
sz.300533,2023-06-27,2023-08-08
sz.002682,2024-08-02,2024-09-13
sz.300368,2021-01-21,2021-03-11
sh.688620,2024-01-29,2024-03-19
sz.002168,2024-05-29,2024-07-11
sz.300512,2022-04-14,2022-05-31
sz.300612,2021-12-24,2022-02-14
sz.300671,2024-01-22,2024-03-12
sh.603408,2024-01-18,2024-03-08
sz.301308,2024-07-15,2024-08-26
sh.688041,2022-09-29,2022-11-17
sh.688171,2024-01-19,2024-03-11
sh.600246,2022-12-15,2023-02-03
sz.002840,2024-08-08,2024-09-23
sz.002962,2022-08-26,2022-10-17
sz.300743,2022-09-14,2022-11-02
sz.001979,2024-03-27,2024-05-15
sh.603069,2022-03-02,2022-04-15
sz.001268,2024-01-17,2024-03-07
sz.300211,2022-04-11,2022-05-26
sz.002507,2022-03-01,2022-04-14
sz.300607,2022-01-24,2022-03-14
sh.603697,2024-01-24,2024-03-14
sh.688020,2024-03-29,2024-05-17
sh.688393,2023-04-18,2023-06-02
sz.002586,2022-02-08,2022-03-22
sz.000670,2024-01-22,2024-03-12
sz.000593,2021-01-21,2021-03-11
sz.300748,2021-12-31,2022-02-21
sh.600917,2021-04-01,2021-05-19
sz.300412,2024-04-09,2024-05-24
sh.603596,2022-01-18,2022-03-08
sz.002517,2023-12-11,2024-01-23
sh.600152,2024-01-25,2024-03-15
sz.300706,2023-08-11,2023-09-22
sz.300584,2022-12-12,2023-01-31
sh.688718,2022-03-02,2022-04-15
sh.688256,2023-08-31,2023-10-20
sz.300748,2022-04-11,2022-05-26
sz.300141,2022-04-06,2022-05-23
sz.300918,2023-08-16,2023-09-27
sz.300474,2023-04-03,2023-05-19
sz.300782,2024-01-18,2024-03-08
sz.002998,2021-03-04,2021-04-16
sz.300134,2023-10-13,2023-11-24
sz.000877,2022-04-12,2022-05-27
sz.002909,2024-01-25,2024-03-15
sh.688668,2024-01-24,2024-03-14
sh.603019,2022-09-19,2022-11-07
sz.300528,2024-03-21,2024-05-09
sz.300725,2022-07-20,2022-08-31
sz.300419,2021-10-14,2021-11-25
sz.300472,2024-01-18,2024-03-08
sh.688112,2022-04-12,2022-05-27
sz.003029,2022-04-11,2022-05-26
sh.603079,2024-03-28,2024-05-16
sz.300705,2022-08-12,2022-09-26
sh.600378,2022-04-13,2022-05-30
sz.002595,2022-02-25,2022-04-12
sz.300368,2024-03-29,2024-05-20
sz.000888,2022-04-13,2022-05-30
sh.600768,2024-04-09,2024-05-24
sz.000554,2024-01-25,2024-03-15
sh.688695,2024-05-24,2024-07-08
sz.002247,2024-11-11,2024-12-23
sh.600605,2022-10-19,2022-11-30
sh.603332,2022-07-05,2022-08-16
sz.301396,2024-11-15,2024-12-27
sz.300077,2024-01-19,2024-03-11
sz.002529,2024-01-22,2024-03-12
sz.000955,2023-12-14,2024-01-26
sz.301388,2024-01-09,2024-02-28
sz.002791,2022-04-14,2022-05-31
sh.603999,2022-04-11,2022-05-26
sh.600192,2024-01-31,2024-03-21
sz.002215,2024-03-21,2024-05-09
sz.301043,2024-01-24,2024-03-14
sh.688652,2024-01-26,2024-03-18
sz.300733,2022-03-02,2022-04-15
sz.300927,2024-01-26,2024-03-18
sh.601858,2024-03-25,2024-05-13
sz.300766,2022-04-19,2022-06-06
sz.002148,2022-09-07,2022-10-27
sz.300951,2023-04-11,2023-05-26
sz.002861,2023-04-12,2023-05-29
sh.688385,2024-01-22,2024-03-12
sh.603703,2022-02-28,2022-04-13
sz.300632,2024-05-22,2024-07-04
sh.600095,2021-01-25,2021-03-15
sz.002624,2022-01-19,2022-03-09
sh.603936,2024-03-29,2024-05-17
sh.601952,2021-01-25,2021-03-15
sh.688352,2024-01-18,2024-03-08
sz.300159,2022-05-27,2022-07-11
sz.300365,2021-11-30,2022-01-12
sz.000678,2022-08-02,2022-09-14
sh.600787,2022-04-12,2022-05-27
sh.600248,2023-05-05,2023-06-16
sz.301326,2022-09-23,2022-11-11
sh.600819,2024-01-16,2024-03-06
sh.600520,2024-03-20,2024-05-08
sh.603119,2024-07-10,2024-08-21
sh.688180,2022-11-21,2023-01-03
sz.301428,2024-03-25,2024-05-13
sz.301251,2024-06-17,2024-07-29
sz.301002,2021-09-15,2021-11-05
sz.300075,2023-04-25,2023-06-09
sh.600107,2022-09-19,2022-11-07
sz.000668,2024-01-10,2024-02-29
sh.688656,2021-07-14,2021-08-25
sh.688027,2024-01-22,2024-03-18
sh.600483,2021-09-27,2021-11-15
sz.300933,2021-09-13,2021-11-03
sz.300548,2023-10-13,2023-11-24
sh.605001,2023-08-18,2023-10-09
sz.301037,2024-01-24,2024-03-14
sz.002732,2022-04-21,2022-06-08
sh.600322,2023-05-15,2023-06-28
sh.688636,2024-06-24,2024-08-05
sz.300037,2022-08-17,2022-09-29
sh.688171,2022-03-01,2022-04-14
sh.600753,2022-04-19,2022-06-06
sh.600079,2022-01-14,2022-03-04
sz.002887,2022-04-11,2022-05-26
sh.600351,2021-09-22,2021-11-10
sz.301080,2022-09-09,2022-10-31
sz.002592,2021-07-13,2021-08-24
sh.603719,2021-03-02,2021-04-14
sh.603161,2022-04-20,2022-06-07
sh.600703,2022-09-09,2022-10-31
sz.002624,2023-06-19,2023-08-02
sz.300290,2024-06-13,2024-07-25
sh.688083,2023-04-10,2023-05-25
sz.002992,2024-01-03,2024-02-22
sz.002748,2024-01-29,2024-03-19
sz.002427,2024-04-02,2024-05-21
sz.000790,2022-04-12,2022-05-27
sz.001331,2022-09-16,2022-11-04
sz.300694,2024-01-10,2024-02-29
sz.300299,2023-04-28,2023-06-14
sh.688076,2021-07-01,2021-08-12
sz.300341,2024-03-29,2024-05-17
sh.688325,2024-01-19,2024-03-11
sz.001332,2024-01-10,2024-02-29
sz.300497,2022-01-19,2022-03-09
sz.300281,2024-01-09,2024-02-28
sh.603819,2024-01-29,2024-03-19
sh.600986,2022-01-13,2022-03-03
sz.300637,2023-12-21,2024-02-02
sz.000560,2023-04-13,2023-05-30
sz.300421,2021-09-16,2021-11-08
sz.301396,2023-12-28,2024-02-19
sz.300168,2021-02-23,2021-04-07
sz.002455,2024-01-25,2024-03-15
sh.603260,2022-03-23,2022-05-11
sz.002805,2021-09-16,2021-11-08
sz.300286,2023-07-11,2023-08-22
sz.001260,2024-01-30,2024-03-20
sz.001367,2023-10-09,2023-11-20
sh.600303,2022-10-18,2022-12-02
sh.688020,2022-04-12,2022-05-27
sz.002942,2024-01-23,2024-03-13
sh.603557,2021-04-23,2021-06-10
sh.603607,2024-01-09,2024-02-28
sh.600130,2024-01-19,2024-03-11
sz.300686,2022-12-01,2023-01-13
sz.300603,2022-06-28,2022-08-09
sh.688102,2024-08-07,2024-09-20
sh.603180,2021-07-07,2021-08-18
sz.300682,2022-03-28,2022-05-16
sh.688693,2024-08-05,2024-09-18
sh.605111,2023-04-13,2023-05-30
sh.688032,2024-06-26,2024-08-07
sh.601615,2021-03-03,2021-04-15
sz.301178,2024-01-23,2024-03-13
sh.603332,2024-01-23,2024-03-13
sh.600777,2022-06-14,2022-07-26
sz.300238,2024-01-22,2024-03-12
sz.300170,2024-03-29,2024-05-17
sz.300100,2024-03-29,2024-05-17
sh.603895,2024-03-28,2024-05-16
sz.002843,2024-05-24,2024-07-08
sz.000721,2022-11-16,2022-12-28
sz.300337,2024-01-24,2024-03-14
sz.000702,2024-04-10,2024-05-27
sh.600173,2022-04-06,2022-05-23
sh.603856,2024-01-26,2024-03-18
sz.301150,2024-01-24,2024-03-14
sz.300084,2024-01-18,2024-03-08
sz.002338,2021-01-25,2021-03-15
sh.603339,2022-04-13,2022-05-30
sh.600770,2024-04-03,2024-05-22
sz.300912,2024-03-28,2024-05-16
sh.603087,2022-07-04,2022-08-15
sz.300581,2021-01-06,2021-02-24
sh.600250,2022-04-15,2022-06-01
sz.300071,2024-01-22,2024-03-12
sz.300767,2021-05-19,2021-07-01
sh.688625,2022-04-01,2022-05-20
sh.600980,2024-01-19,2024-03-11
sh.688598,2022-12-09,2023-01-30
sh.688365,2023-04-07,2023-05-24
sz.002923,2021-11-26,2022-01-10
sh.603185,2021-12-16,2022-01-28
sz.002627,2022-04-14,2022-05-31
sh.688526,2022-04-13,2022-05-30
sh.688078,2024-03-29,2024-05-17
sz.300624,2023-09-28,2023-11-17
sh.688601,2022-09-21,2022-11-09
sz.301211,2022-12-22,2023-02-10
sz.300895,2023-09-04,2023-10-24
sz.300932,2021-07-14,2021-08-25
sz.301293,2024-11-11,2024-12-23
sh.600559,2021-06-07,2021-07-20
sz.002256,2021-10-20,2021-12-01
sz.000695,2024-01-26,2024-03-18
sz.300112,2022-08-18,2022-09-30
sz.301076,2024-01-25,2024-03-15
sz.002444,2021-09-09,2021-11-01
sh.600828,2024-04-08,2024-05-23
sz.002313,2022-05-06,2022-06-20
sh.600584,2024-11-12,2024-12-24
sz.002741,2022-08-18,2022-09-30
sz.300258,2022-03-03,2022-04-18
sz.300093,2024-01-22,2024-03-12
sz.000908,2024-03-26,2024-05-15
sz.002885,2024-01-22,2024-03-12
sz.301059,2022-04-12,2022-05-27
sz.300957,2021-07-23,2021-09-03
sz.300926,2021-01-11,2021-03-01
sh.600101,2024-07-11,2024-08-22
sz.002598,2024-01-16,2024-03-06
sh.601600,2023-05-10,2023-06-21
sz.002295,2024-04-15,2024-05-30
sh.600744,2023-05-30,2023-07-13
sz.002487,2022-04-08,2022-05-25
sh.688200,2022-04-12,2022-05-27
sz.300667,2024-01-15,2024-03-05
sz.000657,2022-08-16,2022-09-28
sz.300471,2021-09-09,2021-11-01
sh.600798,2021-01-19,2021-03-09
sz.003036,2024-01-30,2024-03-20
sh.688060,2021-04-20,2021-06-04
sz.002207,2022-03-22,2022-05-10
sz.300803,2023-12-29,2024-02-20
sz.000999,2022-12-06,2023-01-18
sz.002431,2024-01-22,2024-03-12
sh.688592,2023-09-11,2023-10-31
sh.688776,2024-03-04,2024-04-17
sz.000420,2024-05-24,2024-07-08
sz.301060,2022-09-05,2022-10-25
sz.300169,2021-06-07,2021-07-20
sz.000692,2024-06-07,2024-07-22
sz.300397,2024-01-08,2024-02-27
sz.002171,2022-10-26,2022-12-07
sh.603598,2024-03-21,2024-05-09
sz.002772,2021-10-11,2021-11-22
sz.300505,2021-04-20,2021-06-04
sz.002155,2024-07-15,2024-08-26
sz.002941,2023-09-27,2023-11-16
sz.002062,2022-07-20,2022-08-31
sz.002347,2024-01-10,2024-02-29
sz.002607,2021-12-09,2022-01-21
sz.300681,2023-04-11,2023-05-26
sz.301158,2024-01-26,2024-03-18
sh.603272,2022-05-27,2022-07-11
sz.301550,2024-01-11,2024-03-01
sz.300283,2024-01-25,2024-03-15
sz.300654,2024-04-01,2024-05-20
sh.600658,2024-01-24,2024-03-14
sh.688416,2024-04-02,2024-05-21
sz.300037,2024-03-13,2024-04-26
sz.300707,2021-01-20,2021-03-10
sh.603130,2024-01-19,2024-03-11
sh.688259,2024-06-21,2024-08-02
sz.300571,2024-04-02,2024-05-21
sh.688408,2021-12-22,2022-02-10
sz.300071,2023-04-12,2023-05-29
sz.300817,2024-01-08,2024-02-27
sz.300981,2024-03-29,2024-05-17
sh.688173,2022-01-25,2022-03-15
sh.600604,2024-05-23,2024-07-05
sh.603321,2024-01-30,2024-03-20
sz.000755,2022-07-27,2022-09-07
sh.603828,2022-04-19,2022-06-06
sz.000668,2024-01-30,2024-03-20
sz.300929,2024-01-26,2024-03-18
sz.002449,2024-01-23,2024-03-13
sh.601958,2021-09-22,2021-11-10
sh.603017,2024-05-23,2024-07-05
sz.300554,2022-04-14,2022-05-31
sz.002416,2021-03-12,2021-04-26
sh.600078,2024-06-24,2024-08-05
sz.300378,2021-01-25,2021-03-15
sz.002830,2022-04-14,2022-05-31
sz.002401,2023-10-09,2023-11-20
sz.002629,2024-04-02,2024-05-21
sz.002048,2021-03-30,2021-05-17
sz.002763,2021-06-01,2021-07-14
sh.688195,2021-04-22,2021-06-08
sz.000591,2022-03-24,2022-05-12
sz.300975,2024-03-26,2024-05-14
sz.300271,2022-04-18,2022-06-02
sz.003000,2022-03-01,2022-04-14
sz.000565,2024-01-09,2024-02-28
sz.002873,2022-01-13,2022-03-03
sz.002048,2022-04-20,2022-06-07
sz.002865,2021-08-30,2021-10-20
sz.300247,2024-01-24,2024-03-14
sh.688236,2024-05-13,2024-06-25
sz.301178,2024-10-21,2024-12-02
sh.600825,2023-05-05,2023-06-16
sz.300540,2024-01-24,2024-03-14
sz.300690,2022-08-19,2022-10-10
sz.300519,2024-01-09,2024-02-28
sh.688327,2023-11-16,2023-12-28
sz.300175,2024-05-30,2024-07-12
sz.002235,2023-12-12,2024-01-24
sz.003042,2022-03-03,2022-04-18
sz.002418,2024-06-19,2024-07-31
sh.688626,2021-07-14,2021-08-25
sz.301138,2024-01-16,2024-03-06
sz.301338,2024-01-18,2024-03-08
sz.301159,2023-12-11,2024-01-23
sz.300546,2021-07-14,2021-08-25
sz.002640,2024-06-04,2024-07-17
sz.300895,2023-04-13,2023-05-30
sz.300902,2022-04-18,2022-06-02
sh.688107,2022-04-01,2022-05-20
sz.002795,2022-04-12,2022-05-27
sh.600222,2022-04-15,2022-06-01
sh.688225,2024-03-29,2024-05-17
sz.000609,2024-05-21,2024-07-03
sz.300827,2024-05-31,2024-07-15
sz.301016,2024-07-29,2024-09-09
sh.603768,2024-04-09,2024-05-24
sz.002361,2024-01-29,2024-03-19
sz.300578,2021-01-28,2021-03-18
sz.003015,2021-04-22,2021-06-08
sz.002811,2022-10-18,2022-11-29
sh.688435,2023-06-08,2023-07-24
sh.688510,2024-01-09,2024-02-28
sh.600935,2022-04-08,2022-05-25
sz.002394,2022-09-27,2022-11-15
sh.688082,2022-09-23,2022-11-11
sh.601015,2021-02-22,2021-04-06
sz.300879,2024-01-29,2024-03-19
sh.600847,2024-01-10,2024-02-29
sh.603598,2024-01-24,2024-03-14
sz.300965,2024-01-10,2024-02-29
sh.688266,2022-02-23,2022-04-08
sh.688083,2023-04-13,2023-05-30
sz.002983,2022-09-15,2022-11-03
sz.301086,2022-04-14,2022-05-31
sz.300510,2023-07-12,2023-08-23
sh.600997,2021-10-19,2021-11-30
sz.002164,2021-04-16,2021-06-02
sz.002156,2022-08-16,2022-09-28
sz.300490,2021-01-20,2021-03-10
sh.603261,2024-03-22,2024-05-10
sh.600399,2021-02-23,2021-04-07
sz.300364,2021-01-26,2021-03-16
sz.301186,2024-03-29,2024-05-17
sz.301211,2023-12-13,2024-01-25
sz.002778,2022-04-07,2022-05-24
sh.688058,2022-08-25,2022-10-14
sz.300161,2024-08-08,2024-09-23
sz.002278,2024-05-30,2024-07-12
sh.688216,2023-04-12,2023-05-29
sh.600107,2022-09-16,2022-11-04
sz.300921,2024-03-29,2024-05-17
sz.003042,2021-09-23,2021-11-11
sz.002864,2022-04-07,2022-05-24
sz.300209,2024-03-26,2024-05-15
sz.300876,2024-01-19,2024-03-11
sz.002607,2021-07-08,2021-08-19
sh.688136,2022-05-17,2022-06-29
sz.002933,2022-04-12,2022-05-27
sh.688682,2021-09-08,2021-10-29
sz.002667,2023-03-13,2023-04-25
sh.688359,2022-12-13,2023-02-01
sh.603326,2022-04-14,2022-05-31
sh.688646,2024-01-22,2024-03-12
sz.300948,2024-01-26,2024-03-18
sh.688037,2021-08-23,2021-10-13
sh.601929,2022-01-20,2022-03-10
sh.600335,2022-03-30,2022-05-18
sz.002716,2024-04-10,2024-05-27
sz.300240,2021-10-14,2021-11-25
sh.688011,2024-04-02,2024-05-21
sz.002556,2022-10-14,2022-11-25
sh.688328,2021-03-11,2021-04-23
sz.002581,2022-01-21,2022-03-11
sz.002534,2024-01-23,2024-03-13
sh.601101,2021-10-20,2021-12-01
sz.300766,2023-09-07,2023-10-27
sz.300242,2024-04-08,2024-05-23
sh.601002,2024-01-29,2024-03-19
sz.002792,2022-04-15,2022-06-01
sz.002644,2022-03-30,2022-05-18
sz.300432,2022-03-25,2022-05-13
sh.603665,2024-07-25,2024-09-05
sh.688595,2022-04-20,2022-06-07
sz.002908,2021-01-25,2021-03-15
sh.603982,2024-01-18,2024-03-08
sz.300999,2021-07-13,2021-08-24
sh.688683,2024-01-19,2024-03-11
sz.300432,2021-11-01,2021-12-13
sh.688123,2023-04-26,2023-06-12
sz.002758,2022-04-12,2022-05-27
sz.002007,2021-08-25,2021-10-15
sz.300147,2022-04-08,2022-05-25
sh.605268,2022-04-12,2022-05-27
sz.300927,2024-01-25,2024-03-15
sh.600295,2021-03-12,2021-04-26
sz.002849,2023-12-01,2024-01-15
sh.600818,2023-09-12,2023-11-01
sz.301393,2024-01-19,2024-03-11
sz.000756,2022-01-17,2022-03-07
sh.601139,2021-09-22,2021-11-10
sz.300990,2021-12-29,2022-02-17
sz.300118,2022-03-28,2022-05-16
sh.601388,2021-09-16,2021-11-08
sz.300225,2024-01-25,2024-03-15
sh.688358,2024-01-24,2024-03-14
sz.300859,2022-09-26,2022-11-14
sz.301335,2024-01-26,2024-03-18
sz.002145,2021-09-14,2021-11-04
sz.002490,2024-04-01,2024-05-20
sh.688623,2024-01-24,2024-03-14
sz.000009,2022-09-13,2022-11-01
sh.688787,2023-10-10,2023-11-21
sh.603755,2022-03-01,2022-04-14
sz.000892,2022-01-18,2022-03-08
sh.688111,2021-08-20,2021-10-12
sh.688315,2024-01-19,2024-03-11
sz.300363,2022-08-31,2022-10-20
sz.002101,2022-08-10,2022-09-22
sz.002957,2024-04-02,2024-05-21
sz.300340,2023-02-15,2023-03-29
sz.000768,2022-03-29,2022-05-17
sz.002213,2024-01-16,2024-03-06
sh.603017,2022-03-01,2022-04-14
sz.300659,2021-04-20,2021-06-04
sh.688307,2023-04-10,2023-05-25
sz.300366,2024-03-15,2024-04-30
sz.002537,2024-01-17,2024-03-07
sz.300605,2024-01-25,2024-03-15
sh.603183,2022-04-19,2022-06-06
sh.688155,2022-08-25,2022-10-14
sz.002721,2022-01-06,2022-02-24
sz.002962,2024-01-19,2024-03-11
sz.300135,2024-04-01,2024-05-20
sh.688612,2024-01-23,2024-03-13
sh.603985,2024-03-25,2024-05-13
sh.688699,2022-08-26,2022-10-17
sz.002965,2023-07-06,2023-08-17
sz.000887,2022-02-28,2022-04-13
sz.301378,2024-11-08,2024-12-20
sh.688355,2024-04-03,2024-05-22
sh.603683,2021-09-09,2021-11-01
sz.002335,2024-01-23,2024-03-13
sh.601898,2021-06-25,2021-08-06
sh.688356,2021-07-01,2021-08-12
sz.301486,2024-01-22,2024-03-12
sh.688291,2024-01-10,2024-02-29
sz.002444,2021-09-06,2021-10-27
sh.603209,2024-01-11,2024-03-01
sz.300360,2022-11-25,2023-01-09
sh.600379,2022-03-24,2022-05-12
sh.603216,2021-12-23,2022-02-11
sz.002721,2024-11-11,2024-12-23
sz.301360,2023-08-11,2023-09-22
sz.300624,2022-11-17,2022-12-29
sz.301282,2022-09-20,2022-11-08
sz.300019,2024-01-18,2024-03-08
sz.002602,2023-07-12,2023-08-23
sz.300987,2024-03-22,2024-05-10
sh.600101,2021-10-26,2021-12-07
sz.000525,2022-01-12,2022-03-02
sz.300419,2024-04-08,2024-05-23
sh.603629,2023-06-16,2023-08-01
sz.301278,2024-01-17,2024-03-07
sz.300427,2024-10-18,2024-11-29
sh.603108,2023-06-30,2023-08-11
sz.300636,2022-05-13,2022-06-27
sh.603283,2021-04-26,2021-06-10
sh.603139,2024-01-30,2024-03-20
sh.688071,2024-03-20,2024-05-08
sh.688579,2024-01-08,2024-02-27
sz.301048,2022-09-08,2022-10-28
sh.688081,2021-04-19,2021-06-03
sz.300800,2022-04-20,2022-06-07
sh.603678,2022-03-29,2022-05-17
sz.301361,2023-07-13,2023-08-24
sz.300307,2021-12-20,2022-02-08
sh.603898,2024-07-18,2024-08-29
sh.600280,2023-05-05,2023-06-16
sz.300582,2024-04-01,2024-05-20
sh.603598,2023-12-25,2024-02-06
sz.300723,2023-08-04,2023-09-15
sz.300895,2023-06-13,2023-07-27
sz.001234,2024-01-17,2024-03-07
sh.603348,2021-09-10,2021-11-02
sz.300084,2024-01-29,2024-03-19
sh.688127,2023-04-18,2023-06-02
sz.300032,2024-01-22,2024-03-12
sz.002126,2024-07-11,2024-08-22
sh.688314,2024-01-18,2024-03-08
sz.002593,2024-01-29,2024-03-19
sz.000506,2024-04-25,2024-06-13
sz.300641,2021-09-23,2021-11-11
sz.300542,2024-01-29,2024-03-19
sz.002232,2022-04-11,2022-05-26
sz.002364,2021-01-22,2021-03-12
sz.002627,2022-12-28,2023-02-16
sh.603178,2021-06-02,2021-07-15
sz.002168,2024-09-05,2024-10-29
sh.688690,2021-09-17,2021-11-09
sz.300525,2023-06-20,2023-08-03
sh.688221,2024-01-22,2024-03-12
sh.603258,2023-09-07,2023-10-27
sz.002578,2021-03-19,2021-05-06
sh.688229,2024-04-09,2024-05-24
sh.603895,2022-07-20,2022-08-31
sz.002805,2022-04-14,2022-05-31
sz.300204,2022-01-18,2022-03-08
sz.002838,2022-12-14,2023-02-02
sz.000688,2022-03-24,2022-05-12
sz.000716,2023-01-16,2023-03-06
sz.000788,2022-03-22,2022-05-10
sz.300152,2024-01-17,2024-03-07
sz.300907,2024-03-29,2024-05-17
sh.688609,2024-04-09,2024-05-24
sh.688499,2024-01-18,2024-03-08
sh.688220,2022-03-02,2022-04-15
sz.002402,2023-04-11,2023-05-26
sh.603126,2022-12-14,2023-02-02
sh.603863,2024-11-12,2024-12-24
sh.601218,2021-11-12,2021-12-24
sh.688359,2022-12-12,2023-01-31
sz.002693,2022-11-10,2022-12-22
sh.688603,2024-01-25,2024-03-15
sh.600751,2021-10-19,2021-11-30
sz.002877,2024-01-17,2024-03-07
sh.603138,2022-06-10,2022-07-22
sz.300339,2022-03-30,2022-05-18
sz.300271,2021-08-24,2021-10-14
sh.603311,2022-04-15,2022-06-01
sh.600362,2021-02-22,2021-04-06
sh.688008,2024-01-22,2024-03-12
sz.300933,2024-03-29,2024-05-17
sz.300527,2022-01-11,2022-03-01
sz.300654,2024-03-25,2024-05-13
sh.603199,2022-04-18,2022-06-02
sz.300452,2022-04-06,2022-05-23
sh.688663,2021-12-28,2022-02-16
sh.603178,2024-03-14,2024-04-29
sz.000710,2023-08-16,2023-09-27
sz.002193,2024-01-19,2024-03-11
sz.002657,2022-04-08,2022-05-25
sh.603818,2024-01-26,2024-03-18
sh.603086,2024-01-26,2024-03-18
sh.688700,2024-01-22,2024-03-12
sh.603966,2022-08-17,2022-09-29
sz.300959,2023-04-12,2023-05-29
sh.600661,2023-12-07,2024-01-19
sz.301225,2024-01-24,2024-03-14
sh.688292,2024-01-22,2024-03-12
sz.301169,2024-03-29,2024-05-17
sz.300375,2021-01-19,2021-03-09
sz.301016,2024-09-05,2024-10-28
sz.300678,2022-12-07,2023-01-19
sz.300466,2024-04-11,2024-05-28
sh.603896,2023-03-15,2023-04-27
sh.603297,2022-04-11,2022-05-26
sh.603110,2021-03-01,2021-04-13
sz.301421,2024-01-16,2024-03-06
sh.688426,2024-01-17,2024-03-07
sh.688567,2021-08-12,2021-09-27
sz.002412,2022-04-07,2022-05-24
sh.600533,2022-11-29,2023-01-11
sh.688066,2024-06-25,2024-08-06
sh.603938,2021-08-31,2021-10-21
sz.002304,2021-02-23,2021-04-07
sh.688202,2021-12-08,2022-01-20
sh.688458,2024-04-03,2024-05-22
sz.000526,2024-07-01,2024-08-12
sz.002995,2023-08-14,2023-09-25
sz.300752,2024-01-26,2024-03-18
sz.002737,2022-12-06,2023-01-18
sh.688041,2022-09-27,2022-11-15
sh.603363,2022-10-14,2022-11-25
sh.603580,2022-04-14,2022-05-31
sh.600301,2022-09-20,2022-11-08
sz.300166,2024-03-29,2024-05-17
sh.605151,2022-06-28,2022-08-09
sh.603216,2024-04-03,2024-05-22
sz.300244,2024-01-17,2024-03-07
sz.301231,2023-12-18,2024-01-30
sh.688020,2024-03-28,2024-05-16
sz.301011,2021-09-23,2021-11-11
sz.002919,2023-12-15,2024-01-29
sh.688519,2024-01-12,2024-03-04
sz.300204,2024-01-18,2024-03-08
sh.603690,2021-01-26,2021-03-16
sh.600151,2022-09-06,2022-10-26
sz.300457,2022-04-13,2022-05-30
sz.000890,2023-08-01,2023-09-12
sh.688006,2021-08-30,2021-10-20
sh.600422,2022-01-12,2022-03-02
sz.002650,2024-03-29,2024-05-20
sz.002306,2022-04-12,2022-05-27
sz.000980,2022-12-12,2023-01-31
sz.300536,2022-03-21,2022-05-09
sz.002865,2022-01-04,2022-02-22
sz.000820,2024-05-30,2024-07-12
sh.688013,2024-01-17,2024-03-07
sz.002145,2023-09-13,2023-11-02
sz.300917,2024-05-23,2024-07-05
sh.600638,2021-01-15,2021-03-05
sh.603215,2023-07-07,2023-08-18
sz.300720,2021-07-14,2021-08-25
sz.002376,2024-01-22,2024-03-12
sz.002107,2022-12-13,2023-02-01
sh.688148,2021-09-09,2021-11-01
sz.000062,2024-09-10,2024-10-31
sz.002567,2022-04-15,2022-06-01
sh.603326,2023-09-15,2023-11-06
sh.600201,2024-05-27,2024-07-09
sz.000620,2023-04-26,2023-06-13
sh.688575,2022-12-07,2023-01-19
sh.603226,2024-05-17,2024-07-01
sh.600965,2022-01-19,2022-03-09
sh.600989,2021-02-24,2021-04-08
sh.603662,2022-03-03,2022-04-18
sz.000520,2024-06-13,2024-07-25
sz.301030,2022-12-08,2023-01-20
sz.002031,2024-03-29,2024-05-17
sz.300310,2022-03-30,2022-05-18
sh.688195,2022-09-19,2022-11-07
sh.603602,2022-04-21,2022-06-08
sz.300708,2022-04-11,2022-05-26
sz.301089,2024-01-17,2024-03-07
sh.603977,2021-09-09,2021-11-01
sz.000678,2024-01-22,2024-03-12
sh.603825,2023-12-21,2024-02-02
sh.600693,2024-01-25,2024-03-15
sh.600249,2024-01-24,2024-03-14
sz.300126,2024-01-10,2024-02-29
sh.601908,2021-01-06,2021-02-24
sz.301030,2024-11-04,2024-12-16
sh.601179,2021-09-24,2021-11-12
sz.000070,2024-01-29,2024-03-19
sz.300594,2024-01-30,2024-03-20
sh.600864,2022-04-13,2022-05-30
sh.603693,2021-12-29,2022-02-17
sh.688028,2022-08-18,2022-09-30
sz.300558,2022-01-17,2022-03-07
sz.002734,2022-04-14,2022-05-31
sz.002304,2021-02-10,2021-03-31
sz.002136,2024-01-18,2024-03-08
sh.603595,2024-01-23,2024-03-13
sz.300822,2024-01-19,2024-03-11
sh.603007,2024-01-19,2024-03-11
sz.002691,2024-01-26,2024-03-18
sz.300713,2022-03-01,2022-04-14
sh.688169,2022-06-24,2022-08-05
sz.301131,2024-04-03,2024-05-22
sz.002564,2021-09-17,2021-11-09
sz.300721,2021-01-18,2021-03-08
sh.600319,2024-01-09,2024-02-28
sz.002800,2022-03-07,2022-04-20
sz.301596,2024-05-24,2024-07-08
sh.603186,2021-08-12,2021-09-27
sh.601121,2023-03-20,2023-05-05
sh.601086,2022-04-25,2022-06-10
sh.688366,2021-02-25,2021-04-09
sh.603882,2024-05-23,2024-07-05
sh.688607,2022-08-12,2022-09-26
sh.688579,2024-01-18,2024-03-08
sz.002865,2024-03-29,2024-05-17
sh.603729,2023-12-28,2024-02-19
sz.000048,2023-09-22,2023-11-13
sz.300810,2024-03-28,2024-05-16
sh.688373,2024-03-29,2024-05-17
sz.002122,2023-04-13,2023-05-30
sh.600789,2024-08-06,2024-09-19
sz.002049,2023-04-07,2023-05-24
sh.603351,2022-04-07,2022-05-24
sz.000534,2021-09-13,2021-11-03
sh.605588,2021-10-19,2021-11-30
sz.000545,2024-04-10,2024-05-27
sz.300031,2021-11-22,2022-01-04
sh.688050,2021-02-18,2021-04-01
sh.603101,2023-10-30,2023-12-11
sz.000576,2024-04-02,2024-05-21
sz.300329,2024-01-24,2024-03-14
sz.300346,2021-07-30,2021-09-10
sz.002290,2022-12-14,2023-02-02
sh.603489,2023-07-11,2023-08-22
sh.600123,2024-04-15,2024-05-30
sh.603511,2021-07-15,2021-08-26
sh.688063,2023-03-08,2023-04-20
sz.002130,2022-03-01,2022-04-14
sz.300556,2022-04-01,2022-05-20
sz.300648,2022-09-06,2022-10-26
sz.000595,2022-09-01,2022-10-21
sz.002112,2023-03-07,2023-04-19
sz.300100,2024-01-11,2024-03-01
sh.600984,2021-03-22,2021-05-07
sz.002987,2024-01-19,2024-03-11
sz.301235,2022-03-28,2022-05-16
sz.002296,2024-07-09,2024-08-20
sz.300394,2023-08-07,2023-09-18
sz.301130,2022-03-11,2022-04-26
sz.300265,2021-08-16,2021-09-29
sz.301237,2022-03-30,2022-05-18
sh.600745,2021-04-22,2021-06-08
sh.688163,2022-03-21,2022-05-09
sz.002205,2023-04-11,2023-05-26
sz.301079,2024-04-12,2024-05-29
sh.688163,2022-04-06,2022-05-23
sz.300703,2021-12-23,2022-02-17
sh.600463,2022-04-08,2022-05-25
sh.600589,2023-10-13,2023-11-24
sz.300182,2023-12-13,2024-01-25
sh.688173,2022-09-20,2022-11-08
sz.300219,2024-01-17,2024-03-07
sh.603789,2024-03-29,2024-05-17
sz.000698,2024-01-09,2024-02-28
sz.301068,2023-06-15,2023-07-31
sh.601100,2021-04-21,2021-06-07
sz.002682,2024-01-03,2024-02-22
sh.603099,2022-04-15,2022-06-01
sz.300684,2024-01-19,2024-03-11
sz.000503,2022-09-14,2022-11-02
sh.688658,2022-01-12,2022-03-02
sz.000888,2021-04-20,2021-06-04
sz.000838,2023-05-15,2023-06-28
sh.603787,2021-01-15,2021-03-05
sh.603876,2024-01-25,2024-03-15
sh.603992,2024-01-24,2024-03-14
sz.300601,2021-02-26,2021-04-12
sz.300937,2022-04-11,2022-05-26
sh.601928,2022-10-18,2022-11-29
sz.301618,2024-10-16,2024-11-27
sz.300570,2022-03-29,2022-05-17
sh.688700,2022-08-17,2022-09-29
sz.002451,2022-08-17,2022-09-29
sh.605389,2024-01-24,2024-03-14
sh.600630,2021-01-21,2021-03-11
sh.600071,2024-01-09,2024-02-28
sh.603518,2022-04-14,2022-05-31
sz.003011,2022-10-20,2022-12-01
sz.002945,2021-10-12,2021-11-23
sz.002446,2024-01-25,2024-03-15
sz.300189,2024-05-23,2024-07-05
sh.600312,2021-09-23,2021-11-11
sh.600310,2023-06-28,2023-08-09
sh.600136,2021-06-09,2021-07-22
sz.000561,2021-01-20,2021-03-10
sz.000715,2022-07-20,2022-08-31
sz.300318,2021-01-20,2021-03-10
sh.605088,2024-01-09,2024-02-28
sz.000922,2022-03-02,2022-04-15
sh.688521,2021-03-04,2021-04-16
sz.300568,2022-03-30,2022-05-18
sh.688719,2024-03-18,2024-05-06
sz.300552,2023-04-18,2023-06-02
sz.300928,2021-08-17,2021-09-30
sz.300903,2023-04-21,2023-06-07
sh.688519,2022-08-16,2022-09-28
sh.603301,2022-01-20,2022-03-10
sz.300530,2024-05-23,2024-07-05
sz.301042,2023-11-24,2024-01-08
sz.300149,2023-04-17,2023-06-01
sz.001316,2024-01-26,2024-03-18
sh.600821,2022-03-24,2022-05-12
sz.002598,2022-08-18,2022-09-30
sh.603889,2021-09-09,2021-11-01
sz.000626,2024-05-27,2024-07-09
sh.605286,2024-01-19,2024-03-11
sh.603010,2024-01-19,2024-03-11
sz.002022,2024-01-17,2024-03-07
sz.301040,2024-01-30,2024-03-20
sz.000566,2022-04-14,2022-05-31
sh.603236,2021-03-01,2021-04-13
sh.605389,2024-01-29,2024-03-19
sh.688039,2023-06-20,2023-08-03
sh.688282,2023-11-16,2023-12-28
sh.600854,2022-01-06,2022-02-24
sh.688052,2024-01-22,2024-03-12
sz.301027,2024-06-21,2024-08-02
sh.603097,2024-01-17,2024-03-07
sh.600800,2024-01-30,2024-03-20
sh.688409,2023-04-14,2023-05-31
sz.002952,2024-01-24,2024-03-14
sz.002607,2024-06-14,2024-07-26
sz.002815,2023-10-13,2023-11-24
sz.301183,2024-03-25,2024-05-13
sh.603006,2022-04-14,2022-05-31
sz.300368,2022-04-07,2022-05-24
sz.301036,2022-01-13,2022-03-03
sz.002184,2021-03-01,2021-04-13
sz.002616,2024-01-29,2024-03-19
sh.601933,2022-07-12,2022-08-23
sz.300936,2024-01-23,2024-03-13
sz.300889,2024-01-24,2024-03-14
sz.300552,2023-04-25,2023-06-09
sh.603759,2021-08-18,2021-10-08
sz.300380,2023-12-11,2024-01-23
sz.300268,2021-11-26,2022-01-10
sz.300671,2022-03-25,2022-05-13
sh.603917,2021-12-03,2022-01-17
sz.003038,2021-09-07,2021-10-28
sz.300158,2021-01-08,2021-02-26
sh.688333,2024-11-12,2024-12-24
sz.300990,2022-03-01,2022-04-14
sz.000826,2024-04-10,2024-05-27
sh.688349,2022-08-22,2022-10-11
sz.300418,2023-09-04,2023-10-24
sz.002397,2024-05-27,2024-07-09
sh.688630,2024-06-19,2024-07-31
sz.300901,2024-08-16,2024-10-08
sz.301047,2022-04-12,2022-05-27
sz.002533,2022-08-17,2022-09-29
sh.603185,2023-11-21,2024-01-03
sz.000338,2021-02-22,2021-04-06
sz.000863,2022-11-18,2022-12-30
sz.300601,2021-02-18,2021-04-01
sh.600722,2021-03-18,2021-04-30
sh.605305,2022-08-18,2022-09-30
sh.600448,2024-01-17,2024-03-07
sz.000534,2023-07-03,2023-08-14
sh.600738,2023-04-14,2023-05-31
sh.688093,2022-08-18,2022-09-30
sh.603915,2022-08-17,2022-09-29
sh.603039,2021-04-22,2021-06-08
sh.688270,2024-01-02,2024-02-21
sz.000536,2022-08-15,2022-09-27
sh.600853,2022-04-11,2022-05-26
sz.301015,2024-09-05,2024-10-28
sh.603703,2022-03-01,2022-04-14
sh.600571,2022-09-15,2022-11-03
sz.301510,2024-03-21,2024-05-09
sz.301248,2024-01-19,2024-03-11
sh.600316,2021-06-18,2021-07-30
sh.603926,2022-04-14,2022-05-31
sz.000886,2024-05-22,2024-07-04
sz.000597,2022-12-20,2023-02-08
sh.600189,2023-09-15,2023-11-06
sz.300724,2021-01-22,2021-03-12
sz.301081,2024-01-19,2024-03-11
sh.600322,2022-04-14,2022-05-31
sh.600839,2024-11-05,2024-12-17
sz.300025,2024-01-19,2024-03-11
sz.300768,2022-09-19,2022-11-07
sh.605136,2021-07-12,2021-08-23
sz.300139,2024-01-19,2024-03-11
sz.300031,2023-04-03,2023-05-19
sz.300943,2021-04-16,2021-06-02
sz.301279,2024-06-27,2024-08-08
sh.600990,2024-11-11,2024-12-23
sh.600160,2023-04-20,2023-06-06
sz.300970,2022-03-29,2022-05-17
sh.688226,2024-01-25,2024-03-15
sz.002165,2022-09-13,2022-11-01
sz.300471,2021-02-24,2021-04-08
sz.000510,2022-09-22,2022-11-10
sh.603008,2024-01-19,2024-03-11
sh.688433,2024-01-15,2024-03-05
sz.300883,2022-01-13,2022-03-03
sh.605055,2024-01-26,2024-03-18
sz.000629,2023-04-13,2023-05-30
sh.605319,2024-01-23,2024-03-13
sz.300346,2021-08-02,2021-09-13
sz.001366,2024-01-30,2024-03-20
sz.300199,2023-08-10,2023-09-21
sz.300648,2022-01-14,2022-03-04
sz.000008,2024-03-14,2024-04-29
sh.605122,2024-01-24,2024-03-14
sh.688327,2024-04-02,2024-05-21
sz.002608,2021-01-13,2021-03-03
sh.688205,2022-08-22,2022-10-11
sz.300426,2024-08-15,2024-09-30
sz.300844,2024-05-23,2024-07-05
sz.300961,2023-04-21,2023-06-07
sh.603727,2022-04-14,2022-05-31
sh.688579,2024-03-21,2024-05-09
sz.301085,2024-03-21,2024-05-09
sz.000952,2022-04-12,2022-05-27
sz.300533,2023-07-07,2023-08-18
sh.600818,2024-01-24,2024-03-14
sz.301386,2023-07-17,2023-08-28
sh.600399,2022-01-06,2022-02-24
sz.002193,2021-11-23,2022-01-05
